{
  "transfersout": 0,
  "code": 37096,
  "eventtotal": 0,
  "lastseasonpoints": 0,
  "squadnumber": null,
  "transfersbalance": 0,
  "eventcost": 4.5,
  "indreamteam": false,
  "id": 1,
  "firstname": "Lukasz",
  "transfersoutevent": 0,
  "maxcost": 4.5,
  "eventexplain": [],
  "selected": 5633,
  "mincost": 4.5,
  "totalpoints": 13,
  "typename": "Goalkeeper",
  "teamname": "Arsenal",
  "status": "a",
  "added": "2013-07-15T13:21:12 UTC+0000",
  "form": 0,
  "currentfixture": "",
  "pointspergame": 0,
  "transfersin": 0,
  "news": "",
  "originalcost": 4.5,
  "eventpoints": 0,
  "fixturehistory": {
    "all": [],
    "summary": []
  },
  "nextfixture": "Aston Villa (H)",
  "transfersinevent": 0,
  "selectedby": "0.7",
  "teamid": 1,
  "secondname": "Fabianski",
  "name": "Fabianski",
  "cost": 4.5,
  

"seasonhistory": [
    [
      "2007/08",
      248,
      0,
      0,
      0,
      2,
      0,
      0,
      0,
      0,
      0,
      8,
      0,
      0,
      0,
      46,
      15
    ],
    [
      "2008/09",
      463,
      0,
      0,
      0,
      10,
      0,
      0,
      0,
      0,
      0,
      18,
      0,
      0,
      0,
      46,
      20
    ],
    [
      "2009/10",
      360,
      0,
      0,
      0,
      5,
      0,
      0,
      0,
      1,
      0,
      11,
      0,
      0,
      0,
      49,
      15
    ],
    [
      "2010/11",
      1260,
      0,
      1,
      5,
      14,
      0,
      0,
      0,
      0,
      0,
      33,
      2,
      0,
      0,
      45,
      55
    ],
    [
      "2011/12",
      0,
      0,
      0,
      0,
      0,
      0,
      0,
      0,
      0,
      0,
      0,
      0,
      0,
      0,
      53,
      0
    ],
    [
      "2012/13",
      360,
      0,
      0,
      1,
      3,
      0,
      0,
      0,
      0,
      0,
      7,
      0,
      57,
      0,
      42,
      13
    ]
  ]
}