{
  "transfersout": 0,
  "code": 38411,
  "eventtotal": 0,
  "lastseasonpoints": 0,
  "squadnumber": null,
  "transfersbalance": 0,
  "eventcost": 5.5,
  "indreamteam": false,
  "id": 10,
  "firstname": "Nacho",
  "transfersoutevent": 0,
  "maxcost": 5.5,
  "eventexplain": [],
  "selected": 5788,
  "mincost": 5.5,
  "totalpoints": 50,
  "typename": "Defender",
  "teamname": "Arsenal",
  "status": "d",
  "added": "2013-07-15T13:21:12 UTC+0000",
  "form": 0,
  "currentfixture": "",
  "pointspergame": 0,
  "transfersin": 0,
  "news": "Back injury - 50% chance of playing",
  "originalcost": 5.5,
  "eventpoints": 0,
  "fixturehistory": {
    "all": [],
    "summary": []
  },
  "nextfixture": "Aston Villa (H)",
  "transfersinevent": 0,
  "selectedby": "0.7",
  "teamid": 1,
  "secondname": "Monreal",
  "name": "Monreal",
  "cost": 5.5,
  

"seasonhistory": [
    [
      "2012/13",
      791,
      1,
      1,
      5,
      5,
      0,
      0,
      0,
      2,
      0,
      0,
      5,
      145,
      0,
      51,
      50
    ]
  ]
}