{
  "transfersout": 0,
  "code": 47412,
  "eventtotal": 0,
  "lastseasonpoints": 0,
  "squadnumber": null,
  "transfersbalance": 0,
  "eventcost": 8.5,
  "indreamteam": false,
  "id": 100,
  "firstname": "Demba",
  "transfersoutevent": 0,
  "maxcost": 8.5,
  "eventexplain": [],
  "selected": 23723,
  "mincost": 8.5,
  "totalpoints": 153,
  "typename": "Forward",
  "teamname": "Chelsea",
  "status": "a",
  "added": "2013-07-15T13:21:13 UTC+0000",
  "form": 0,
  "currentfixture": "",
  "pointspergame": 0,
  "transfersin": 0,
  "news": "",
  "originalcost": 8.5,
  "eventpoints": 0,
  "fixturehistory": {
    "all": [],
    "summary": []
  },
  "nextfixture": "Hull City (H), Aston Villa (H)",
  "transfersinevent": 0,
  "selectedby": "3.1",
  "teamid": 4,
  "secondname": "Ba",
  "name": "Ba",
  "cost": 8.5,
  

"seasonhistory": [
    [
      "2010/11",
      933,
      7,
      0,
      2,
      21,
      0,
      0,
      0,
      1,
      0,
      0,
      8,
      0,
      0,
      49,
      57
    ],
    [
      "2011/12",
      2722,
      16,
      5,
      10,
      45,
      0,
      0,
      1,
      1,
      0,
      0,
      25,
      482,
      0,
      69,
      165
    ],
    [
      "2012/13",
      2531,
      15,
      4,
      8,
      43,
      1,
      0,
      0,
      0,
      0,
      0,
      22,
      404,
      0,
      78,
      153
    ]
  ]
}