{
  "transfersout": 0,
  "code": 66749,
  "eventtotal": 0,
  "lastseasonpoints": 0,
  "squadnumber": null,
  "transfersbalance": 0,
  "eventcost": 8,
  "indreamteam": false,
  "id": 101,
  "firstname": "Romelu",
  "transfersoutevent": 0,
  "maxcost": 8,
  "eventexplain": [],
  "selected": 172830,
  "mincost": 8,
  "totalpoints": 159,
  "typename": "Forward",
  "teamname": "Chelsea",
  "status": "a",
  "added": "2013-07-15T13:21:13 UTC+0000",
  "form": 0,
  "currentfixture": "",
  "pointspergame": 0,
  "transfersin": 0,
  "news": "",
  "originalcost": 8,
  "eventpoints": 0,
  "fixturehistory": {
    "all": [],
    "summary": []
  },
  "nextfixture": "Hull City (H), Aston Villa (H)",
  "transfersinevent": 0,
  "selectedby": "22.2",
  "teamid": 4,
  "secondname": "Lukaku",
  "name": "Lukaku",
  "cost": 8,
  

"seasonhistory": [
    [
      "2011/12",
      165,
      0,
      1,
      0,
      2,
      0,
      0,
      0,
      0,
      0,
      0,
      0,
      38,
      0,
      74,
      11
    ],
    [
      "2012/13",
      2005,
      17,
      7,
      3,
      40,
      0,
      0,
      1,
      3,
      0,
      0,
      21,
      462,
      0,
      66,
      159
    ]
  ]
}