{
  "transfersout": 0,
  "code": 11554,
  "eventtotal": 0,
  "lastseasonpoints": 0,
  "squadnumber": null,
  "transfersbalance": 0,
  "eventcost": 4.5,
  "indreamteam": false,
  "id": 102,
  "firstname": "Julian",
  "transfersoutevent": 0,
  "maxcost": 4.5,
  "eventexplain": [],
  "selected": 19775,
  "mincost": 4.5,
  "totalpoints": 0,
  "typename": "Goalkeeper",
  "teamname": "Crystal Palace",
  "status": "a",
  "added": "2013-07-15T13:21:13 UTC+0000",
  "form": 0,
  "currentfixture": "",
  "pointspergame": 0,
  "transfersin": 0,
  "news": "",
  "originalcost": 4.5,
  "eventpoints": 0,
  "fixturehistory": {
    "all": [],
    "summary": []
  },
  "nextfixture": "Tottenham (H)",
  "transfersinevent": 0,
  "selectedby": "2.5",
  "teamid": 5,
  "secondname": "Speroni",
  "name": "Speroni",
  "cost": 4.5,
  

"seasonhistory": []
}