{
  "transfersout": 0,
  "code": 16230,
  "eventtotal": 0,
  "lastseasonpoints": 0,
  "squadnumber": null,
  "transfersbalance": 0,
  "eventcost": 4,
  "indreamteam": false,
  "id": 103,
  "firstname": "Lewis",
  "transfersoutevent": 0,
  "maxcost": 4,
  "eventexplain": [],
  "selected": 10574,
  "mincost": 4,
  "totalpoints": 0,
  "typename": "Goalkeeper",
  "teamname": "Crystal Palace",
  "status": "a",
  "added": "2013-07-15T13:21:13 UTC+0000",
  "form": 0,
  "currentfixture": "",
  "pointspergame": 0,
  "transfersin": 0,
  "news": "",
  "originalcost": 4,
  "eventpoints": 0,
  "fixturehistory": {
    "all": [],
    "summary": []
  },
  "nextfixture": "Tottenham (H)",
  "transfersinevent": 0,
  "selectedby": "1.4",
  "teamid": 5,
  "secondname": "Price",
  "name": "Price",
  "cost": 4,
  

"seasonhistory": [
    [
      "2007/08",
      540,
      0,
      0,
      0,
      10,
      0,
      0,
      0,
      0,
      0,
      21,
      0,
      0,
      0,
      39,
      14
    ]
  ]
}