{
  "transfersout": 0,
  "code": 55494,
  "eventtotal": 0,
  "lastseasonpoints": 0,
  "squadnumber": null,
  "transfersbalance": 0,
  "eventcost": 4,
  "indreamteam": false,
  "id": 104,
  "firstname": "Joel",
  "transfersoutevent": 0,
  "maxcost": 4,
  "eventexplain": [],
  "selected": 19313,
  "mincost": 4,
  "totalpoints": 0,
  "typename": "Defender",
  "teamname": "Crystal Palace",
  "status": "a",
  "added": "2013-07-15T13:21:13 UTC+0000",
  "form": 0,
  "currentfixture": "",
  "pointspergame": 0,
  "transfersin": 0,
  "news": "",
  "originalcost": 4,
  "eventpoints": 0,
  "fixturehistory": {
    "all": [],
    "summary": []
  },
  "nextfixture": "Tottenham (H)",
  "transfersinevent": 0,
  "selectedby": "2.5",
  "teamid": 5,
  "secondname": "Ward",
  "name": "Ward",
  "cost": 4,
  

"seasonhistory": [
    [
      "2009/10",
      146,
      0,
      0,
      0,
      1,
      0,
      0,
      0,
      0,
      0,
      0,
      0,
      0,
      0,
      40,
      8
    ]
  ]
}