{
  "transfersout": 0,
  "code": 18146,
  "eventtotal": 0,
  "lastseasonpoints": 0,
  "squadnumber": null,
  "transfersbalance": 0,
  "eventcost": 4,
  "indreamteam": false,
  "id": 108,
  "firstname": "Peter",
  "transfersoutevent": 0,
  "maxcost": 4,
  "eventexplain": [],
  "selected": 7037,
  "mincost": 4,
  "totalpoints": 0,
  "typename": "Defender",
  "teamname": "Crystal Palace",
  "status": "a",
  "added": "2013-07-15T13:21:13 UTC+0000",
  "form": 0,
  "currentfixture": "",
  "pointspergame": 0,
  "transfersin": 0,
  "news": "",
  "originalcost": 4,
  "eventpoints": 0,
  "fixturehistory": {
    "all": [],
    "summary": []
  },
  "nextfixture": "Tottenham (H)",
  "transfersinevent": 0,
  "selectedby": "0.9",
  "teamid": 5,
  "secondname": "Ramage",
  "name": "Ramage",
  "cost": 4,
  

"seasonhistory": [
    [
      "2006/07",
      1706,
      0,
      1,
      0,
      26,
      0,
      0,
      0,
      2,
      0,
      0,
      4,
      0,
      0,
      45,
      48
    ],
    [
      "2007/08",
      58,
      0,
      1,
      0,
      1,
      0,
      0,
      0,
      0,
      0,
      0,
      0,
      0,
      0,
      41,
      6
    ],
    [
      "2011/12",
      0,
      0,
      0,
      0,
      0,
      0,
      0,
      0,
      0,
      0,
      0,
      0,
      0,
      0,
      40,
      0
    ]
  ]
}