{
  "transfersout": 0,
  "code": 1059,
  "eventtotal": 0,
  "lastseasonpoints": 0,
  "squadnumber": null,
  "transfersbalance": 0,
  "eventcost": 4,
  "indreamteam": false,
  "id": 109,
  "firstname": "Danny",
  "transfersoutevent": 0,
  "maxcost": 4,
  "eventexplain": [],
  "selected": 15413,
  "mincost": 4,
  "totalpoints": 0,
  "typename": "Defender",
  "teamname": "Crystal Palace",
  "status": "a",
  "added": "2013-07-15T13:21:13 UTC+0000",
  "form": 0,
  "currentfixture": "",
  "pointspergame": 0,
  "transfersin": 0,
  "news": "",
  "originalcost": 4,
  "eventpoints": 0,
  "fixturehistory": {
    "all": [],
    "summary": []
  },
  "nextfixture": "Tottenham (H)",
  "transfersinevent": 0,
  "selectedby": "2.0",
  "teamid": 5,
  "secondname": "Gabbidon",
  "name": "Gabbidon",
  "cost": 4,
  

"seasonhistory": [
    [
      "2006/07",
      1553,
      0,
      0,
      0,
      27,
      0,
      0,
      0,
      1,
      0,
      0,
      0,
      0,
      0,
      40,
      34
    ],
    [
      "2007/08",
      768,
      0,
      0,
      0,
      5,
      0,
      0,
      0,
      1,
      0,
      0,
      0,
      0,
      0,
      42,
      29
    ],
    [
      "2008/09",
      0,
      0,
      0,
      0,
      0,
      0,
      0,
      0,
      0,
      0,
      0,
      0,
      0,
      0,
      43,
      0
    ],
    [
      "2009/10",
      715,
      0,
      0,
      0,
      21,
      0,
      0,
      0,
      0,
      0,
      0,
      0,
      0,
      0,
      42,
      10
    ],
    [
      "2010/11",
      2180,
      0,
      0,
      3,
      42,
      0,
      0,
      0,
      3,
      0,
      0,
      0,
      0,
      0,
      45,
      46
    ],
    [
      "2011/12",
      1425,
      0,
      0,
      3,
      27,
      1,
      0,
      0,
      1,
      0,
      0,
      1,
      123,
      0,
      39,
      33
    ]
  ]
}