{
  "transfersout": 0,
  "code": 54102,
  "eventtotal": 0,
  "lastseasonpoints": 0,
  "squadnumber": null,
  "transfersbalance": 0,
  "eventcost": 6.5,
  "indreamteam": false,
  "id": 11,
  "firstname": "Jack",
  "transfersoutevent": 0,
  "maxcost": 6.5,
  "eventexplain": [],
  "selected": 69791,
  "mincost": 6.5,
  "totalpoints": 60,
  "typename": "Midfielder",
  "teamname": "Arsenal",
  "status": "a",
  "added": "2013-07-15T13:21:12 UTC+0000",
  "form": 0,
  "currentfixture": "",
  "pointspergame": 0,
  "transfersin": 0,
  "news": "",
  "originalcost": 6.5,
  "eventpoints": 0,
  "fixturehistory": {
    "all": [],
    "summary": []
  },
  "nextfixture": "Aston Villa (H)",
  "transfersinevent": 0,
  "selectedby": "9.0",
  "teamid": 1,
  "secondname": "Wilshere",
  "name": "Wilshere",
  "cost": 6.5,
  

"seasonhistory": [
    [
      "2008/09",
      7,
      0,
      0,
      0,
      0,
      0,
      0,
      0,
      0,
      0,
      0,
      0,
      0,
      0,
      48,
      1
    ],
    [
      "2009/10",
      1085,
      1,
      1,
      0,
      18,
      0,
      0,
      0,
      3,
      0,
      0,
      0,
      0,
      0,
      43,
      36
    ],
    [
      "2010/11",
      2640,
      1,
      3,
      12,
      30,
      0,
      0,
      0,
      7,
      1,
      0,
      14,
      0,
      0,
      49,
      93
    ],
    [
      "2011/12",
      0,
      0,
      0,
      0,
      0,
      0,
      0,
      0,
      0,
      0,
      0,
      0,
      0,
      0,
      62,
      0
    ],
    [
      "2012/13",
      1695,
      0,
      5,
      6,
      22,
      0,
      0,
      0,
      3,
      1,
      0,
      2,
      287,
      0,
      59,
      60
    ]
  ]
}