{
  "transfersout": 0,
  "code": 62023,
  "eventtotal": 0,
  "lastseasonpoints": 0,
  "squadnumber": null,
  "transfersbalance": 0,
  "eventcost": 4,
  "indreamteam": false,
  "id": 110,
  "firstname": "Jonathan",
  "transfersoutevent": 0,
  "maxcost": 4,
  "eventexplain": [],
  "selected": 13070,
  "mincost": 4,
  "totalpoints": 0,
  "typename": "Defender",
  "teamname": "Crystal Palace",
  "status": "a",
  "added": "2013-07-15T13:21:13 UTC+0000",
  "form": 0,
  "currentfixture": "",
  "pointspergame": 0,
  "transfersin": 0,
  "news": "",
  "originalcost": 4,
  "eventpoints": 0,
  "fixturehistory": {
    "all": [],
    "summary": []
  },
  "nextfixture": "Tottenham (H)",
  "transfersinevent": 0,
  "selectedby": "1.7",
  "teamid": 5,
  "secondname": "Parr",
  "name": "Parr",
  "cost": 4,
  

"seasonhistory": []
}