{
  "transfersout": 0,
  "code": 55452,
  "eventtotal": 0,
  "lastseasonpoints": 0,
  "squadnumber": null,
  "transfersbalance": 0,
  "eventcost": 5,
  "indreamteam": false,
  "id": 111,
  "firstname": "Yannick",
  "transfersoutevent": 0,
  "maxcost": 5,
  "eventexplain": [],
  "selected": 5785,
  "mincost": 5,
  "totalpoints": 0,
  "typename": "Midfielder",
  "teamname": "Crystal Palace",
  "status": "a",
  "added": "2013-07-15T13:21:13 UTC+0000",
  "form": 0,
  "currentfixture": "",
  "pointspergame": 0,
  "transfersin": 0,
  "news": "",
  "originalcost": 5,
  "eventpoints": 0,
  "fixturehistory": {
    "all": [],
    "summary": []
  },
  "nextfixture": "Tottenham (H)",
  "transfersinevent": 0,
  "selectedby": "0.7",
  "teamid": 5,
  "secondname": "Bolasie",
  "name": "Bolasie",
  "cost": 5,
  

"seasonhistory": []
}