{
  "transfersout": 0,
  "code": 46967,
  "eventtotal": 0,
  "lastseasonpoints": 0,
  "squadnumber": null,
  "transfersbalance": 0,
  "eventcost": 4.5,
  "indreamteam": false,
  "id": 112,
  "firstname": "Kagisho",
  "transfersoutevent": 0,
  "maxcost": 4.5,
  "eventexplain": [],
  "selected": 3312,
  "mincost": 4.5,
  "totalpoints": 0,
  "typename": "Midfielder",
  "teamname": "Crystal Palace",
  "status": "a",
  "added": "2013-07-15T13:21:13 UTC+0000",
  "form": 0,
  "currentfixture": "",
  "pointspergame": 0,
  "transfersin": 0,
  "news": "",
  "originalcost": 4.5,
  "eventpoints": 0,
  "fixturehistory": {
    "all": [],
    "summary": []
  },
  "nextfixture": "Tottenham (H)",
  "transfersinevent": 0,
  "selectedby": "0.4",
  "teamid": 5,
  "secondname": "Dikgacoi",
  "name": "Dikgacoi",
  "cost": 4.5,
  

"seasonhistory": [
    [
      "2009/10",
      592,
      0,
      0,
      0,
      14,
      0,
      0,
      0,
      1,
      1,
      0,
      0,
      0,
      0,
      45,
      12
    ],
    [
      "2010/11",
      5,
      0,
      0,
      0,
      0,
      0,
      0,
      0,
      0,
      0,
      0,
      0,
      0,
      0,
      45,
      1
    ]
  ]
}