{
  "transfersout": 0,
  "code": 12765,
  "eventtotal": 0,
  "lastseasonpoints": 0,
  "squadnumber": null,
  "transfersbalance": 0,
  "eventcost": 4.5,
  "indreamteam": false,
  "id": 117,
  "firstname": "Jerome",
  "transfersoutevent": 0,
  "maxcost": 4.5,
  "eventexplain": [],
  "selected": 18294,
  "mincost": 4.5,
  "totalpoints": 15,
  "typename": "Midfielder",
  "teamname": "Crystal Palace",
  "status": "a",
  "added": "2013-07-15T13:21:13 UTC+0000",
  "form": 0,
  "currentfixture": "",
  "pointspergame": 0,
  "transfersin": 0,
  "news": "",
  "originalcost": 4.5,
  "eventpoints": 0,
  "fixturehistory": {
    "all": [],
    "summary": []
  },
  "nextfixture": "Tottenham (H)",
  "transfersinevent": 0,
  "selectedby": "2.4",
  "teamid": 5,
  "secondname": "Thomas",
  "name": "Thomas",
  "cost": 4.5,
  

"seasonhistory": [
    [
      "2006/07",
      1360,
      3,
      3,
      0,
      13,
      0,
      0,
      0,
      0,
      0,
      0,
      4,
      0,
      0,
      52,
      70
    ],
    [
      "2008/09",
      72,
      0,
      0,
      0,
      1,
      0,
      0,
      0,
      1,
      0,
      0,
      0,
      0,
      0,
      50,
      2
    ],
    [
      "2010/11",
      2569,
      3,
      8,
      2,
      57,
      0,
      0,
      0,
      4,
      0,
      0,
      5,
      0,
      0,
      45,
      105
    ],
    [
      "2011/12",
      1984,
      1,
      2,
      9,
      26,
      0,
      0,
      0,
      4,
      0,
      0,
      1,
      231,
      0,
      54,
      69
    ],
    [
      "2012/13",
      406,
      0,
      0,
      1,
      8,
      0,
      0,
      0,
      0,
      0,
      0,
      0,
      22,
      0,
      51,
      15
    ]
  ]
}