{
  "transfersout": 0,
  "code": 20529,
  "eventtotal": 0,
  "lastseasonpoints": 0,
  "squadnumber": null,
  "transfersbalance": 0,
  "eventcost": 5.5,
  "indreamteam": false,
  "id": 118,
  "firstname": "Glenn",
  "transfersoutevent": 0,
  "maxcost": 5.5,
  "eventexplain": [],
  "selected": 5370,
  "mincost": 5.5,
  "totalpoints": 0,
  "typename": "Forward",
  "teamname": "Crystal Palace",
  "status": "i",
  "added": "2013-07-15T13:21:13 UTC+0000",
  "form": 0,
  "currentfixture": "",
  "pointspergame": 0,
  "transfersin": 0,
  "news": "Knee injury - Unknown return date",
  "originalcost": 5.5,
  "eventpoints": 0,
  "fixturehistory": {
    "all": [],
    "summary": []
  },
  "nextfixture": "Tottenham (H)",
  "transfersinevent": 0,
  "selectedby": "0.7",
  "teamid": 5,
  "secondname": "Murray",
  "name": "Murray",
  "cost": 5.5,
  

"seasonhistory": []
}