{
  "transfersout": 0,
  "code": 1409,
  "eventtotal": 0,
  "lastseasonpoints": 0,
  "squadnumber": null,
  "transfersbalance": 0,
  "eventcost": 4.5,
  "indreamteam": false,
  "id": 119,
  "firstname": "Aaron",
  "transfersoutevent": 0,
  "maxcost": 4.5,
  "eventexplain": [],
  "selected": 4633,
  "mincost": 4.5,
  "totalpoints": 0,
  "typename": "Forward",
  "teamname": "Crystal Palace",
  "status": "a",
  "added": "2013-07-15T13:21:13 UTC+0000",
  "form": 0,
  "currentfixture": "",
  "pointspergame": 0,
  "transfersin": 0,
  "news": "",
  "originalcost": 4.5,
  "eventpoints": 0,
  "fixturehistory": {
    "all": [],
    "summary": []
  },
  "nextfixture": "Tottenham (H)",
  "transfersinevent": 0,
  "selectedby": "0.6",
  "teamid": 5,
  "secondname": "Wilbraham",
  "name": "Wilbraham",
  "cost": 4.5,
  

"seasonhistory": [
    [
      "2011/12",
      314,
      1,
      2,
      0,
      5,
      0,
      0,
      0,
      1,
      0,
      0,
      0,
      66,
      0,
      45,
      22
    ]
  ]
}