{
  "transfersout": 0,
  "code": 20467,
  "eventtotal": 0,
  "lastseasonpoints": 0,
  "squadnumber": null,
  "transfersbalance": 0,
  "eventcost": 9.5,
  "indreamteam": false,
  "id": 12,
  "firstname": "Theo",
  "transfersoutevent": 0,
  "maxcost": 9.5,
  "eventexplain": [],
  "selected": 127074,
  "mincost": 9.5,
  "totalpoints": 194,
  "typename": "Midfielder",
  "teamname": "Arsenal",
  "status": "a",
  "added": "2013-07-15T13:21:12 UTC+0000",
  "form": 0,
  "currentfixture": "",
  "pointspergame": 0,
  "transfersin": 0,
  "news": "",
  "originalcost": 9.5,
  "eventpoints": 0,
  "fixturehistory": {
    "all": [],
    "summary": []
  },
  "nextfixture": "Aston Villa (H)",
  "transfersinevent": 0,
  "selectedby": "16.3",
  "teamid": 1,
  "secondname": "Walcott",
  "name": "Walcott",
  "cost": 9.5,
  

"seasonhistory": [
    [
      "2006/07",
      646,
      0,
      3,
      0,
      7,
      0,
      0,
      0,
      0,
      0,
      0,
      5,
      0,
      0,
      83,
      36
    ],
    [
      "2007/08",
      1260,
      4,
      3,
      0,
      12,
      0,
      0,
      0,
      0,
      0,
      0,
      4,
      0,
      0,
      71,
      65
    ],
    [
      "2008/09",
      1265,
      2,
      2,
      0,
      15,
      0,
      0,
      0,
      0,
      0,
      0,
      3,
      0,
      0,
      67,
      54
    ],
    [
      "2009/10",
      1129,
      3,
      2,
      0,
      9,
      0,
      0,
      0,
      0,
      0,
      0,
      5,
      0,
      0,
      77,
      65
    ],
    [
      "2010/11",
      1691,
      9,
      8,
      10,
      16,
      0,
      0,
      0,
      0,
      0,
      0,
      7,
      0,
      0,
      70,
      133
    ],
    [
      "2011/12",
      2728,
      8,
      11,
      12,
      33,
      0,
      0,
      0,
      1,
      0,
      0,
      19,
      547,
      0,
      90,
      169
    ],
    [
      "2012/13",
      2286,
      14,
      13,
      9,
      27,
      0,
      0,
      0,
      3,
      0,
      0,
      23,
      506,
      0,
      93,
      194
    ]
  ]
}