{
  "transfersout": 0,
  "code": 104547,
  "eventtotal": 0,
  "lastseasonpoints": 0,
  "squadnumber": null,
  "transfersbalance": 0,
  "eventcost": 5,
  "indreamteam": false,
  "id": 120,
  "firstname": "Dwight",
  "transfersoutevent": 0,
  "maxcost": 5,
  "eventexplain": [],
  "selected": 9511,
  "mincost": 5,
  "totalpoints": 0,
  "typename": "Forward",
  "teamname": "Crystal Palace",
  "status": "a",
  "added": "2013-07-15T13:21:13 UTC+0000",
  "form": 0,
  "currentfixture": "",
  "pointspergame": 0,
  "transfersin": 0,
  "news": "",
  "originalcost": 5,
  "eventpoints": 0,
  "fixturehistory": {
    "all": [],
    "summary": []
  },
  "nextfixture": "Tottenham (H)",
  "transfersinevent": 0,
  "selectedby": "1.2",
  "teamid": 5,
  "secondname": "Gayle",
  "name": "Gayle",
  "cost": 5,
  

"seasonhistory": []
}