{
  "transfersout": 0,
  "code": 15337,
  "eventtotal": 0,
  "lastseasonpoints": 0,
  "squadnumber": null,
  "transfersbalance": 0,
  "eventcost": 5.5,
  "indreamteam": false,
  "id": 121,
  "firstname": "Tim",
  "transfersoutevent": 0,
  "maxcost": 5.5,
  "eventexplain": [],
  "selected": 28337,
  "mincost": 5.5,
  "totalpoints": 117,
  "typename": "Goalkeeper",
  "teamname": "Everton",
  "status": "a",
  "added": "2013-07-15T13:21:13 UTC+0000",
  "form": 0,
  "currentfixture": "",
  "pointspergame": 0,
  "transfersin": 0,
  "news": "",
  "originalcost": 5.5,
  "eventpoints": 0,
  "fixturehistory": {
    "all": [],
    "summary": []
  },
  "nextfixture": "Norwich (A)",
  "transfersinevent": 0,
  "selectedby": "3.6",
  "teamid": 6,
  "secondname": "Howard",
  "name": "Howard",
  "cost": 5.5,
  

"seasonhistory": [
    [
      "2006/07",
      3240,
      0,
      0,
      0,
      29,
      0,
      1,
      0,
      1,
      0,
      138,
      3,
      0,
      0,
      55,
      164
    ],
    [
      "2007/08",
      3240,
      0,
      1,
      0,
      30,
      0,
      0,
      0,
      1,
      0,
      95,
      0,
      0,
      0,
      52,
      147
    ],
    [
      "2008/09",
      3420,
      0,
      0,
      0,
      37,
      0,
      0,
      0,
      0,
      0,
      116,
      0,
      0,
      0,
      52,
      159
    ],
    [
      "2009/10",
      3420,
      0,
      0,
      0,
      49,
      0,
      2,
      0,
      2,
      0,
      105,
      3,
      0,
      0,
      56,
      137
    ],
    [
      "2010/11",
      3420,
      0,
      0,
      9,
      45,
      0,
      0,
      0,
      3,
      0,
      108,
      3,
      0,
      0,
      53,
      124
    ],
    [
      "2011/12",
      3420,
      1,
      0,
      12,
      40,
      0,
      2,
      0,
      1,
      0,
      88,
      3,
      428,
      0,
      54,
      151
    ],
    [
      "2012/13",
      3240,
      0,
      0,
      10,
      39,
      1,
      0,
      0,
      0,
      0,
      98,
      0,
      409,
      0,
      53,
      117
    ]
  ]
}