{
  "transfersout": 0,
  "code": 78315,
  "eventtotal": 0,
  "lastseasonpoints": 0,
  "squadnumber": null,
  "transfersbalance": 0,
  "eventcost": 4.5,
  "indreamteam": false,
  "id": 123,
  "firstname": "Joel",
  "transfersoutevent": 0,
  "maxcost": 4.5,
  "eventexplain": [],
  "selected": 4794,
  "mincost": 4.5,
  "totalpoints": 22,
  "typename": "Goalkeeper",
  "teamname": "Everton",
  "status": "a",
  "added": "2013-07-15T13:21:13 UTC+0000",
  "form": 0,
  "currentfixture": "",
  "pointspergame": 0,
  "transfersin": 0,
  "news": "",
  "originalcost": 4.5,
  "eventpoints": 0,
  "fixturehistory": {
    "all": [],
    "summary": []
  },
  "nextfixture": "Norwich (A)",
  "transfersinevent": 0,
  "selectedby": "0.6",
  "teamid": 6,
  "secondname": "Robles",
  "name": "Robles",
  "cost": 4.5,
  

"seasonhistory": [
    [
      "2012/13",
      810,
      0,
      0,
      1,
      16,
      0,
      0,
      0,
      0,
      0,
      23,
      2,
      87,
      0,
      40,
      22
    ]
  ]
}