{
  "transfersout": 0,
  "code": 10466,
  "eventtotal": 0,
  "lastseasonpoints": 0,
  "squadnumber": null,
  "transfersbalance": 0,
  "eventcost": 5,
  "indreamteam": false,
  "id": 124,
  "firstname": "Johnny",
  "transfersoutevent": 0,
  "maxcost": 5,
  "eventexplain": [],
  "selected": 3829,
  "mincost": 5,
  "totalpoints": 48,
  "typename": "Defender",
  "teamname": "Everton",
  "status": "a",
  "added": "2013-07-15T13:21:13 UTC+0000",
  "form": 0,
  "currentfixture": "",
  "pointspergame": 0,
  "transfersin": 0,
  "news": "",
  "originalcost": 5,
  "eventpoints": 0,
  "fixturehistory": {
    "all": [],
    "summary": []
  },
  "nextfixture": "Norwich (A)",
  "transfersinevent": 0,
  "selectedby": "0.5",
  "teamid": 6,
  "secondname": "Heitinga",
  "name": "Heitinga",
  "cost": 5,
  

"seasonhistory": [
    [
      "2009/10",
      2591,
      0,
      4,
      0,
      32,
      0,
      0,
      0,
      8,
      0,
      0,
      11,
      0,
      0,
      65,
      101
    ],
    [
      "2010/11",
      1888,
      1,
      0,
      4,
      30,
      0,
      0,
      0,
      9,
      0,
      0,
      0,
      0,
      0,
      55,
      50
    ],
    [
      "2011/12",
      2538,
      1,
      1,
      12,
      23,
      1,
      0,
      0,
      4,
      0,
      0,
      11,
      411,
      0,
      52,
      115
    ],
    [
      "2012/13",
      1607,
      0,
      0,
      3,
      25,
      0,
      0,
      0,
      5,
      0,
      0,
      5,
      182,
      0,
      50,
      48
    ]
  ]
}