{
  "transfersout": 0,
  "code": 7645,
  "eventtotal": 0,
  "lastseasonpoints": 0,
  "squadnumber": null,
  "transfersbalance": 0,
  "eventcost": 5.5,
  "indreamteam": false,
  "id": 125,
  "firstname": "Phil",
  "transfersoutevent": 0,
  "maxcost": 5.5,
  "eventexplain": [],
  "selected": 131645,
  "mincost": 5.5,
  "totalpoints": 126,
  "typename": "Defender",
  "teamname": "Everton",
  "status": "a",
  "added": "2013-07-15T13:21:13 UTC+0000",
  "form": 0,
  "currentfixture": "",
  "pointspergame": 0,
  "transfersin": 0,
  "news": "",
  "originalcost": 5.5,
  "eventpoints": 0,
  "fixturehistory": {
    "all": [],
    "summary": []
  },
  "nextfixture": "Norwich (A)",
  "transfersinevent": 0,
  "selectedby": "16.9",
  "teamid": 6,
  "secondname": "Jagielka",
  "name": "Jagielka",
  "cost": 5.5,
  

"seasonhistory": [
    [
      "2006/07",
      3420,
      4,
      1,
      0,
      55,
      0,
      0,
      0,
      4,
      0,
      1,
      17,
      0,
      0,
      55,
      121
    ],
    [
      "2007/08",
      2654,
      1,
      4,
      0,
      24,
      0,
      0,
      0,
      2,
      0,
      0,
      7,
      0,
      0,
      54,
      128
    ],
    [
      "2008/09",
      2974,
      0,
      0,
      0,
      36,
      0,
      0,
      0,
      2,
      0,
      0,
      25,
      0,
      0,
      63,
      131
    ],
    [
      "2009/10",
      1035,
      0,
      0,
      0,
      10,
      1,
      0,
      0,
      0,
      0,
      0,
      6,
      0,
      0,
      57,
      45
    ],
    [
      "2010/11",
      2796,
      1,
      1,
      9,
      32,
      2,
      0,
      0,
      3,
      0,
      0,
      10,
      0,
      0,
      56,
      104
    ],
    [
      "2011/12",
      2570,
      2,
      2,
      9,
      31,
      0,
      0,
      0,
      2,
      0,
      0,
      6,
      350,
      0,
      54,
      107
    ],
    [
      "2012/13",
      3154,
      2,
      2,
      10,
      38,
      0,
      0,
      0,
      1,
      0,
      0,
      10,
      441,
      0,
      59,
      126
    ]
  ]
}