{
  "transfersout": 0,
  "code": 9007,
  "eventtotal": 0,
  "lastseasonpoints": 0,
  "squadnumber": null,
  "transfersbalance": 0,
  "eventcost": 4.5,
  "indreamteam": false,
  "id": 126,
  "firstname": "Tony",
  "transfersoutevent": 0,
  "maxcost": 4.5,
  "eventexplain": [],
  "selected": 1568,
  "mincost": 4.5,
  "totalpoints": 12,
  "typename": "Defender",
  "teamname": "Everton",
  "status": "a",
  "added": "2013-07-15T13:21:13 UTC+0000",
  "form": 0,
  "currentfixture": "",
  "pointspergame": 0,
  "transfersin": 0,
  "news": "",
  "originalcost": 4.5,
  "eventpoints": 0,
  "fixturehistory": {
    "all": [],
    "summary": []
  },
  "nextfixture": "Norwich (A)",
  "transfersinevent": 0,
  "selectedby": "0.2",
  "teamid": 6,
  "secondname": "Hibbert",
  "name": "Hibbert",
  "cost": 4.5,
  

"seasonhistory": [
    [
      "2006/07",
      1014,
      0,
      0,
      0,
      15,
      0,
      0,
      0,
      0,
      1,
      0,
      0,
      0,
      0,
      49,
      26
    ],
    [
      "2007/08",
      1926,
      0,
      1,
      0,
      24,
      0,
      0,
      0,
      3,
      1,
      0,
      3,
      0,
      0,
      42,
      61
    ],
    [
      "2008/09",
      1311,
      0,
      1,
      0,
      13,
      0,
      0,
      0,
      4,
      0,
      0,
      0,
      0,
      0,
      48,
      54
    ],
    [
      "2009/10",
      1478,
      0,
      1,
      0,
      24,
      1,
      0,
      0,
      1,
      0,
      0,
      3,
      0,
      0,
      49,
      41
    ],
    [
      "2010/11",
      1452,
      0,
      0,
      3,
      20,
      1,
      0,
      0,
      3,
      0,
      0,
      0,
      0,
      0,
      48,
      38
    ],
    [
      "2011/12",
      2752,
      0,
      5,
      9,
      34,
      1,
      0,
      0,
      1,
      0,
      0,
      8,
      405,
      0,
      49,
      110
    ],
    [
      "2012/13",
      433,
      0,
      0,
      1,
      6,
      0,
      0,
      0,
      1,
      0,
      0,
      0,
      49,
      0,
      50,
      12
    ]
  ]
}