{
  "transfersout": 0,
  "code": 12745,
  "eventtotal": 0,
  "lastseasonpoints": 0,
  "squadnumber": null,
  "transfersbalance": 0,
  "eventcost": 7.5,
  "indreamteam": false,
  "id": 127,
  "firstname": "Leighton",
  "transfersoutevent": 0,
  "maxcost": 7.5,
  "eventexplain": [],
  "selected": 182011,
  "mincost": 7.5,
  "totalpoints": 177,
  "typename": "Defender",
  "teamname": "Everton",
  "status": "a",
  "added": "2013-07-15T13:21:13 UTC+0000",
  "form": 0,
  "currentfixture": "",
  "pointspergame": 0,
  "transfersin": 0,
  "news": "",
  "originalcost": 7.5,
  "eventpoints": 0,
  "fixturehistory": {
    "all": [],
    "summary": []
  },
  "nextfixture": "Norwich (A)",
  "transfersinevent": 0,
  "selectedby": "23.4",
  "teamid": 6,
  "secondname": "Baines",
  "name": "Baines",
  "cost": 7.5,
  

"seasonhistory": [
    [
      "2006/07",
      3117,
      3,
      2,
      0,
      59,
      0,
      0,
      0,
      8,
      0,
      0,
      2,
      0,
      0,
      45,
      95
    ],
    [
      "2007/08",
      1140,
      0,
      1,
      0,
      12,
      0,
      0,
      0,
      1,
      0,
      0,
      7,
      0,
      0,
      43,
      56
    ],
    [
      "2008/09",
      2334,
      1,
      7,
      0,
      26,
      0,
      0,
      0,
      2,
      0,
      0,
      6,
      0,
      0,
      52,
      128
    ],
    [
      "2009/10",
      3330,
      1,
      9,
      0,
      46,
      0,
      0,
      0,
      2,
      0,
      0,
      4,
      0,
      0,
      66,
      138
    ],
    [
      "2010/11",
      3420,
      5,
      11,
      9,
      45,
      0,
      0,
      0,
      4,
      0,
      0,
      20,
      0,
      0,
      81,
      178
    ],
    [
      "2011/12",
      2970,
      4,
      2,
      9,
      35,
      0,
      0,
      0,
      7,
      0,
      0,
      18,
      440,
      0,
      77,
      134
    ],
    [
      "2012/13",
      3420,
      5,
      7,
      11,
      40,
      1,
      0,
      0,
      4,
      0,
      0,
      24,
      622,
      0,
      78,
      177
    ]
  ]
}