{
  "transfersout": 0,
  "code": 6219,
  "eventtotal": 0,
  "lastseasonpoints": 0,
  "squadnumber": null,
  "transfersbalance": 0,
  "eventcost": 5,
  "indreamteam": false,
  "id": 128,
  "firstname": "Sylvain",
  "transfersoutevent": 0,
  "maxcost": 5,
  "eventexplain": [],
  "selected": 35805,
  "mincost": 5,
  "totalpoints": 109,
  "typename": "Defender",
  "teamname": "Everton",
  "status": "a",
  "added": "2013-07-15T13:21:13 UTC+0000",
  "form": 0,
  "currentfixture": "",
  "pointspergame": 0,
  "transfersin": 0,
  "news": "",
  "originalcost": 5,
  "eventpoints": 0,
  "fixturehistory": {
    "all": [],
    "summary": []
  },
  "nextfixture": "Norwich (A)",
  "transfersinevent": 0,
  "selectedby": "4.6",
  "teamid": 6,
  "secondname": "Distin",
  "name": "Distin",
  "cost": 5,
  

"seasonhistory": [
    [
      "2006/07",
      3254,
      2,
      0,
      0,
      38,
      0,
      0,
      0,
      1,
      0,
      0,
      16,
      0,
      0,
      53,
      145
    ],
    [
      "2007/08",
      3195,
      0,
      1,
      0,
      39,
      0,
      0,
      0,
      4,
      0,
      0,
      16,
      0,
      0,
      56,
      133
    ],
    [
      "2008/09",
      3420,
      0,
      0,
      0,
      57,
      0,
      0,
      0,
      2,
      0,
      0,
      4,
      0,
      0,
      49,
      91
    ],
    [
      "2009/10",
      2859,
      0,
      1,
      0,
      39,
      0,
      0,
      0,
      2,
      0,
      0,
      3,
      0,
      0,
      48,
      92
    ],
    [
      "2010/11",
      3409,
      2,
      0,
      9,
      45,
      1,
      0,
      0,
      1,
      0,
      0,
      16,
      0,
      0,
      53,
      124
    ],
    [
      "2011/12",
      2219,
      0,
      1,
      7,
      31,
      0,
      0,
      0,
      4,
      0,
      0,
      3,
      260,
      0,
      51,
      71
    ],
    [
      "2012/13",
      2838,
      0,
      2,
      10,
      31,
      0,
      0,
      0,
      2,
      0,
      0,
      8,
      362,
      0,
      54,
      109
    ]
  ]
}