{
  "transfersout": 0,
  "code": 61933,
  "eventtotal": 0,
  "lastseasonpoints": 0,
  "squadnumber": null,
  "transfersbalance": 0,
  "eventcost": 4,
  "indreamteam": false,
  "id": 129,
  "firstname": "Shane",
  "transfersoutevent": 0,
  "maxcost": 4,
  "eventexplain": [],
  "selected": 4139,
  "mincost": 4,
  "totalpoints": 1,
  "typename": "Defender",
  "teamname": "Everton",
  "status": "a",
  "added": "2013-07-15T13:21:13 UTC+0000",
  "form": 0,
  "currentfixture": "",
  "pointspergame": 0,
  "transfersin": 0,
  "news": "",
  "originalcost": 4,
  "eventpoints": 0,
  "fixturehistory": {
    "all": [],
    "summary": []
  },
  "nextfixture": "Norwich (A)",
  "transfersinevent": 0,
  "selectedby": "0.5",
  "teamid": 6,
  "secondname": "Duffy",
  "name": "Duffy",
  "cost": 4,
  

"seasonhistory": [
    [
      "2009/10",
      0,
      0,
      0,
      0,
      0,
      0,
      0,
      0,
      0,
      0,
      0,
      0,
      0,
      0,
      44,
      0
    ],
    [
      "2010/11",
      0,
      0,
      0,
      0,
      0,
      0,
      0,
      0,
      0,
      0,
      0,
      0,
      0,
      0,
      45,
      0
    ],
    [
      "2011/12",
      213,
      0,
      0,
      0,
      3,
      0,
      0,
      0,
      0,
      0,
      0,
      0,
      6,
      0,
      47,
      6
    ],
    [
      "2012/13",
      1,
      0,
      0,
      0,
      0,
      0,
      0,
      0,
      0,
      0,
      0,
      0,
      0,
      0,
      42,
      1
    ]
  ]
}