{
  "transfersout": 0,
  "code": 41792,
  "eventtotal": 0,
  "lastseasonpoints": 0,
  "squadnumber": null,
  "transfersbalance": 0,
  "eventcost": 5.5,
  "indreamteam": false,
  "id": 13,
  "firstname": "Aaron",
  "transfersoutevent": 0,
  "maxcost": 5.5,
  "eventexplain": [],
  "selected": 15278,
  "mincost": 5.5,
  "totalpoints": 83,
  "typename": "Midfielder",
  "teamname": "Arsenal",
  "status": "a",
  "added": "2013-07-15T13:21:12 UTC+0000",
  "form": 0,
  "currentfixture": "",
  "pointspergame": 0,
  "transfersin": 0,
  "news": "",
  "originalcost": 5.5,
  "eventpoints": 0,
  "fixturehistory": {
    "all": [],
    "summary": []
  },
  "nextfixture": "Aston Villa (H)",
  "transfersinevent": 0,
  "selectedby": "2.0",
  "teamid": 1,
  "secondname": "Ramsey",
  "name": "Ramsey",
  "cost": 5.5,
  

"seasonhistory": [
    [
      "2008/09",
      230,
      0,
      1,
      0,
      3,
      0,
      0,
      0,
      1,
      0,
      0,
      0,
      0,
      0,
      47,
      13
    ],
    [
      "2009/10",
      786,
      3,
      3,
      0,
      5,
      0,
      0,
      0,
      0,
      0,
      0,
      6,
      0,
      0,
      43,
      56
    ],
    [
      "2010/11",
      355,
      1,
      0,
      1,
      8,
      0,
      0,
      0,
      1,
      0,
      0,
      3,
      0,
      0,
      60,
      18
    ],
    [
      "2011/12",
      2464,
      2,
      6,
      13,
      34,
      1,
      0,
      0,
      3,
      0,
      0,
      7,
      312,
      0,
      60,
      105
    ],
    [
      "2012/13",
      2096,
      1,
      5,
      7,
      19,
      0,
      0,
      0,
      5,
      0,
      0,
      5,
      312,
      0,
      54,
      83
    ]
  ]
}