{
  "transfersout": 0,
  "code": 59949,
  "eventtotal": 0,
  "lastseasonpoints": 0,
  "squadnumber": null,
  "transfersbalance": 0,
  "eventcost": 5,
  "indreamteam": false,
  "id": 130,
  "firstname": "Seamus",
  "transfersoutevent": 0,
  "maxcost": 5,
  "eventexplain": [],
  "selected": 40716,
  "mincost": 5,
  "totalpoints": 74,
  "typename": "Defender",
  "teamname": "Everton",
  "status": "a",
  "added": "2013-07-15T13:21:13 UTC+0000",
  "form": 0,
  "currentfixture": "",
  "pointspergame": 0,
  "transfersin": 0,
  "news": "",
  "originalcost": 5,
  "eventpoints": 0,
  "fixturehistory": {
    "all": [],
    "summary": []
  },
  "nextfixture": "Norwich (A)",
  "transfersinevent": 0,
  "selectedby": "5.2",
  "teamid": 6,
  "secondname": "Coleman",
  "name": "Coleman",
  "cost": 5,
  

"seasonhistory": [
    [
      "2009/10",
      108,
      0,
      1,
      0,
      3,
      0,
      0,
      0,
      0,
      0,
      0,
      1,
      0,
      0,
      45,
      7
    ],
    [
      "2010/11",
      2256,
      4,
      4,
      7,
      27,
      0,
      0,
      0,
      4,
      1,
      0,
      8,
      0,
      0,
      52,
      116
    ],
    [
      "2011/12",
      1127,
      0,
      0,
      2,
      14,
      0,
      0,
      0,
      2,
      0,
      0,
      0,
      117,
      0,
      70,
      30
    ],
    [
      "2012/13",
      2165,
      0,
      5,
      9,
      22,
      0,
      0,
      0,
      4,
      0,
      0,
      5,
      339,
      0,
      46,
      74
    ]
  ]
}