{
  "transfersout": 0,
  "code": 43035,
  "eventtotal": 0,
  "lastseasonpoints": 0,
  "squadnumber": null,
  "transfersbalance": 0,
  "eventcost": 4.5,
  "indreamteam": false,
  "id": 131,
  "firstname": "Antolin",
  "transfersoutevent": 0,
  "maxcost": 4.5,
  "eventexplain": [],
  "selected": 10437,
  "mincost": 4.5,
  "totalpoints": 20,
  "typename": "Defender",
  "teamname": "Everton",
  "status": "a",
  "added": "2013-07-15T13:21:13 UTC+0000",
  "form": 0,
  "currentfixture": "",
  "pointspergame": 0,
  "transfersin": 0,
  "news": "",
  "originalcost": 4.5,
  "eventpoints": 0,
  "fixturehistory": {
    "all": [],
    "summary": []
  },
  "nextfixture": "Norwich (A)",
  "transfersinevent": 0,
  "selectedby": "1.3",
  "teamid": 6,
  "secondname": "Alcaraz",
  "name": "Alcaraz",
  "cost": 4.5,
  

"seasonhistory": [
    [
      "2010/11",
      3028,
      1,
      1,
      7,
      51,
      0,
      0,
      0,
      6,
      1,
      0,
      10,
      0,
      0,
      43,
      87
    ],
    [
      "2011/12",
      2172,
      2,
      0,
      6,
      34,
      0,
      0,
      0,
      5,
      0,
      0,
      5,
      252,
      0,
      43,
      74
    ],
    [
      "2012/13",
      692,
      0,
      0,
      2,
      9,
      0,
      0,
      0,
      2,
      0,
      0,
      0,
      82,
      0,
      42,
      20
    ]
  ]
}