{
  "transfersout": 0,
  "code": 8378,
  "eventtotal": 0,
  "lastseasonpoints": 0,
  "squadnumber": null,
  "transfersbalance": 0,
  "eventcost": 6.5,
  "indreamteam": false,
  "id": 132,
  "firstname": "Leon",
  "transfersoutevent": 0,
  "maxcost": 6.5,
  "eventexplain": [],
  "selected": 15884,
  "mincost": 6.5,
  "totalpoints": 122,
  "typename": "Midfielder",
  "teamname": "Everton",
  "status": "a",
  "added": "2013-07-15T13:21:13 UTC+0000",
  "form": 0,
  "currentfixture": "",
  "pointspergame": 0,
  "transfersin": 0,
  "news": "",
  "originalcost": 6.5,
  "eventpoints": 0,
  "fixturehistory": {
    "all": [],
    "summary": []
  },
  "nextfixture": "Norwich (A)",
  "transfersinevent": 0,
  "selectedby": "2.0",
  "teamid": 6,
  "secondname": "Osman",
  "name": "Osman",
  "cost": 6.5,
  

"seasonhistory": [
    [
      "2006/07",
      2808,
      3,
      4,
      0,
      28,
      0,
      0,
      0,
      5,
      0,
      0,
      6,
      0,
      0,
      62,
      104
    ],
    [
      "2007/08",
      2313,
      4,
      2,
      0,
      21,
      0,
      0,
      0,
      0,
      0,
      0,
      13,
      0,
      0,
      56,
      103
    ],
    [
      "2008/09",
      2901,
      6,
      4,
      0,
      35,
      0,
      0,
      0,
      3,
      0,
      0,
      7,
      0,
      0,
      59,
      126
    ],
    [
      "2009/10",
      1978,
      2,
      1,
      0,
      23,
      0,
      0,
      0,
      3,
      0,
      0,
      1,
      0,
      0,
      66,
      68
    ],
    [
      "2010/11",
      1811,
      4,
      6,
      5,
      23,
      0,
      0,
      0,
      4,
      0,
      0,
      8,
      0,
      0,
      56,
      91
    ],
    [
      "2011/12",
      2369,
      4,
      4,
      10,
      24,
      0,
      0,
      0,
      3,
      0,
      0,
      18,
      349,
      0,
      66,
      113
    ],
    [
      "2012/13",
      3176,
      5,
      3,
      11,
      37,
      0,
      0,
      0,
      9,
      0,
      0,
      14,
      461,
      0,
      62,
      122
    ]
  ]
}