{
  "transfersout": 0,
  "code": 41184,
  "eventtotal": 0,
  "lastseasonpoints": 0,
  "squadnumber": null,
  "transfersbalance": 0,
  "eventcost": 8.5,
  "indreamteam": false,
  "id": 133,
  "firstname": "Marouane",
  "transfersoutevent": 0,
  "maxcost": 8.5,
  "eventexplain": [],
  "selected": 91795,
  "mincost": 8.5,
  "totalpoints": 168,
  "typename": "Midfielder",
  "teamname": "Everton",
  "status": "a",
  "added": "2013-07-15T13:21:13 UTC+0000",
  "form": 0,
  "currentfixture": "",
  "pointspergame": 0,
  "transfersin": 0,
  "news": "",
  "originalcost": 8.5,
  "eventpoints": 0,
  "fixturehistory": {
    "all": [],
    "summary": []
  },
  "nextfixture": "Norwich (A)",
  "transfersinevent": 0,
  "selectedby": "11.8",
  "teamid": 6,
  "secondname": "Fellaini",
  "name": "Fellaini",
  "cost": 8.5,
  

"seasonhistory": [
    [
      "2008/09",
      2385,
      8,
      3,
      0,
      27,
      0,
      0,
      0,
      12,
      0,
      0,
      7,
      0,
      0,
      67,
      111
    ],
    [
      "2009/10",
      1762,
      2,
      3,
      0,
      28,
      0,
      0,
      0,
      6,
      0,
      0,
      11,
      0,
      0,
      63,
      72
    ],
    [
      "2010/11",
      1652,
      1,
      3,
      3,
      24,
      0,
      0,
      0,
      3,
      1,
      0,
      7,
      0,
      0,
      59,
      56
    ],
    [
      "2011/12",
      2857,
      3,
      5,
      10,
      33,
      0,
      0,
      0,
      6,
      0,
      0,
      6,
      406,
      0,
      62,
      105
    ],
    [
      "2012/13",
      2784,
      11,
      7,
      10,
      32,
      0,
      0,
      0,
      8,
      0,
      0,
      28,
      533,
      0,
      73,
      168
    ]
  ]
}