{
  "transfersout": 0,
  "code": 27707,
  "eventtotal": 0,
  "lastseasonpoints": 0,
  "squadnumber": null,
  "transfersbalance": 0,
  "eventcost": 5,
  "indreamteam": false,
  "id": 134,
  "firstname": "Darron",
  "transfersoutevent": 0,
  "maxcost": 5,
  "eventexplain": [],
  "selected": 4276,
  "mincost": 5,
  "totalpoints": 57,
  "typename": "Midfielder",
  "teamname": "Everton",
  "status": "a",
  "added": "2013-07-15T13:21:13 UTC+0000",
  "form": 0,
  "currentfixture": "",
  "pointspergame": 0,
  "transfersin": 0,
  "news": "",
  "originalcost": 5,
  "eventpoints": 0,
  "fixturehistory": {
    "all": [],
    "summary": []
  },
  "nextfixture": "Norwich (A)",
  "transfersinevent": 0,
  "selectedby": "0.5",
  "teamid": 6,
  "secondname": "Gibson",
  "name": "Gibson",
  "cost": 5,
  

"seasonhistory": [
    [
      "2007/08",
      0,
      0,
      0,
      0,
      0,
      0,
      0,
      0,
      0,
      0,
      0,
      0,
      0,
      0,
      43,
      0
    ],
    [
      "2008/09",
      140,
      1,
      0,
      0,
      0,
      0,
      0,
      0,
      1,
      0,
      0,
      3,
      0,
      0,
      50,
      12
    ],
    [
      "2009/10",
      595,
      2,
      3,
      0,
      2,
      0,
      0,
      0,
      2,
      0,
      0,
      0,
      0,
      0,
      46,
      40
    ],
    [
      "2010/11",
      657,
      0,
      1,
      3,
      8,
      0,
      0,
      0,
      3,
      0,
      0,
      0,
      0,
      0,
      49,
      21
    ],
    [
      "2011/12",
      1015,
      1,
      2,
      5,
      10,
      0,
      0,
      0,
      3,
      0,
      0,
      3,
      156,
      0,
      51,
      39
    ],
    [
      "2012/13",
      1805,
      1,
      2,
      8,
      18,
      0,
      0,
      0,
      4,
      1,
      0,
      3,
      183,
      0,
      47,
      57
    ]
  ]
}