{
  "transfersout": 0,
  "code": 88894,
  "eventtotal": 0,
  "lastseasonpoints": 0,
  "squadnumber": null,
  "transfersbalance": 0,
  "eventcost": 4.5,
  "indreamteam": false,
  "id": 135,
  "firstname": "Ross",
  "transfersoutevent": 0,
  "maxcost": 4.5,
  "eventexplain": [],
  "selected": 6002,
  "mincost": 4.5,
  "totalpoints": 7,
  "typename": "Midfielder",
  "teamname": "Everton",
  "status": "a",
  "added": "2013-07-15T13:21:13 UTC+0000",
  "form": 0,
  "currentfixture": "",
  "pointspergame": 0,
  "transfersin": 0,
  "news": "",
  "originalcost": 4.5,
  "eventpoints": 0,
  "fixturehistory": {
    "all": [],
    "summary": []
  },
  "nextfixture": "Norwich (A)",
  "transfersinevent": 0,
  "selectedby": "0.8",
  "teamid": 6,
  "secondname": "Barkley",
  "name": "Barkley",
  "cost": 4.5,
  

"seasonhistory": [
    [
      "2010/11",
      0,
      0,
      0,
      0,
      0,
      0,
      0,
      0,
      0,
      0,
      0,
      0,
      0,
      0,
      50,
      0
    ],
    [
      "2011/12",
      216,
      0,
      0,
      0,
      2,
      0,
      0,
      0,
      0,
      0,
      0,
      0,
      17,
      0,
      46,
      7
    ],
    [
      "2012/13",
      209,
      0,
      0,
      1,
      1,
      0,
      0,
      0,
      2,
      0,
      0,
      0,
      14,
      0,
      41,
      7
    ]
  ]
}