{
  "transfersout": 0,
  "code": 7525,
  "eventtotal": 0,
  "lastseasonpoints": 0,
  "squadnumber": null,
  "transfersbalance": 0,
  "eventcost": 7,
  "indreamteam": false,
  "id": 136,
  "firstname": "Steven",
  "transfersoutevent": 0,
  "maxcost": 7,
  "eventexplain": [],
  "selected": 50518,
  "mincost": 7,
  "totalpoints": 141,
  "typename": "Midfielder",
  "teamname": "Everton",
  "status": "a",
  "added": "2013-07-15T13:21:13 UTC+0000",
  "form": 0,
  "currentfixture": "",
  "pointspergame": 0,
  "transfersin": 0,
  "news": "",
  "originalcost": 7,
  "eventpoints": 0,
  "fixturehistory": {
    "all": [],
    "summary": []
  },
  "nextfixture": "Norwich (A)",
  "transfersinevent": 0,
  "selectedby": "6.5",
  "teamid": 6,
  "secondname": "Pienaar",
  "name": "Pienaar",
  "cost": 7,
  

"seasonhistory": [
    [
      "2007/08",
      2080,
      2,
      6,
      0,
      22,
      0,
      0,
      0,
      6,
      0,
      0,
      8,
      0,
      0,
      46,
      90
    ],
    [
      "2008/09",
      2402,
      3,
      8,
      0,
      21,
      0,
      0,
      0,
      5,
      0,
      0,
      15,
      0,
      0,
      55,
      119
    ],
    [
      "2009/10",
      2658,
      4,
      4,
      0,
      38,
      0,
      0,
      0,
      8,
      1,
      0,
      27,
      0,
      0,
      66,
      116
    ],
    [
      "2010/11",
      2060,
      1,
      2,
      4,
      32,
      0,
      0,
      0,
      3,
      0,
      0,
      6,
      0,
      0,
      65,
      66
    ],
    [
      "2011/12",
      1254,
      4,
      7,
      6,
      15,
      0,
      0,
      0,
      6,
      0,
      0,
      12,
      296,
      0,
      73,
      83
    ],
    [
      "2012/13",
      3055,
      6,
      8,
      11,
      34,
      0,
      0,
      0,
      5,
      2,
      0,
      17,
      506,
      0,
      66,
      141
    ]
  ]
}