{
  "transfersout": 0,
  "code": 77762,
  "eventtotal": 0,
  "lastseasonpoints": 0,
  "squadnumber": null,
  "transfersbalance": 0,
  "eventcost": 4.5,
  "indreamteam": false,
  "id": 137,
  "firstname": "Bryan",
  "transfersoutevent": 0,
  "maxcost": 4.5,
  "eventexplain": [],
  "selected": 769,
  "mincost": 4.5,
  "totalpoints": 18,
  "typename": "Midfielder",
  "teamname": "Everton",
  "status": "a",
  "added": "2013-07-15T13:21:13 UTC+0000",
  "form": 0,
  "currentfixture": "",
  "pointspergame": 0,
  "transfersin": 0,
  "news": "",
  "originalcost": 4.5,
  "eventpoints": 0,
  "fixturehistory": {
    "all": [],
    "summary": []
  },
  "nextfixture": "Norwich (A)",
  "transfersinevent": 0,
  "selectedby": "0.1",
  "teamid": 6,
  "secondname": "Oviedo",
  "name": "Oviedo",
  "cost": 4.5,
  

"seasonhistory": [
    [
      "2012/13",
      242,
      0,
      1,
      0,
      3,
      0,
      0,
      0,
      1,
      0,
      0,
      0,
      20,
      0,
      48,
      18
    ]
  ]
}