{
  "transfersout": 0,
  "code": 26901,
  "eventtotal": 0,
  "lastseasonpoints": 0,
  "squadnumber": null,
  "transfersbalance": 0,
  "eventcost": 7.5,
  "indreamteam": false,
  "id": 138,
  "firstname": "Kevin",
  "transfersoutevent": 0,
  "maxcost": 7.5,
  "eventexplain": [],
  "selected": 36175,
  "mincost": 7.5,
  "totalpoints": 96,
  "typename": "Midfielder",
  "teamname": "Everton",
  "status": "a",
  "added": "2013-07-15T13:21:13 UTC+0000",
  "form": 0,
  "currentfixture": "",
  "pointspergame": 0,
  "transfersin": 0,
  "news": "",
  "originalcost": 7.5,
  "eventpoints": 0,
  "fixturehistory": {
    "all": [],
    "summary": []
  },
  "nextfixture": "Norwich (A)",
  "transfersinevent": 0,
  "selectedby": "4.6",
  "teamid": 6,
  "secondname": "Mirallas",
  "name": "Mirallas",
  "cost": 7.5,
  

"seasonhistory": [
    [
      "2012/13",
      1827,
      6,
      5,
      8,
      24,
      0,
      0,
      0,
      3,
      0,
      0,
      13,
      296,
      0,
      66,
      96
    ]
  ]
}