{
  "transfersout": 0,
  "code": 60865,
  "eventtotal": 0,
  "lastseasonpoints": 0,
  "squadnumber": null,
  "transfersbalance": 0,
  "eventcost": 4.5,
  "indreamteam": false,
  "id": 139,
  "firstname": "Apostolos",
  "transfersoutevent": 0,
  "maxcost": 4.5,
  "eventexplain": [],
  "selected": 1817,
  "mincost": 4.5,
  "totalpoints": 9,
  "typename": "Forward",
  "teamname": "Everton",
  "status": "a",
  "added": "2013-07-15T13:21:13 UTC+0000",
  "form": 0,
  "currentfixture": "",
  "pointspergame": 0,
  "transfersin": 0,
  "news": "",
  "originalcost": 4.5,
  "eventpoints": 0,
  "fixturehistory": {
    "all": [],
    "summary": []
  },
  "nextfixture": "Norwich (A)",
  "transfersinevent": 0,
  "selectedby": "0.2",
  "teamid": 6,
  "secondname": "Vellios",
  "name": "Vellios",
  "cost": 4.5,
  

"seasonhistory": [
    [
      "2010/11",
      35,
      0,
      0,
      0,
      0,
      0,
      0,
      0,
      0,
      0,
      0,
      0,
      0,
      0,
      45,
      3
    ],
    [
      "2011/12",
      259,
      3,
      0,
      0,
      3,
      0,
      0,
      0,
      1,
      0,
      0,
      2,
      78,
      0,
      44,
      27
    ],
    [
      "2012/13",
      61,
      0,
      1,
      0,
      0,
      0,
      0,
      0,
      0,
      0,
      0,
      0,
      7,
      0,
      47,
      9
    ]
  ]
}