{
  "transfersout": 0,
  "code": 8597,
  "eventtotal": 0,
  "lastseasonpoints": 0,
  "squadnumber": null,
  "transfersbalance": 0,
  "eventcost": 5.5,
  "indreamteam": false,
  "id": 14,
  "firstname": "Tomas",
  "transfersoutevent": 0,
  "maxcost": 5.5,
  "eventexplain": [],
  "selected": 3466,
  "mincost": 5.5,
  "totalpoints": 34,
  "typename": "Midfielder",
  "teamname": "Arsenal",
  "status": "a",
  "added": "2013-07-15T13:21:12 UTC+0000",
  "form": 0,
  "currentfixture": "",
  "pointspergame": 0,
  "transfersin": 0,
  "news": "",
  "originalcost": 5.5,
  "eventpoints": 0,
  "fixturehistory": {
    "all": [],
    "summary": []
  },
  "nextfixture": "Aston Villa (H)",
  "transfersinevent": 0,
  "selectedby": "0.4",
  "teamid": 1,
  "secondname": "Rosicky",
  "name": "Rosicky",
  "cost": 5.5,
  

"seasonhistory": [
    [
      "2006/07",
      1826,
      3,
      3,
      0,
      17,
      0,
      0,
      0,
      3,
      0,
      0,
      8,
      0,
      0,
      86,
      83
    ],
    [
      "2007/08",
      1334,
      6,
      2,
      0,
      9,
      0,
      0,
      0,
      1,
      0,
      0,
      9,
      0,
      0,
      76,
      84
    ],
    [
      "2008/09",
      0,
      0,
      0,
      0,
      0,
      0,
      0,
      0,
      0,
      0,
      0,
      0,
      0,
      0,
      72,
      0
    ],
    [
      "2009/10",
      1306,
      3,
      4,
      0,
      20,
      0,
      0,
      0,
      1,
      0,
      0,
      0,
      0,
      0,
      68,
      69
    ],
    [
      "2010/11",
      939,
      0,
      1,
      2,
      17,
      0,
      0,
      1,
      3,
      0,
      0,
      0,
      0,
      0,
      60,
      30
    ],
    [
      "2011/12",
      1762,
      1,
      4,
      5,
      32,
      0,
      0,
      0,
      4,
      0,
      0,
      2,
      265,
      0,
      58,
      66
    ],
    [
      "2012/13",
      610,
      2,
      1,
      3,
      6,
      0,
      0,
      0,
      2,
      0,
      0,
      3,
      146,
      0,
      57,
      34
    ]
  ]
}