{
  "transfersout": 0,
  "code": 57835,
  "eventtotal": 0,
  "lastseasonpoints": 0,
  "squadnumber": null,
  "transfersbalance": 0,
  "eventcost": 4.5,
  "indreamteam": false,
  "id": 140,
  "firstname": "Magaye",
  "transfersoutevent": 0,
  "maxcost": 4.5,
  "eventexplain": [],
  "selected": 757,
  "mincost": 4.5,
  "totalpoints": 2,
  "typename": "Forward",
  "teamname": "Everton",
  "status": "a",
  "added": "2013-07-15T13:21:13 UTC+0000",
  "form": 0,
  "currentfixture": "",
  "pointspergame": 0,
  "transfersin": 0,
  "news": "",
  "originalcost": 4.5,
  "eventpoints": 0,
  "fixturehistory": {
    "all": [],
    "summary": []
  },
  "nextfixture": "Norwich (A)",
  "transfersinevent": 0,
  "selectedby": "0.1",
  "teamid": 6,
  "secondname": "Gueye",
  "name": "Gueye",
  "cost": 4.5,
  

"seasonhistory": [
    [
      "2010/11",
      191,
      0,
      1,
      2,
      2,
      0,
      0,
      0,
      0,
      0,
      0,
      1,
      0,
      0,
      50,
      11
    ],
    [
      "2011/12",
      537,
      1,
      2,
      2,
      5,
      0,
      0,
      0,
      1,
      0,
      0,
      3,
      79,
      0,
      46,
      32
    ],
    [
      "2012/13",
      51,
      0,
      0,
      0,
      0,
      0,
      0,
      0,
      0,
      0,
      0,
      0,
      4,
      0,
      46,
      2
    ]
  ]
}