{
  "transfersout": 0,
  "code": 28593,
  "eventtotal": 0,
  "lastseasonpoints": 0,
  "squadnumber": null,
  "transfersbalance": 0,
  "eventcost": 5.5,
  "indreamteam": false,
  "id": 141,
  "firstname": "Victor",
  "transfersoutevent": 0,
  "maxcost": 5.5,
  "eventexplain": [],
  "selected": 21248,
  "mincost": 5.5,
  "totalpoints": 95,
  "typename": "Forward",
  "teamname": "Everton",
  "status": "a",
  "added": "2013-07-15T13:21:14 UTC+0000",
  "form": 0,
  "currentfixture": "",
  "pointspergame": 0,
  "transfersin": 0,
  "news": "",
  "originalcost": 5.5,
  "eventpoints": 0,
  "fixturehistory": {
    "all": [],
    "summary": []
  },
  "nextfixture": "Norwich (A)",
  "transfersinevent": 0,
  "selectedby": "2.7",
  "teamid": 6,
  "secondname": "Anichebe",
  "name": "Anichebe",
  "cost": 5.5,
  

"seasonhistory": [
    [
      "2006/07",
      628,
      3,
      3,
      0,
      7,
      0,
      0,
      0,
      6,
      0,
      0,
      0,
      0,
      0,
      51,
      38
    ],
    [
      "2007/08",
      1081,
      1,
      1,
      0,
      16,
      0,
      0,
      0,
      1,
      0,
      0,
      0,
      0,
      0,
      56,
      42
    ],
    [
      "2008/09",
      590,
      1,
      1,
      0,
      8,
      0,
      0,
      0,
      0,
      0,
      0,
      0,
      0,
      0,
      52,
      28
    ],
    [
      "2009/10",
      481,
      1,
      2,
      0,
      7,
      0,
      0,
      0,
      1,
      0,
      0,
      1,
      0,
      0,
      48,
      26
    ],
    [
      "2010/11",
      769,
      0,
      0,
      0,
      13,
      0,
      0,
      0,
      1,
      1,
      0,
      0,
      0,
      0,
      50,
      19
    ],
    [
      "2011/12",
      448,
      5,
      0,
      1,
      5,
      0,
      0,
      0,
      1,
      0,
      0,
      9,
      117,
      0,
      49,
      44
    ],
    [
      "2012/13",
      1716,
      6,
      6,
      10,
      18,
      0,
      0,
      0,
      2,
      0,
      0,
      12,
      291,
      0,
      43,
      95
    ]
  ]
}