{
  "transfersout": 0,
  "code": 62419,
  "eventtotal": 0,
  "lastseasonpoints": 0,
  "squadnumber": null,
  "transfersbalance": 0,
  "eventcost": 7.5,
  "indreamteam": false,
  "id": 142,
  "firstname": "Nikica",
  "transfersoutevent": 0,
  "maxcost": 7.5,
  "eventexplain": [],
  "selected": 17981,
  "mincost": 7.5,
  "totalpoints": 99,
  "typename": "Forward",
  "teamname": "Everton",
  "status": "a",
  "added": "2013-07-15T13:21:14 UTC+0000",
  "form": 0,
  "currentfixture": "",
  "pointspergame": 0,
  "transfersin": 0,
  "news": "",
  "originalcost": 7.5,
  "eventpoints": 0,
  "fixturehistory": {
    "all": [],
    "summary": []
  },
  "nextfixture": "Norwich (A)",
  "transfersinevent": 0,
  "selectedby": "2.3",
  "teamid": 6,
  "secondname": "Jelavic",
  "name": "Jelavic",
  "cost": 7.5,
  

"seasonhistory": [
    [
      "2011/12",
      954,
      9,
      0,
      5,
      11,
      0,
      0,
      0,
      1,
      0,
      0,
      11,
      218,
      0,
      63,
      69
    ],
    [
      "2012/13",
      2428,
      7,
      2,
      6,
      26,
      0,
      0,
      0,
      4,
      0,
      0,
      7,
      286,
      0,
      77,
      99
    ]
  ]
}