{
  "transfersout": 0,
  "code": 18981,
  "eventtotal": 0,
  "lastseasonpoints": 0,
  "squadnumber": null,
  "transfersbalance": 0,
  "eventcost": 5,
  "indreamteam": false,
  "id": 143,
  "firstname": "Steven",
  "transfersoutevent": 0,
  "maxcost": 5,
  "eventexplain": [],
  "selected": 16039,
  "mincost": 5,
  "totalpoints": 71,
  "typename": "Forward",
  "teamname": "Everton",
  "status": "a",
  "added": "2013-07-15T13:21:14 UTC+0000",
  "form": 0,
  "currentfixture": "",
  "pointspergame": 0,
  "transfersin": 0,
  "news": "",
  "originalcost": 5,
  "eventpoints": 0,
  "fixturehistory": {
    "all": [],
    "summary": []
  },
  "nextfixture": "Norwich (A)",
  "transfersinevent": 0,
  "selectedby": "2.1",
  "teamid": 6,
  "secondname": "Naismith",
  "name": "Naismith",
  "cost": 5,
  

"seasonhistory": [
    [
      "2012/13",
      1284,
      4,
      1,
      3,
      20,
      0,
      0,
      0,
      0,
      0,
      0,
      8,
      204,
      0,
      59,
      71
    ]
  ]
}