{
  "transfersout": 0,
  "code": 26921,
  "eventtotal": 0,
  "lastseasonpoints": 0,
  "squadnumber": null,
  "transfersbalance": 0,
  "eventcost": 7,
  "indreamteam": false,
  "id": 144,
  "firstname": "Arouna",
  "transfersoutevent": 0,
  "maxcost": 7,
  "eventexplain": [],
  "selected": 98187,
  "mincost": 7,
  "totalpoints": 140,
  "typename": "Forward",
  "teamname": "Everton",
  "status": "a",
  "added": "2013-07-15T13:21:14 UTC+0000",
  "form": 0,
  "currentfixture": "",
  "pointspergame": 0,
  "transfersin": 0,
  "news": "",
  "originalcost": 7,
  "eventpoints": 0,
  "fixturehistory": {
    "all": [],
    "summary": []
  },
  "nextfixture": "Norwich (A)",
  "transfersinevent": 0,
  "selectedby": "12.6",
  "teamid": 6,
  "secondname": "Kone",
  "name": "Kone",
  "cost": 7,
  

"seasonhistory": [
    [
      "2012/13",
      2932,
      11,
      5,
      5,
      61,
      0,
      0,
      0,
      0,
      0,
      0,
      15,
      401,
      0,
      69,
      140
    ]
  ]
}