{
  "transfersout": 0,
  "code": 94924,
  "eventtotal": 0,
  "lastseasonpoints": 0,
  "squadnumber": null,
  "transfersbalance": 0,
  "eventcost": 6,
  "indreamteam": false,
  "id": 145,
  "firstname": "Gerard",
  "transfersoutevent": 0,
  "maxcost": 6,
  "eventexplain": [],
  "selected": 20213,
  "mincost": 6,
  "totalpoints": 0,
  "typename": "Forward",
  "teamname": "Everton",
  "status": "a",
  "added": "2013-07-15T13:21:14 UTC+0000",
  "form": 0,
  "currentfixture": "",
  "pointspergame": 0,
  "transfersin": 0,
  "news": "",
  "originalcost": 6,
  "eventpoints": 0,
  "fixturehistory": {
    "all": [],
    "summary": []
  },
  "nextfixture": "Norwich (A)",
  "transfersinevent": 0,
  "selectedby": "2.6",
  "teamid": 6,
  "secondname": "Deulofeu",
  "name": "Deulofeu",
  "cost": 6,
  

"seasonhistory": []
}