{
  "transfersout": 0,
  "code": 15903,
  "eventtotal": 0,
  "lastseasonpoints": 0,
  "squadnumber": null,
  "transfersbalance": 0,
  "eventcost": 4.5,
  "indreamteam": false,
  "id": 146,
  "firstname": "David",
  "transfersoutevent": 0,
  "maxcost": 4.5,
  "eventexplain": [],
  "selected": 5559,
  "mincost": 4.5,
  "totalpoints": 5,
  "typename": "Goalkeeper",
  "teamname": "Fulham",
  "status": "a",
  "added": "2013-07-15T13:21:14 UTC+0000",
  "form": 0,
  "currentfixture": "",
  "pointspergame": 0,
  "transfersin": 0,
  "news": "",
  "originalcost": 4.5,
  "eventpoints": 0,
  "fixturehistory": {
    "all": [],
    "summary": []
  },
  "nextfixture": "Sunderland (A)",
  "transfersinevent": 0,
  "selectedby": "0.7",
  "teamid": 7,
  "secondname": "Stockdale",
  "name": "Stockdale",
  "cost": 4.5,
  

"seasonhistory": [
    [
      "2008/09",
      0,
      0,
      0,
      0,
      0,
      0,
      0,
      0,
      0,
      0,
      0,
      0,
      0,
      0,
      39,
      0
    ],
    [
      "2009/10",
      90,
      0,
      0,
      0,
      1,
      0,
      0,
      0,
      0,
      0,
      3,
      0,
      0,
      0,
      39,
      3
    ],
    [
      "2010/11",
      630,
      0,
      0,
      3,
      6,
      0,
      1,
      0,
      0,
      0,
      25,
      1,
      0,
      0,
      38,
      38
    ],
    [
      "2011/12",
      720,
      0,
      0,
      1,
      14,
      0,
      0,
      0,
      0,
      0,
      44,
      0,
      99,
      0,
      39,
      30
    ],
    [
      "2012/13",
      180,
      0,
      0,
      0,
      3,
      0,
      0,
      0,
      0,
      0,
      8,
      0,
      28,
      0,
      43,
      5
    ]
  ]
}