{
  "transfersout": 0,
  "code": 10318,
  "eventtotal": 0,
  "lastseasonpoints": 0,
  "squadnumber": null,
  "transfersbalance": 0,
  "eventcost": 5,
  "indreamteam": false,
  "id": 148,
  "firstname": "Maarten",
  "transfersoutevent": 0,
  "maxcost": 5,
  "eventexplain": [],
  "selected": 37132,
  "mincost": 5,
  "totalpoints": 0,
  "typename": "Goalkeeper",
  "teamname": "Fulham",
  "status": "a",
  "added": "2013-07-15T13:21:14 UTC+0000",
  "form": 0,
  "currentfixture": "",
  "pointspergame": 0,
  "transfersin": 0,
  "news": "",
  "originalcost": 5,
  "eventpoints": 0,
  "fixturehistory": {
    "all": [],
    "summary": []
  },
  "nextfixture": "Sunderland (A)",
  "transfersinevent": 0,
  "selectedby": "4.8",
  "teamid": 7,
  "secondname": "Stekelenburg",
  "name": "Stekelenburg",
  "cost": 5,
  

"seasonhistory": []
}