{
  "transfersout": 0,
  "code": 42425,
  "eventtotal": 0,
  "lastseasonpoints": 0,
  "squadnumber": null,
  "transfersbalance": 0,
  "eventcost": 4,
  "indreamteam": false,
  "id": 149,
  "firstname": "Matthew",
  "transfersoutevent": 0,
  "maxcost": 4,
  "eventexplain": [],
  "selected": 3232,
  "mincost": 4,
  "totalpoints": 9,
  "typename": "Defender",
  "teamname": "Fulham",
  "status": "a",
  "added": "2013-07-15T13:21:14 UTC+0000",
  "form": 0,
  "currentfixture": "",
  "pointspergame": 0,
  "transfersin": 0,
  "news": "",
  "originalcost": 4,
  "eventpoints": 0,
  "fixturehistory": {
    "all": [],
    "summary": []
  },
  "nextfixture": "Sunderland (A)",
  "transfersinevent": 0,
  "selectedby": "0.4",
  "teamid": 7,
  "secondname": "Briggs",
  "name": "Briggs",
  "cost": 4,
  

"seasonhistory": [
    [
      "2006/07",
      14,
      0,
      0,
      0,
      0,
      0,
      0,
      0,
      0,
      0,
      0,
      0,
      0,
      0,
      35,
      1
    ],
    [
      "2009/10",
      0,
      0,
      0,
      0,
      0,
      0,
      0,
      0,
      0,
      0,
      0,
      0,
      0,
      0,
      40,
      0
    ],
    [
      "2010/11",
      195,
      0,
      0,
      0,
      4,
      0,
      0,
      0,
      0,
      0,
      0,
      0,
      0,
      0,
      40,
      4
    ],
    [
      "2011/12",
      91,
      0,
      0,
      0,
      2,
      0,
      0,
      0,
      0,
      0,
      0,
      0,
      3,
      0,
      39,
      2
    ],
    [
      "2012/13",
      297,
      0,
      1,
      0,
      8,
      0,
      0,
      0,
      0,
      0,
      0,
      0,
      35,
      0,
      39,
      9
    ]
  ]
}