{
  "transfersout": 0,
  "code": 8758,
  "eventtotal": 0,
  "lastseasonpoints": 0,
  "squadnumber": null,
  "transfersbalance": 0,
  "eventcost": 7,
  "indreamteam": false,
  "id": 15,
  "firstname": "Mikel",
  "transfersoutevent": 0,
  "maxcost": 7,
  "eventexplain": [],
  "selected": 68742,
  "mincost": 7,
  "totalpoints": 131,
  "typename": "Midfielder",
  "teamname": "Arsenal",
  "status": "a",
  "added": "2013-07-15T13:21:12 UTC+0000",
  "form": 0,
  "currentfixture": "",
  "pointspergame": 0,
  "transfersin": 0,
  "news": "",
  "originalcost": 7,
  "eventpoints": 0,
  "fixturehistory": {
    "all": [],
    "summary": []
  },
  "nextfixture": "Aston Villa (H)",
  "transfersinevent": 0,
  "selectedby": "8.8",
  "teamid": 1,
  "secondname": "Arteta",
  "name": "Arteta",
  "cost": 7,
  

"seasonhistory": [
    [
      "2006/07",
      3135,
      9,
      10,
      0,
      31,
      0,
      0,
      0,
      9,
      0,
      0,
      27,
      0,
      0,
      74,
      178
    ],
    [
      "2007/08",
      2448,
      1,
      7,
      0,
      23,
      0,
      0,
      0,
      2,
      1,
      0,
      17,
      0,
      0,
      84,
      105
    ],
    [
      "2008/09",
      2251,
      6,
      6,
      0,
      28,
      0,
      0,
      0,
      3,
      0,
      0,
      24,
      0,
      0,
      78,
      129
    ],
    [
      "2009/10",
      1033,
      6,
      2,
      0,
      11,
      0,
      0,
      0,
      3,
      0,
      0,
      17,
      0,
      0,
      85,
      78
    ],
    [
      "2010/11",
      2405,
      3,
      4,
      6,
      36,
      0,
      0,
      1,
      1,
      1,
      0,
      18,
      0,
      0,
      78,
      101
    ],
    [
      "2011/12",
      2596,
      7,
      2,
      12,
      28,
      0,
      0,
      0,
      5,
      0,
      0,
      21,
      526,
      0,
      78,
      128
    ],
    [
      "2012/13",
      2983,
      6,
      3,
      13,
      30,
      0,
      0,
      1,
      6,
      0,
      0,
      20,
      540,
      0,
      75,
      131
    ]
  ]
}