{
  "transfersout": 0,
  "code": 16854,
  "eventtotal": 0,
  "lastseasonpoints": 0,
  "squadnumber": null,
  "transfersbalance": 0,
  "eventcost": 4.5,
  "indreamteam": false,
  "id": 150,
  "firstname": "Philippe",
  "transfersoutevent": 0,
  "maxcost": 4.5,
  "eventexplain": [],
  "selected": 4339,
  "mincost": 4.5,
  "totalpoints": 47,
  "typename": "Defender",
  "teamname": "Fulham",
  "status": "a",
  "added": "2013-07-15T13:21:14 UTC+0000",
  "form": 0,
  "currentfixture": "",
  "pointspergame": 0,
  "transfersin": 0,
  "news": "",
  "originalcost": 4.5,
  "eventpoints": 0,
  "fixturehistory": {
    "all": [],
    "summary": []
  },
  "nextfixture": "Sunderland (A)",
  "transfersinevent": 0,
  "selectedby": "0.6",
  "teamid": 7,
  "secondname": "Senderos",
  "name": "Senderos",
  "cost": 4.5,
  

"seasonhistory": [
    [
      "2006/07",
      809,
      0,
      0,
      0,
      11,
      0,
      0,
      0,
      2,
      2,
      0,
      0,
      0,
      0,
      69,
      25
    ],
    [
      "2007/08",
      1246,
      2,
      0,
      0,
      11,
      0,
      0,
      0,
      0,
      1,
      0,
      1,
      0,
      0,
      51,
      65
    ],
    [
      "2008/09",
      0,
      0,
      0,
      0,
      0,
      0,
      0,
      0,
      0,
      0,
      0,
      0,
      0,
      0,
      49,
      0
    ],
    [
      "2009/10",
      91,
      0,
      0,
      0,
      0,
      0,
      0,
      0,
      0,
      0,
      0,
      1,
      0,
      0,
      46,
      8
    ],
    [
      "2010/11",
      270,
      0,
      0,
      2,
      2,
      0,
      0,
      0,
      0,
      0,
      0,
      0,
      0,
      0,
      42,
      13
    ],
    [
      "2011/12",
      1827,
      1,
      1,
      5,
      31,
      0,
      0,
      0,
      5,
      0,
      0,
      3,
      210,
      0,
      41,
      59
    ],
    [
      "2012/13",
      1684,
      0,
      0,
      5,
      25,
      0,
      0,
      0,
      6,
      0,
      0,
      1,
      184,
      0,
      47,
      47
    ]
  ]
}