{
  "transfersout": 0,
  "code": 1869,
  "eventtotal": 0,
  "lastseasonpoints": 0,
  "squadnumber": null,
  "transfersbalance": 0,
  "eventcost": 4.5,
  "indreamteam": false,
  "id": 151,
  "firstname": "Aaron",
  "transfersoutevent": 0,
  "maxcost": 4.5,
  "eventexplain": [],
  "selected": 2786,
  "mincost": 4.5,
  "totalpoints": 50,
  "typename": "Defender",
  "teamname": "Fulham",
  "status": "a",
  "added": "2013-07-15T13:21:14 UTC+0000",
  "form": 0,
  "currentfixture": "",
  "pointspergame": 0,
  "transfersin": 0,
  "news": "",
  "originalcost": 4.5,
  "eventpoints": 0,
  "fixturehistory": {
    "all": [],
    "summary": []
  },
  "nextfixture": "Sunderland (A)",
  "transfersinevent": 0,
  "selectedby": "0.4",
  "teamid": 7,
  "secondname": "Hughes",
  "name": "Hughes",
  "cost": 4.5,
  

"seasonhistory": [
    [
      "2006/07",
      1292,
      0,
      0,
      0,
      18,
      0,
      0,
      0,
      0,
      0,
      0,
      0,
      0,
      0,
      46,
      43
    ],
    [
      "2007/08",
      2660,
      0,
      0,
      0,
      44,
      0,
      0,
      0,
      0,
      0,
      0,
      2,
      0,
      0,
      39,
      75
    ],
    [
      "2008/09",
      3392,
      0,
      0,
      0,
      32,
      0,
      0,
      0,
      0,
      0,
      0,
      6,
      0,
      0,
      47,
      136
    ],
    [
      "2009/10",
      3060,
      0,
      0,
      0,
      36,
      0,
      0,
      0,
      2,
      0,
      0,
      11,
      0,
      0,
      50,
      113
    ],
    [
      "2010/11",
      3404,
      1,
      1,
      14,
      43,
      0,
      0,
      0,
      0,
      0,
      0,
      3,
      0,
      0,
      50,
      129
    ],
    [
      "2011/12",
      1550,
      0,
      0,
      6,
      20,
      0,
      0,
      0,
      0,
      0,
      0,
      2,
      211,
      0,
      45,
      55
    ],
    [
      "2012/13",
      2115,
      0,
      0,
      4,
      43,
      0,
      0,
      0,
      1,
      0,
      0,
      3,
      225,
      0,
      40,
      50
    ]
  ]
}