{
  "transfersout": 0,
  "code": 15284,
  "eventtotal": 0,
  "lastseasonpoints": 0,
  "squadnumber": null,
  "transfersbalance": 0,
  "eventcost": 5,
  "indreamteam": false,
  "id": 152,
  "firstname": "Brede",
  "transfersoutevent": 0,
  "maxcost": 5,
  "eventexplain": [],
  "selected": 16062,
  "mincost": 5,
  "totalpoints": 75,
  "typename": "Defender",
  "teamname": "Fulham",
  "status": "a",
  "added": "2013-07-15T13:21:14 UTC+0000",
  "form": 0,
  "currentfixture": "",
  "pointspergame": 0,
  "transfersin": 0,
  "news": "",
  "originalcost": 5,
  "eventpoints": 0,
  "fixturehistory": {
    "all": [],
    "summary": []
  },
  "nextfixture": "Sunderland (A)",
  "transfersinevent": 0,
  "selectedby": "2.1",
  "teamid": 7,
  "secondname": "Hangeland",
  "name": "Hangeland",
  "cost": 5,
  

"seasonhistory": [
    [
      "2007/08",
      1350,
      0,
      0,
      0,
      18,
      0,
      0,
      0,
      1,
      0,
      0,
      5,
      0,
      0,
      40,
      48
    ],
    [
      "2008/09",
      3330,
      1,
      1,
      0,
      34,
      0,
      0,
      0,
      3,
      0,
      0,
      19,
      0,
      0,
      56,
      147
    ],
    [
      "2009/10",
      2809,
      1,
      0,
      0,
      32,
      0,
      0,
      0,
      2,
      0,
      0,
      14,
      0,
      0,
      55,
      115
    ],
    [
      "2010/11",
      3330,
      6,
      1,
      13,
      43,
      1,
      0,
      0,
      6,
      0,
      0,
      12,
      0,
      0,
      59,
      154
    ],
    [
      "2011/12",
      3420,
      0,
      0,
      11,
      51,
      0,
      0,
      0,
      7,
      0,
      0,
      6,
      456,
      0,
      60,
      103
    ],
    [
      "2012/13",
      3045,
      0,
      0,
      7,
      55,
      0,
      0,
      0,
      2,
      1,
      0,
      3,
      375,
      0,
      48,
      75
    ]
  ]
}