{
  "transfersout": 0,
  "code": 4098,
  "eventtotal": 0,
  "lastseasonpoints": 0,
  "squadnumber": null,
  "transfersbalance": 0,
  "eventcost": 5,
  "indreamteam": false,
  "id": 153,
  "firstname": "John Arne",
  "transfersoutevent": 0,
  "maxcost": 5,
  "eventexplain": [],
  "selected": 14568,
  "mincost": 5,
  "totalpoints": 95,
  "typename": "Defender",
  "teamname": "Fulham",
  "status": "a",
  "added": "2013-07-15T13:21:14 UTC+0000",
  "form": 0,
  "currentfixture": "",
  "pointspergame": 0,
  "transfersin": 0,
  "news": "",
  "originalcost": 5,
  "eventpoints": 0,
  "fixturehistory": {
    "all": [],
    "summary": []
  },
  "nextfixture": "Sunderland (A)",
  "transfersinevent": 0,
  "selectedby": "1.9",
  "teamid": 7,
  "secondname": "Riise",
  "name": "Riise",
  "cost": 5,
  

"seasonhistory": [
    [
      "2006/07",
      2581,
      1,
      1,
      0,
      17,
      0,
      0,
      0,
      1,
      0,
      0,
      3,
      0,
      0,
      67,
      89
    ],
    [
      "2007/08",
      1988,
      0,
      3,
      0,
      19,
      0,
      0,
      0,
      3,
      0,
      0,
      1,
      0,
      0,
      64,
      95
    ],
    [
      "2011/12",
      3139,
      0,
      5,
      10,
      45,
      0,
      0,
      0,
      2,
      0,
      0,
      7,
      316,
      0,
      57,
      117
    ],
    [
      "2012/13",
      2529,
      0,
      5,
      8,
      41,
      0,
      0,
      0,
      4,
      0,
      0,
      7,
      332,
      0,
      52,
      95
    ]
  ]
}