{
  "transfersout": 0,
  "code": 17160,
  "eventtotal": 0,
  "lastseasonpoints": 0,
  "squadnumber": null,
  "transfersbalance": 0,
  "eventcost": 5,
  "indreamteam": false,
  "id": 154,
  "firstname": "Sascha",
  "transfersoutevent": 0,
  "maxcost": 5,
  "eventexplain": [],
  "selected": 20403,
  "mincost": 5,
  "totalpoints": 109,
  "typename": "Defender",
  "teamname": "Fulham",
  "status": "a",
  "added": "2013-07-15T13:21:14 UTC+0000",
  "form": 0,
  "currentfixture": "",
  "pointspergame": 0,
  "transfersin": 0,
  "news": "",
  "originalcost": 5,
  "eventpoints": 0,
  "fixturehistory": {
    "all": [],
    "summary": []
  },
  "nextfixture": "Sunderland (A)",
  "transfersinevent": 0,
  "selectedby": "2.6",
  "teamid": 7,
  "secondname": "Riether",
  "name": "Riether",
  "cost": 5,
  

"seasonhistory": [
    [
      "2012/13",
      3043,
      1,
      6,
      7,
      53,
      0,
      0,
      0,
      4,
      0,
      0,
      11,
      440,
      0,
      47,
      109
    ]
  ]
}