{
  "transfersout": 0,
  "code": 28313,
  "eventtotal": 0,
  "lastseasonpoints": 0,
  "squadnumber": null,
  "transfersbalance": 0,
  "eventcost": 4,
  "indreamteam": false,
  "id": 155,
  "firstname": "Stanislav",
  "transfersoutevent": 0,
  "maxcost": 4,
  "eventexplain": [],
  "selected": 7966,
  "mincost": 4,
  "totalpoints": 16,
  "typename": "Defender",
  "teamname": "Fulham",
  "status": "a",
  "added": "2013-07-15T13:21:14 UTC+0000",
  "form": 0,
  "currentfixture": "",
  "pointspergame": 0,
  "transfersin": 0,
  "news": "",
  "originalcost": 4,
  "eventpoints": 0,
  "fixturehistory": {
    "all": [],
    "summary": []
  },
  "nextfixture": "Sunderland (A)",
  "transfersinevent": 0,
  "selectedby": "1.0",
  "teamid": 7,
  "secondname": "Manolev",
  "name": "Manolev",
  "cost": 4,
  

"seasonhistory": [
    [
      "2012/13",
      431,
      0,
      0,
      2,
      3,
      0,
      0,
      0,
      2,
      0,
      0,
      0,
      32,
      0,
      42,
      16
    ]
  ]
}