{
  "transfersout": 0,
  "code": 11735,
  "eventtotal": 0,
  "lastseasonpoints": 0,
  "squadnumber": null,
  "transfersbalance": 0,
  "eventcost": 5,
  "indreamteam": false,
  "id": 157,
  "firstname": "Steve",
  "transfersoutevent": 0,
  "maxcost": 5,
  "eventexplain": [],
  "selected": 9974,
  "mincost": 5,
  "totalpoints": 83,
  "typename": "Midfielder",
  "teamname": "Fulham",
  "status": "a",
  "added": "2013-07-15T13:21:14 UTC+0000",
  "form": 0,
  "currentfixture": "",
  "pointspergame": 0,
  "transfersin": 0,
  "news": "",
  "originalcost": 5,
  "eventpoints": 0,
  "fixturehistory": {
    "all": [],
    "summary": []
  },
  "nextfixture": "Sunderland (A)",
  "transfersinevent": 0,
  "selectedby": "1.3",
  "teamid": 7,
  "secondname": "Sidwell",
  "name": "Sidwell",
  "cost": 5,
  

"seasonhistory": [
    [
      "2006/07",
      3092,
      4,
      6,
      0,
      44,
      0,
      0,
      0,
      3,
      0,
      0,
      20,
      0,
      0,
      63,
      134
    ],
    [
      "2007/08",
      518,
      0,
      1,
      0,
      2,
      0,
      0,
      0,
      1,
      0,
      0,
      0,
      0,
      0,
      73,
      25
    ],
    [
      "2008/09",
      1014,
      3,
      0,
      0,
      12,
      0,
      0,
      0,
      2,
      0,
      0,
      0,
      0,
      0,
      62,
      45
    ],
    [
      "2009/10",
      1227,
      0,
      2,
      0,
      19,
      0,
      0,
      0,
      3,
      0,
      0,
      0,
      0,
      0,
      55,
      43
    ],
    [
      "2010/11",
      1063,
      2,
      2,
      5,
      11,
      0,
      0,
      0,
      4,
      0,
      0,
      2,
      0,
      0,
      47,
      45
    ],
    [
      "2011/12",
      1083,
      1,
      1,
      3,
      16,
      0,
      0,
      0,
      4,
      0,
      0,
      2,
      97,
      0,
      52,
      34
    ],
    [
      "2012/13",
      2105,
      4,
      2,
      6,
      35,
      0,
      0,
      0,
      7,
      2,
      0,
      13,
      271,
      0,
      49,
      83
    ]
  ]
}