{
  "transfersout": 0,
  "code": 1256,
  "eventtotal": 0,
  "lastseasonpoints": 0,
  "squadnumber": null,
  "transfersbalance": 0,
  "eventcost": 6,
  "indreamteam": false,
  "id": 158,
  "firstname": "Damien",
  "transfersoutevent": 0,
  "maxcost": 6,
  "eventexplain": [],
  "selected": 8852,
  "mincost": 6,
  "totalpoints": 109,
  "typename": "Midfielder",
  "teamname": "Fulham",
  "status": "a",
  "added": "2013-07-15T13:21:14 UTC+0000",
  "form": 0,
  "currentfixture": "",
  "pointspergame": 0,
  "transfersin": 0,
  "news": "",
  "originalcost": 6,
  "eventpoints": 0,
  "fixturehistory": {
    "all": [],
    "summary": []
  },
  "nextfixture": "Sunderland (A)",
  "transfersinevent": 0,
  "selectedby": "1.1",
  "teamid": 7,
  "secondname": "Duff",
  "name": "Duff",
  "cost": 6,
  

"seasonhistory": [
    [
      "2006/07",
      1726,
      1,
      1,
      0,
      23,
      0,
      0,
      0,
      1,
      0,
      0,
      0,
      0,
      0,
      77,
      51
    ],
    [
      "2007/08",
      1062,
      0,
      0,
      0,
      30,
      0,
      0,
      0,
      3,
      0,
      0,
      1,
      0,
      0,
      68,
      27
    ],
    [
      "2008/09",
      2468,
      3,
      2,
      0,
      46,
      0,
      0,
      0,
      4,
      0,
      0,
      9,
      0,
      0,
      58,
      85
    ],
    [
      "2009/10",
      2537,
      6,
      5,
      0,
      31,
      0,
      0,
      0,
      2,
      0,
      0,
      15,
      0,
      0,
      61,
      128
    ],
    [
      "2010/11",
      1876,
      4,
      2,
      9,
      20,
      0,
      0,
      0,
      3,
      0,
      0,
      14,
      0,
      0,
      61,
      91
    ],
    [
      "2011/12",
      2114,
      2,
      5,
      5,
      36,
      0,
      0,
      0,
      2,
      0,
      0,
      7,
      275,
      0,
      61,
      86
    ],
    [
      "2012/13",
      2333,
      3,
      7,
      7,
      37,
      0,
      0,
      0,
      0,
      0,
      0,
      9,
      360,
      0,
      58,
      109
    ]
  ]
}