{
  "transfersout": 0,
  "code": 81025,
  "eventtotal": 0,
  "lastseasonpoints": 0,
  "squadnumber": null,
  "transfersbalance": 0,
  "eventcost": 4.5,
  "indreamteam": false,
  "id": 159,
  "firstname": "Pajtim",
  "transfersoutevent": 0,
  "maxcost": 4.5,
  "eventexplain": [],
  "selected": 388,
  "mincost": 4.5,
  "totalpoints": 2,
  "typename": "Midfielder",
  "teamname": "Fulham",
  "status": "a",
  "added": "2013-07-15T13:21:14 UTC+0000",
  "form": 0,
  "currentfixture": "",
  "pointspergame": 0,
  "transfersin": 0,
  "news": "",
  "originalcost": 4.5,
  "eventpoints": 0,
  "fixturehistory": {
    "all": [],
    "summary": []
  },
  "nextfixture": "Sunderland (A)",
  "transfersinevent": 0,
  "selectedby": "0.0",
  "teamid": 7,
  "secondname": "Kasami",
  "name": "Kasami",
  "cost": 4.5,
  

"seasonhistory": [
    [
      "2011/12",
      269,
      0,
      0,
      1,
      5,
      0,
      0,
      0,
      0,
      0,
      0,
      0,
      10,
      0,
      46,
      10
    ],
    [
      "2012/13",
      24,
      0,
      0,
      0,
      0,
      0,
      0,
      0,
      0,
      0,
      0,
      0,
      3,
      0,
      42,
      2
    ]
  ]
}