{
  "transfersout": 0,
  "code": 81880,
  "eventtotal": 0,
  "lastseasonpoints": 0,
  "squadnumber": null,
  "transfersbalance": 0,
  "eventcost": 7,
  "indreamteam": false,
  "id": 16,
  "firstname": "Alex",
  "transfersoutevent": 0,
  "maxcost": 7,
  "eventexplain": [],
  "selected": 27501,
  "mincost": 7,
  "totalpoints": 63,
  "typename": "Midfielder",
  "teamname": "Arsenal",
  "status": "a",
  "added": "2013-07-15T13:21:12 UTC+0000",
  "form": 0,
  "currentfixture": "",
  "pointspergame": 0,
  "transfersin": 0,
  "news": "",
  "originalcost": 7,
  "eventpoints": 0,
  "fixturehistory": {
    "all": [],
    "summary": []
  },
  "nextfixture": "Aston Villa (H)",
  "transfersinevent": 0,
  "selectedby": "3.5",
  "teamid": 1,
  "secondname": "Oxlade-Chamberlain",
  "name": "Chamberlain",
  "cost": 7,
  

"seasonhistory": [
    [
      "2011/12",
      562,
      2,
      1,
      3,
      9,
      0,
      0,
      0,
      0,
      0,
      0,
      2,
      85,
      0,
      48,
      40
    ],
    [
      "2012/13",
      1063,
      1,
      5,
      7,
      11,
      0,
      0,
      0,
      1,
      0,
      0,
      0,
      163,
      0,
      68,
      63
    ]
  ]
}