{
  "transfersout": 0,
  "code": 105086,
  "eventtotal": 0,
  "lastseasonpoints": 0,
  "squadnumber": null,
  "transfersbalance": 0,
  "eventcost": 4.5,
  "indreamteam": false,
  "id": 160,
  "firstname": "Kerim",
  "transfersoutevent": 0,
  "maxcost": 4.5,
  "eventexplain": [],
  "selected": 1611,
  "mincost": 4.5,
  "totalpoints": 9,
  "typename": "Midfielder",
  "teamname": "Fulham",
  "status": "a",
  "added": "2013-07-15T13:21:14 UTC+0000",
  "form": 0,
  "currentfixture": "",
  "pointspergame": 0,
  "transfersin": 0,
  "news": "",
  "originalcost": 4.5,
  "eventpoints": 0,
  "fixturehistory": {
    "all": [],
    "summary": []
  },
  "nextfixture": "Sunderland (A)",
  "transfersinevent": 0,
  "selectedby": "0.2",
  "teamid": 7,
  "secondname": "Frei",
  "name": "Frei",
  "cost": 4.5,
  

"seasonhistory": [
    [
      "2011/12",
      680,
      0,
      0,
      1,
      14,
      0,
      0,
      0,
      1,
      0,
      0,
      0,
      87,
      0,
      45,
      22
    ],
    [
      "2012/13",
      235,
      0,
      0,
      0,
      5,
      0,
      0,
      0,
      0,
      0,
      0,
      0,
      13,
      0,
      43,
      9
    ]
  ]
}