{
  "transfersout": 0,
  "code": 42518,
  "eventtotal": 0,
  "lastseasonpoints": 0,
  "squadnumber": null,
  "transfersbalance": 0,
  "eventcost": 5,
  "indreamteam": false,
  "id": 161,
  "firstname": "Alex",
  "transfersoutevent": 0,
  "maxcost": 5,
  "eventexplain": [],
  "selected": 7258,
  "mincost": 5,
  "totalpoints": 78,
  "typename": "Midfielder",
  "teamname": "Fulham",
  "status": "d",
  "added": "2013-07-15T13:21:14 UTC+0000",
  "form": 0,
  "currentfixture": "",
  "pointspergame": 0,
  "transfersin": 0,
  "news": "Hamstring injury - 50% chance of playing",
  "originalcost": 5,
  "eventpoints": 0,
  "fixturehistory": {
    "all": [],
    "summary": []
  },
  "nextfixture": "Sunderland (A)",
  "transfersinevent": 0,
  "selectedby": "0.9",
  "teamid": 7,
  "secondname": "Kacaniklic",
  "name": "Kacaniklic",
  "cost": 5,
  

"seasonhistory": [
    [
      "2011/12",
      203,
      0,
      1,
      1,
      1,
      0,
      0,
      0,
      0,
      0,
      0,
      0,
      43,
      0,
      45,
      9
    ],
    [
      "2012/13",
      1255,
      4,
      4,
      3,
      18,
      0,
      0,
      0,
      0,
      0,
      0,
      10,
      197,
      0,
      43,
      78
    ]
  ]
}