{
  "transfersout": 0,
  "code": 15073,
  "eventtotal": 0,
  "lastseasonpoints": 0,
  "squadnumber": null,
  "transfersbalance": 0,
  "eventcost": 5,
  "indreamteam": false,
  "id": 162,
  "firstname": "Kieran",
  "transfersoutevent": 0,
  "maxcost": 5,
  "eventexplain": [],
  "selected": 634,
  "mincost": 5,
  "totalpoints": 28,
  "typename": "Midfielder",
  "teamname": "Fulham",
  "status": "a",
  "added": "2013-07-15T13:21:14 UTC+0000",
  "form": 0,
  "currentfixture": "",
  "pointspergame": 0,
  "transfersin": 0,
  "news": "",
  "originalcost": 5,
  "eventpoints": 0,
  "fixturehistory": {
    "all": [],
    "summary": []
  },
  "nextfixture": "Sunderland (A)",
  "transfersinevent": 0,
  "selectedby": "0.1",
  "teamid": 7,
  "secondname": "Richardson",
  "name": "Richardson",
  "cost": 5,
  

"seasonhistory": [
    [
      "2006/07",
      783,
      1,
      1,
      0,
      7,
      0,
      0,
      0,
      4,
      0,
      0,
      0,
      0,
      0,
      57,
      30
    ],
    [
      "2007/08",
      1109,
      3,
      2,
      0,
      12,
      0,
      0,
      0,
      3,
      0,
      0,
      3,
      0,
      0,
      49,
      53
    ],
    [
      "2008/09",
      2687,
      4,
      2,
      0,
      43,
      0,
      0,
      0,
      11,
      0,
      0,
      9,
      0,
      0,
      59,
      95
    ],
    [
      "2009/10",
      2409,
      1,
      1,
      0,
      39,
      0,
      0,
      0,
      7,
      1,
      0,
      3,
      0,
      0,
      56,
      60
    ],
    [
      "2010/11",
      2039,
      4,
      3,
      9,
      27,
      0,
      0,
      0,
      9,
      0,
      0,
      4,
      0,
      0,
      53,
      80
    ],
    [
      "2011/12",
      2279,
      2,
      3,
      8,
      31,
      0,
      0,
      0,
      5,
      0,
      0,
      4,
      287,
      0,
      55,
      80
    ],
    [
      "2012/13",
      909,
      1,
      0,
      2,
      21,
      0,
      0,
      0,
      2,
      0,
      0,
      0,
      113,
      0,
      53,
      28
    ]
  ]
}