{
  "transfersout": 0,
  "code": 18427,
  "eventtotal": 0,
  "lastseasonpoints": 0,
  "squadnumber": null,
  "transfersbalance": 0,
  "eventcost": 5.5,
  "indreamteam": false,
  "id": 163,
  "firstname": "Ashkan",
  "transfersoutevent": 0,
  "maxcost": 5.5,
  "eventexplain": [],
  "selected": 823,
  "mincost": 5.5,
  "totalpoints": 45,
  "typename": "Midfielder",
  "teamname": "Fulham",
  "status": "a",
  "added": "2013-07-15T13:21:14 UTC+0000",
  "form": 0,
  "currentfixture": "",
  "pointspergame": 0,
  "transfersin": 0,
  "news": "",
  "originalcost": 5.5,
  "eventpoints": 0,
  "fixturehistory": {
    "all": [],
    "summary": []
  },
  "nextfixture": "Sunderland (A)",
  "transfersinevent": 0,
  "selectedby": "0.1",
  "teamid": 7,
  "secondname": "Dejagah",
  "name": "Dejagah",
  "cost": 5.5,
  

"seasonhistory": [
    [
      "2012/13",
      1194,
      0,
      4,
      3,
      22,
      0,
      0,
      0,
      3,
      0,
      0,
      0,
      113,
      0,
      55,
      45
    ]
  ]
}