{
  "transfersout": 0,
  "code": 56069,
  "eventtotal": 0,
  "lastseasonpoints": 0,
  "squadnumber": null,
  "transfersbalance": 0,
  "eventcost": 4.5,
  "indreamteam": false,
  "id": 164,
  "firstname": "Eyong",
  "transfersoutevent": 0,
  "maxcost": 4.5,
  "eventexplain": [],
  "selected": 334,
  "mincost": 4.5,
  "totalpoints": 14,
  "typename": "Midfielder",
  "teamname": "Fulham",
  "status": "a",
  "added": "2013-07-15T13:21:14 UTC+0000",
  "form": 0,
  "currentfixture": "",
  "pointspergame": 0,
  "transfersin": 0,
  "news": "",
  "originalcost": 4.5,
  "eventpoints": 0,
  "fixturehistory": {
    "all": [],
    "summary": []
  },
  "nextfixture": "Sunderland (A)",
  "transfersinevent": 0,
  "selectedby": "0.0",
  "teamid": 7,
  "secondname": "Enoh",
  "name": "Enoh",
  "cost": 4.5,
  

"seasonhistory": [
    [
      "2012/13",
      693,
      0,
      0,
      1,
      13,
      0,
      0,
      0,
      3,
      0,
      0,
      0,
      59,
      0,
      50,
      14
    ]
  ]
}