{
  "transfersout": 0,
  "code": 37084,
  "eventtotal": 0,
  "lastseasonpoints": 0,
  "squadnumber": null,
  "transfersbalance": 0,
  "eventcost": 6,
  "indreamteam": false,
  "id": 166,
  "firstname": "Bryan",
  "transfersoutevent": 0,
  "maxcost": 6,
  "eventexplain": [],
  "selected": 16182,
  "mincost": 6,
  "totalpoints": 108,
  "typename": "Forward",
  "teamname": "Fulham",
  "status": "a",
  "added": "2013-07-15T13:21:14 UTC+0000",
  "form": 0,
  "currentfixture": "",
  "pointspergame": 0,
  "transfersin": 0,
  "news": "",
  "originalcost": 6,
  "eventpoints": 0,
  "fixturehistory": {
    "all": [],
    "summary": []
  },
  "nextfixture": "Sunderland (A)",
  "transfersinevent": 0,
  "selectedby": "2.1",
  "teamid": 7,
  "secondname": "Ruiz",
  "name": "Ruiz",
  "cost": 6,
  

"seasonhistory": [
    [
      "2011/12",
      1514,
      2,
      4,
      5,
      24,
      0,
      0,
      0,
      0,
      0,
      0,
      9,
      276,
      0,
      60,
      70
    ],
    [
      "2012/13",
      2383,
      4,
      10,
      5,
      43,
      0,
      0,
      0,
      2,
      0,
      0,
      10,
      349,
      0,
      50,
      108
    ]
  ]
}