{
  "transfersout": 0,
  "code": 37334,
  "eventtotal": 0,
  "lastseasonpoints": 0,
  "squadnumber": null,
  "transfersbalance": 0,
  "eventcost": 5.5,
  "indreamteam": false,
  "id": 167,
  "firstname": "Hugo",
  "transfersoutevent": 0,
  "maxcost": 5.5,
  "eventexplain": [],
  "selected": 4605,
  "mincost": 5.5,
  "totalpoints": 71,
  "typename": "Forward",
  "teamname": "Fulham",
  "status": "a",
  "added": "2013-07-15T13:21:14 UTC+0000",
  "form": 0,
  "currentfixture": "",
  "pointspergame": 0,
  "transfersin": 0,
  "news": "",
  "originalcost": 5.5,
  "eventpoints": 0,
  "fixturehistory": {
    "all": [],
    "summary": []
  },
  "nextfixture": "Sunderland (A)",
  "transfersinevent": 0,
  "selectedby": "0.6",
  "teamid": 7,
  "secondname": "Rodallega",
  "name": "Rodallega",
  "cost": 5.5,
  

"seasonhistory": [
    [
      "2008/09",
      993,
      3,
      0,
      0,
      17,
      0,
      0,
      0,
      0,
      0,
      0,
      4,
      0,
      0,
      58,
      40
    ],
    [
      "2009/10",
      3311,
      10,
      7,
      0,
      73,
      0,
      0,
      2,
      6,
      0,
      0,
      23,
      0,
      0,
      63,
      149
    ],
    [
      "2010/11",
      3025,
      9,
      2,
      8,
      54,
      0,
      0,
      0,
      4,
      1,
      0,
      18,
      0,
      0,
      54,
      123
    ],
    [
      "2011/12",
      1257,
      2,
      6,
      1,
      26,
      0,
      0,
      0,
      1,
      0,
      0,
      4,
      95,
      0,
      59,
      63
    ],
    [
      "2012/13",
      1515,
      3,
      3,
      6,
      24,
      0,
      0,
      0,
      0,
      0,
      0,
      6,
      155,
      0,
      54,
      71
    ]
  ]
}