{
  "transfersout": 0,
  "code": 8595,
  "eventtotal": 0,
  "lastseasonpoints": 0,
  "squadnumber": null,
  "transfersbalance": 0,
  "eventcost": 7.5,
  "indreamteam": false,
  "id": 168,
  "firstname": "Dimitar",
  "transfersoutevent": 0,
  "maxcost": 7.5,
  "eventexplain": [],
  "selected": 96719,
  "mincost": 7.5,
  "totalpoints": 163,
  "typename": "Forward",
  "teamname": "Fulham",
  "status": "a",
  "added": "2013-07-15T13:21:14 UTC+0000",
  "form": 0,
  "currentfixture": "",
  "pointspergame": 0,
  "transfersin": 0,
  "news": "",
  "originalcost": 7.5,
  "eventpoints": 0,
  "fixturehistory": {
    "all": [],
    "summary": []
  },
  "nextfixture": "Sunderland (A)",
  "transfersinevent": 0,
  "selectedby": "12.4",
  "teamid": 7,
  "secondname": "Berbatov",
  "name": "Berbatov",
  "cost": 7.5,
  

"seasonhistory": [
    [
      "2006/07",
      2715,
      12,
      11,
      0,
      45,
      0,
      0,
      0,
      1,
      0,
      0,
      26,
      0,
      0,
      91,
      169
    ],
    [
      "2007/08",
      2989,
      15,
      11,
      0,
      56,
      0,
      0,
      0,
      3,
      0,
      0,
      18,
      0,
      0,
      95,
      177
    ],
    [
      "2008/09",
      2564,
      9,
      10,
      0,
      20,
      0,
      0,
      0,
      2,
      0,
      0,
      14,
      0,
      0,
      95,
      138
    ],
    [
      "2009/10",
      2094,
      12,
      6,
      0,
      13,
      0,
      0,
      0,
      1,
      0,
      0,
      8,
      0,
      0,
      92,
      130
    ],
    [
      "2010/11",
      2208,
      21,
      4,
      8,
      28,
      0,
      0,
      0,
      1,
      0,
      0,
      26,
      0,
      0,
      92,
      176
    ],
    [
      "2011/12",
      521,
      7,
      0,
      2,
      6,
      0,
      0,
      0,
      0,
      0,
      0,
      5,
      146,
      0,
      89,
      49
    ],
    [
      "2012/13",
      2844,
      15,
      4,
      7,
      49,
      0,
      0,
      0,
      1,
      0,
      0,
      28,
      521,
      0,
      71,
      163
    ]
  ]
}