{
  "transfersout": 0,
  "code": 43274,
  "eventtotal": 0,
  "lastseasonpoints": 0,
  "squadnumber": null,
  "transfersbalance": 0,
  "eventcost": 6.5,
  "indreamteam": false,
  "id": 17,
  "firstname": "Yao",
  "transfersoutevent": 0,
  "maxcost": 6.5,
  "eventexplain": [],
  "selected": 3973,
  "mincost": 6.5,
  "totalpoints": 74,
  "typename": "Midfielder",
  "teamname": "Arsenal",
  "status": "a",
  "added": "2013-07-15T13:21:12 UTC+0000",
  "form": 0,
  "currentfixture": "",
  "pointspergame": 0,
  "transfersin": 0,
  "news": "",
  "originalcost": 6.5,
  "eventpoints": 0,
  "fixturehistory": {
    "all": [],
    "summary": []
  },
  "nextfixture": "Aston Villa (H)",
  "transfersinevent": 0,
  "selectedby": "0.5",
  "teamid": 1,
  "secondname": "Gervinho",
  "name": "Gervinho",
  "cost": 6.5,
  

"seasonhistory": [
    [
      "2011/12",
      1678,
      4,
      6,
      7,
      21,
      0,
      0,
      0,
      0,
      1,
      0,
      8,
      299,
      0,
      89,
      86
    ],
    [
      "2012/13",
      1013,
      5,
      3,
      4,
      9,
      0,
      0,
      0,
      1,
      0,
      0,
      8,
      176,
      0,
      61,
      74
    ]
  ]
}