{
  "transfersout": 0,
  "code": 15137,
  "eventtotal": 0,
  "lastseasonpoints": 0,
  "squadnumber": null,
  "transfersbalance": 0,
  "eventcost": 4,
  "indreamteam": false,
  "id": 171,
  "firstname": "Liam",
  "transfersoutevent": 0,
  "maxcost": 4,
  "eventexplain": [],
  "selected": 10125,
  "mincost": 4,
  "totalpoints": 0,
  "typename": "Defender",
  "teamname": "Hull City",
  "status": "a",
  "added": "2013-07-15T13:21:14 UTC+0000",
  "form": 0,
  "currentfixture": "",
  "pointspergame": 0,
  "transfersin": 0,
  "news": "",
  "originalcost": 4,
  "eventpoints": 0,
  "fixturehistory": {
    "all": [],
    "summary": []
  },
  "nextfixture": "Chelsea (A)",
  "transfersinevent": 0,
  "selectedby": "1.3",
  "teamid": 8,
  "secondname": "Rosenior",
  "name": "Rosenior",
  "cost": 4,
  

"seasonhistory": [
    [
      "2006/07",
      3397,
      0,
      2,
      0,
      58,
      0,
      0,
      0,
      2,
      0,
      0,
      13,
      0,
      0,
      41,
      103
    ],
    [
      "2007/08",
      1241,
      0,
      0,
      0,
      24,
      0,
      0,
      0,
      2,
      0,
      0,
      1,
      0,
      0,
      39,
      36
    ]
  ]
}