{
  "transfersout": 0,
  "code": 43252,
  "eventtotal": 0,
  "lastseasonpoints": 0,
  "squadnumber": null,
  "transfersbalance": 0,
  "eventcost": 4,
  "indreamteam": false,
  "id": 172,
  "firstname": "James",
  "transfersoutevent": 0,
  "maxcost": 4,
  "eventexplain": [],
  "selected": 14692,
  "mincost": 4,
  "totalpoints": 0,
  "typename": "Defender",
  "teamname": "Hull City",
  "status": "a",
  "added": "2013-07-15T13:21:14 UTC+0000",
  "form": 0,
  "currentfixture": "",
  "pointspergame": 0,
  "transfersin": 0,
  "news": "",
  "originalcost": 4,
  "eventpoints": 0,
  "fixturehistory": {
    "all": [],
    "summary": []
  },
  "nextfixture": "Chelsea (A)",
  "transfersinevent": 0,
  "selectedby": "1.9",
  "teamid": 8,
  "secondname": "Chester",
  "name": "Chester",
  "cost": 4,
  

"seasonhistory": [
    [
      "2008/09",
      0,
      0,
      0,
      0,
      0,
      0,
      0,
      0,
      0,
      0,
      0,
      0,
      0,
      0,
      42,
      0
    ]
  ]
}