{
  "transfersout": 0,
  "code": 17506,
  "eventtotal": 0,
  "lastseasonpoints": 0,
  "squadnumber": null,
  "transfersbalance": 0,
  "eventcost": 4,
  "indreamteam": false,
  "id": 174,
  "firstname": "Paul",
  "transfersoutevent": 0,
  "maxcost": 4,
  "eventexplain": [],
  "selected": 14637,
  "mincost": 4,
  "totalpoints": 0,
  "typename": "Defender",
  "teamname": "Hull City",
  "status": "a",
  "added": "2013-07-15T13:21:14 UTC+0000",
  "form": 0,
  "currentfixture": "",
  "pointspergame": 0,
  "transfersin": 0,
  "news": "",
  "originalcost": 4,
  "eventpoints": 0,
  "fixturehistory": {
    "all": [],
    "summary": []
  },
  "nextfixture": "Chelsea (A)",
  "transfersinevent": 0,
  "selectedby": "1.9",
  "teamid": 8,
  "secondname": "McShane",
  "name": "McShane",
  "cost": 4,
  

"seasonhistory": [
    [
      "2007/08",
      1764,
      0,
      0,
      0,
      37,
      0,
      0,
      0,
      3,
      1,
      0,
      9,
      0,
      0,
      39,
      38
    ],
    [
      "2008/09",
      1522,
      1,
      0,
      0,
      29,
      0,
      0,
      0,
      2,
      0,
      0,
      0,
      0,
      0,
      40,
      43
    ],
    [
      "2009/10",
      2293,
      0,
      0,
      0,
      51,
      0,
      0,
      0,
      5,
      0,
      0,
      0,
      0,
      0,
      39,
      48
    ]
  ]
}