{
  "transfersout": 0,
  "code": 14055,
  "eventtotal": 0,
  "lastseasonpoints": 0,
  "squadnumber": null,
  "transfersbalance": 0,
  "eventcost": 4,
  "indreamteam": false,
  "id": 176,
  "firstname": "Abdoulaye",
  "transfersoutevent": 0,
  "maxcost": 4,
  "eventexplain": [],
  "selected": 10419,
  "mincost": 4,
  "totalpoints": 0,
  "typename": "Defender",
  "teamname": "Hull City",
  "status": "a",
  "added": "2013-07-15T13:21:14 UTC+0000",
  "form": 0,
  "currentfixture": "",
  "pointspergame": 0,
  "transfersin": 0,
  "news": "",
  "originalcost": 4,
  "eventpoints": 0,
  "fixturehistory": {
    "all": [],
    "summary": []
  },
  "nextfixture": "Chelsea (A)",
  "transfersinevent": 0,
  "selectedby": "1.3",
  "teamid": 8,
  "secondname": "Faye",
  "name": "Faye",
  "cost": 4,
  

"seasonhistory": [
    [
      "2006/07",
      2520,
      2,
      1,
      0,
      40,
      0,
      0,
      0,
      9,
      0,
      0,
      10,
      0,
      0,
      48,
      82
    ],
    [
      "2007/08",
      1741,
      1,
      0,
      0,
      31,
      0,
      0,
      0,
      5,
      0,
      0,
      4,
      0,
      0,
      46,
      54
    ],
    [
      "2008/09",
      3185,
      3,
      0,
      0,
      50,
      0,
      0,
      0,
      6,
      0,
      0,
      14,
      0,
      0,
      45,
      127
    ],
    [
      "2009/10",
      2380,
      2,
      0,
      0,
      32,
      0,
      0,
      0,
      4,
      2,
      0,
      10,
      0,
      0,
      45,
      83
    ],
    [
      "2010/11",
      1127,
      1,
      0,
      1,
      19,
      0,
      0,
      0,
      1,
      0,
      0,
      0,
      0,
      0,
      40,
      28
    ]
  ]
}