{
  "transfersout": 0,
  "code": 295793,
  "eventtotal": 0,
  "lastseasonpoints": 0,
  "squadnumber": null,
  "transfersbalance": 0,
  "eventcost": 4.5,
  "indreamteam": false,
  "id": 178,
  "firstname": "Maynor",
  "transfersoutevent": 0,
  "maxcost": 4.5,
  "eventexplain": [],
  "selected": 26056,
  "mincost": 4.5,
  "totalpoints": 65,
  "typename": "Defender",
  "teamname": "Hull City",
  "status": "a",
  "added": "2013-07-15T13:21:14 UTC+0000",
  "form": 0,
  "currentfixture": "",
  "pointspergame": 0,
  "transfersin": 0,
  "news": "",
  "originalcost": 4.5,
  "eventpoints": 0,
  "fixturehistory": {
    "all": [],
    "summary": []
  },
  "nextfixture": "Chelsea (A)",
  "transfersinevent": 0,
  "selectedby": "3.3",
  "teamid": 8,
  "secondname": "Figueroa",
  "name": "Figueroa",
  "cost": 4.5,
  

"seasonhistory": []
}