{
  "transfersout": 0,
  "code": 19115,
  "eventtotal": 0,
  "lastseasonpoints": 0,
  "squadnumber": null,
  "transfersbalance": 0,
  "eventcost": 4.5,
  "indreamteam": false,
  "id": 179,
  "firstname": "Curtis",
  "transfersoutevent": 0,
  "maxcost": 4.5,
  "eventexplain": [],
  "selected": 2113,
  "mincost": 4.5,
  "totalpoints": 0,
  "typename": "Defender",
  "teamname": "Hull City",
  "status": "a",
  "added": "2013-07-15T13:21:14 UTC+0000",
  "form": 0,
  "currentfixture": "",
  "pointspergame": 0,
  "transfersin": 0,
  "news": "",
  "originalcost": 4.5,
  "eventpoints": 0,
  "fixturehistory": {
    "all": [],
    "summary": []
  },
  "nextfixture": "Chelsea (A)",
  "transfersinevent": 0,
  "selectedby": "0.3",
  "teamid": 8,
  "secondname": "Davies",
  "name": "Davies",
  "cost": 4.5,
  

"seasonhistory": [
    [
      "2007/08",
      814,
      1,
      0,
      0,
      13,
      0,
      0,
      0,
      1,
      0,
      0,
      3,
      0,
      0,
      49,
      25
    ],
    [
      "2008/09",
      2962,
      1,
      1,
      0,
      41,
      0,
      0,
      0,
      2,
      0,
      0,
      8,
      0,
      0,
      50,
      117
    ],
    [
      "2009/10",
      180,
      1,
      0,
      0,
      3,
      0,
      0,
      0,
      0,
      0,
      0,
      2,
      0,
      0,
      50,
      11
    ],
    [
      "2010/11",
      338,
      0,
      0,
      0,
      7,
      0,
      0,
      0,
      1,
      0,
      0,
      0,
      0,
      0,
      48,
      5
    ]
  ]
}