{
  "transfersout": 0,
  "code": 19524,
  "eventtotal": 0,
  "lastseasonpoints": 0,
  "squadnumber": null,
  "transfersbalance": 0,
  "eventcost": 10,
  "indreamteam": false,
  "id": 18,
  "firstname": "Santi",
  "transfersoutevent": 0,
  "maxcost": 10,
  "eventexplain": [],
  "selected": 79435,
  "mincost": 10,
  "totalpoints": 205,
  "typename": "Midfielder",
  "teamname": "Arsenal",
  "status": "a",
  "added": "2013-07-15T13:21:12 UTC+0000",
  "form": 0,
  "currentfixture": "",
  "pointspergame": 0,
  "transfersin": 0,
  "news": "",
  "originalcost": 10,
  "eventpoints": 0,
  "fixturehistory": {
    "all": [],
    "summary": []
  },
  "nextfixture": "Aston Villa (H)",
  "transfersinevent": 0,
  "selectedby": "10.2",
  "teamid": 1,
  "secondname": "Cazorla",
  "name": "Santi Cazorla",
  "cost": 10,
  

"seasonhistory": [
    [
      "2012/13",
      3301,
      12,
      13,
      13,
      37,
      0,
      0,
      0,
      1,
      0,
      0,
      19,
      638,
      0,
      97,
      205
    ]
  ]
}