{
  "transfersout": 0,
  "code": 61602,
  "eventtotal": 0,
  "lastseasonpoints": 0,
  "squadnumber": null,
  "transfersbalance": 0,
  "eventcost": 4.5,
  "indreamteam": false,
  "id": 180,
  "firstname": "Corry",
  "transfersoutevent": 0,
  "maxcost": 4.5,
  "eventexplain": [],
  "selected": 1407,
  "mincost": 4.5,
  "totalpoints": 0,
  "typename": "Midfielder",
  "teamname": "Hull City",
  "status": "a",
  "added": "2013-07-15T13:21:14 UTC+0000",
  "form": 0,
  "currentfixture": "",
  "pointspergame": 0,
  "transfersin": 0,
  "news": "",
  "originalcost": 4.5,
  "eventpoints": 0,
  "fixturehistory": {
    "all": [],
    "summary": []
  },
  "nextfixture": "Chelsea (A)",
  "transfersinevent": 0,
  "selectedby": "0.2",
  "teamid": 8,
  "secondname": "Evans",
  "name": "Evans",
  "cost": 4.5,
  

"seasonhistory": [
    [
      "2008/09",
      0,
      0,
      0,
      0,
      0,
      0,
      0,
      0,
      0,
      0,
      0,
      0,
      0,
      0,
      50,
      0
    ],
    [
      "2009/10",
      0,
      0,
      0,
      0,
      0,
      0,
      0,
      0,
      0,
      0,
      0,
      0,
      0,
      0,
      45,
      0
    ]
  ]
}