{
  "transfersout": 0,
  "code": 27522,
  "eventtotal": 0,
  "lastseasonpoints": 0,
  "squadnumber": null,
  "transfersbalance": 0,
  "eventcost": 5,
  "indreamteam": false,
  "id": 181,
  "firstname": "Robert",
  "transfersoutevent": 0,
  "maxcost": 5,
  "eventexplain": [],
  "selected": 8665,
  "mincost": 5,
  "totalpoints": 0,
  "typename": "Midfielder",
  "teamname": "Hull City",
  "status": "a",
  "added": "2013-07-15T13:21:14 UTC+0000",
  "form": 0,
  "currentfixture": "",
  "pointspergame": 0,
  "transfersin": 0,
  "news": "",
  "originalcost": 5,
  "eventpoints": 0,
  "fixturehistory": {
    "all": [],
    "summary": []
  },
  "nextfixture": "Chelsea (A)",
  "transfersinevent": 0,
  "selectedby": "1.1",
  "teamid": 8,
  "secondname": "Koren",
  "name": "Koren",
  "cost": 5,
  

"seasonhistory": [
    [
      "2008/09",
      2990,
      2,
      4,
      0,
      60,
      0,
      0,
      0,
      3,
      0,
      0,
      7,
      0,
      0,
      52,
      102
    ]
  ]
}