{
  "transfersout": 0,
  "code": 20462,
  "eventtotal": 0,
  "lastseasonpoints": 0,
  "squadnumber": null,
  "transfersbalance": 0,
  "eventcost": 4.5,
  "indreamteam": false,
  "id": 182,
  "firstname": "Stephen",
  "transfersoutevent": 0,
  "maxcost": 4.5,
  "eventexplain": [],
  "selected": 2547,
  "mincost": 4.5,
  "totalpoints": 0,
  "typename": "Midfielder",
  "teamname": "Hull City",
  "status": "a",
  "added": "2013-07-15T13:21:14 UTC+0000",
  "form": 0,
  "currentfixture": "",
  "pointspergame": 0,
  "transfersin": 0,
  "news": "",
  "originalcost": 4.5,
  "eventpoints": 0,
  "fixturehistory": {
    "all": [],
    "summary": []
  },
  "nextfixture": "Chelsea (A)",
  "transfersinevent": 0,
  "selectedby": "0.3",
  "teamid": 8,
  "secondname": "Quinn",
  "name": "Quinn",
  "cost": 4.5,
  

"seasonhistory": [
    [
      "2006/07",
      1200,
      2,
      4,
      0,
      23,
      0,
      0,
      0,
      0,
      0,
      0,
      4,
      0,
      0,
      42,
      56
    ]
  ]
}