{
  "transfersout": 0,
  "code": 90517,
  "eventtotal": 0,
  "lastseasonpoints": 0,
  "squadnumber": null,
  "transfersbalance": 0,
  "eventcost": 5,
  "indreamteam": false,
  "id": 183,
  "firstname": "Robbie",
  "transfersoutevent": 0,
  "maxcost": 5,
  "eventexplain": [],
  "selected": 7166,
  "mincost": 5,
  "totalpoints": 0,
  "typename": "Midfielder",
  "teamname": "Hull City",
  "status": "a",
  "added": "2013-07-15T13:21:14 UTC+0000",
  "form": 0,
  "currentfixture": "",
  "pointspergame": 0,
  "transfersin": 0,
  "news": "",
  "originalcost": 5,
  "eventpoints": 0,
  "fixturehistory": {
    "all": [],
    "summary": []
  },
  "nextfixture": "Chelsea (A)",
  "transfersinevent": 0,
  "selectedby": "0.9",
  "teamid": 8,
  "secondname": "Brady",
  "name": "Brady",
  "cost": 5,
  

"seasonhistory": []
}