{
  "transfersout": 0,
  "code": 53371,
  "eventtotal": 0,
  "lastseasonpoints": 0,
  "squadnumber": null,
  "transfersbalance": 0,
  "eventcost": 4.5,
  "indreamteam": false,
  "id": 184,
  "firstname": "David",
  "transfersoutevent": 0,
  "maxcost": 4.5,
  "eventexplain": [],
  "selected": 3329,
  "mincost": 4.5,
  "totalpoints": 3,
  "typename": "Midfielder",
  "teamname": "Hull City",
  "status": "a",
  "added": "2013-07-15T13:21:14 UTC+0000",
  "form": 0,
  "currentfixture": "",
  "pointspergame": 0,
  "transfersin": 0,
  "news": "",
  "originalcost": 4.5,
  "eventpoints": 0,
  "fixturehistory": {
    "all": [],
    "summary": []
  },
  "nextfixture": "Chelsea (A)",
  "transfersinevent": 0,
  "selectedby": "0.4",
  "teamid": 8,
  "secondname": "Meyler",
  "name": "Meyler",
  "cost": 4.5,
  

"seasonhistory": [
    [
      "2008/09",
      0,
      0,
      0,
      0,
      0,
      0,
      0,
      0,
      0,
      0,
      0,
      0,
      0,
      0,
      45,
      0
    ],
    [
      "2009/10",
      727,
      0,
      0,
      0,
      16,
      0,
      0,
      0,
      4,
      1,
      0,
      0,
      0,
      0,
      45,
      12
    ],
    [
      "2010/11",
      259,
      0,
      0,
      1,
      1,
      0,
      0,
      0,
      2,
      0,
      0,
      0,
      0,
      0,
      45,
      5
    ],
    [
      "2011/12",
      162,
      0,
      0,
      1,
      2,
      0,
      0,
      0,
      0,
      0,
      0,
      0,
      20,
      0,
      44,
      9
    ],
    [
      "2012/13",
      67,
      0,
      0,
      0,
      3,
      0,
      0,
      0,
      0,
      0,
      0,
      0,
      6,
      0,
      42,
      3
    ]
  ]
}