{
  "transfersout": 0,
  "code": 37339,
  "eventtotal": 0,
  "lastseasonpoints": 0,
  "squadnumber": null,
  "transfersbalance": 0,
  "eventcost": 5,
  "indreamteam": false,
  "id": 185,
  "firstname": "Ahmed",
  "transfersoutevent": 0,
  "maxcost": 5,
  "eventexplain": [],
  "selected": 5456,
  "mincost": 5,
  "totalpoints": 2,
  "typename": "Midfielder",
  "teamname": "Hull City",
  "status": "a",
  "added": "2013-07-15T13:21:14 UTC+0000",
  "form": 0,
  "currentfixture": "",
  "pointspergame": 0,
  "transfersin": 0,
  "news": "",
  "originalcost": 5,
  "eventpoints": 0,
  "fixturehistory": {
    "all": [],
    "summary": []
  },
  "nextfixture": "Chelsea (A)",
  "transfersinevent": 0,
  "selectedby": "0.7",
  "teamid": 8,
  "secondname": "Elmohamady",
  "name": "Elmohamady",
  "cost": 5,
  

"seasonhistory": [
    [
      "2010/11",
      2457,
      0,
      3,
      11,
      38,
      0,
      0,
      0,
      1,
      0,
      0,
      9,
      0,
      0,
      46,
      109
    ],
    [
      "2011/12",
      785,
      1,
      1,
      2,
      10,
      0,
      0,
      0,
      0,
      0,
      0,
      2,
      89,
      0,
      45,
      37
    ],
    [
      "2012/13",
      24,
      0,
      0,
      0,
      0,
      0,
      0,
      0,
      0,
      0,
      0,
      0,
      2,
      0,
      49,
      2
    ]
  ]
}