{
  "transfersout": 0,
  "code": 28566,
  "eventtotal": 0,
  "lastseasonpoints": 0,
  "squadnumber": null,
  "transfersbalance": 0,
  "eventcost": 6,
  "indreamteam": false,
  "id": 19,
  "firstname": "Vassiriki",
  "transfersoutevent": 0,
  "maxcost": 6,
  "eventexplain": [],
  "selected": 52,
  "mincost": 6,
  "totalpoints": 27,
  "typename": "Midfielder",
  "teamname": "Arsenal",
  "status": "i",
  "added": "2013-07-15T13:21:12 UTC+0000",
  "form": 0,
  "currentfixture": "",
  "pointspergame": 0,
  "transfersin": 0,
  "news": "Knee injury - Unknown return date",
  "originalcost": 6,
  "eventpoints": 0,
  "fixturehistory": {
    "all": [],
    "summary": []
  },
  "nextfixture": "Aston Villa (H)",
  "transfersinevent": 0,
  "selectedby": "0.0",
  "teamid": 1,
  "secondname": "Diaby",
  "name": "Diaby",
  "cost": 6,
  

"seasonhistory": [
    [
      "2006/07",
      741,
      1,
      0,
      0,
      9,
      0,
      0,
      0,
      2,
      0,
      0,
      2,
      0,
      0,
      59,
      28
    ],
    [
      "2007/08",
      714,
      1,
      1,
      0,
      10,
      0,
      0,
      0,
      0,
      1,
      0,
      0,
      0,
      0,
      53,
      28
    ],
    [
      "2008/09",
      1465,
      3,
      2,
      0,
      17,
      0,
      0,
      0,
      5,
      0,
      0,
      3,
      0,
      0,
      51,
      65
    ],
    [
      "2009/10",
      2319,
      6,
      3,
      0,
      30,
      1,
      0,
      0,
      2,
      0,
      0,
      13,
      0,
      0,
      56,
      113
    ],
    [
      "2010/11",
      953,
      2,
      3,
      3,
      16,
      0,
      0,
      0,
      1,
      1,
      0,
      3,
      0,
      0,
      72,
      46
    ],
    [
      "2011/12",
      94,
      0,
      0,
      0,
      0,
      0,
      0,
      0,
      1,
      0,
      0,
      0,
      13,
      0,
      74,
      3
    ],
    [
      "2012/13",
      706,
      0,
      0,
      6,
      5,
      0,
      0,
      0,
      1,
      0,
      0,
      2,
      99,
      0,
      61,
      27
    ]
  ]
}