{
  "transfersout": 0,
  "code": 8432,
  "eventtotal": 0,
  "lastseasonpoints": 0,
  "squadnumber": null,
  "transfersbalance": 0,
  "eventcost": 5.5,
  "indreamteam": false,
  "id": 190,
  "firstname": "Jose",
  "transfersoutevent": 0,
  "maxcost": 5.5,
  "eventexplain": [],
  "selected": 11009,
  "mincost": 5.5,
  "totalpoints": 125,
  "typename": "Goalkeeper",
  "teamname": "Liverpool",
  "status": "n",
  "added": "2013-07-15T13:21:14 UTC+0000",
  "form": 0,
  "currentfixture": "",
  "pointspergame": 0,
  "transfersin": 0,
  "news": "Joined Napoli in season-long loan deal. - Expected back 12 May",
  "originalcost": 5.5,
  "eventpoints": 0,
  "fixturehistory": {
    "all": [],
    "summary": []
  },
  "nextfixture": "Stoke City (H)",
  "transfersinevent": 0,
  "selectedby": "1.4",
  "teamid": 9,
  "secondname": "Reina",
  "name": "Reina",
  "cost": 5.5,
  

"seasonhistory": [
    [
      "2006/07",
      3150,
      0,
      0,
      0,
      23,
      0,
      0,
      0,
      0,
      0,
      65,
      0,
      0,
      0,
      62,
      150
    ],
    [
      "2007/08",
      3420,
      0,
      1,
      0,
      28,
      0,
      1,
      0,
      2,
      0,
      66,
      3,
      0,
      0,
      65,
      159
    ],
    [
      "2008/09",
      3420,
      0,
      2,
      0,
      27,
      0,
      0,
      0,
      0,
      0,
      88,
      0,
      0,
      0,
      60,
      169
    ],
    [
      "2009/10",
      3420,
      0,
      1,
      0,
      35,
      0,
      1,
      0,
      2,
      0,
      99,
      4,
      0,
      0,
      62,
      164
    ],
    [
      "2010/11",
      3420,
      0,
      0,
      14,
      44,
      1,
      0,
      0,
      4,
      0,
      106,
      2,
      0,
      0,
      61,
      135
    ],
    [
      "2011/12",
      3051,
      0,
      0,
      12,
      35,
      0,
      0,
      0,
      0,
      1,
      85,
      0,
      355,
      0,
      64,
      122
    ],
    [
      "2012/13",
      2790,
      0,
      0,
      14,
      34,
      0,
      1,
      0,
      1,
      0,
      81,
      3,
      362,
      0,
      58,
      125
    ]
  ]
}