{
  "transfersout": 0,
  "code": 9631,
  "eventtotal": 0,
  "lastseasonpoints": 0,
  "squadnumber": null,
  "transfersbalance": 0,
  "eventcost": 4.5,
  "indreamteam": false,
  "id": 191,
  "firstname": "Brad",
  "transfersoutevent": 0,
  "maxcost": 4.5,
  "eventexplain": [],
  "selected": 2704,
  "mincost": 4.5,
  "totalpoints": 24,
  "typename": "Goalkeeper",
  "teamname": "Liverpool",
  "status": "a",
  "added": "2013-07-15T13:21:14 UTC+0000",
  "form": 0,
  "currentfixture": "",
  "pointspergame": 0,
  "transfersin": 0,
  "news": "",
  "originalcost": 4.5,
  "eventpoints": 0,
  "fixturehistory": {
    "all": [],
    "summary": []
  },
  "nextfixture": "Stoke City (H)",
  "transfersinevent": 0,
  "selectedby": "0.3",
  "teamid": 9,
  "secondname": "Jones",
  "name": "Jones",
  "cost": 4.5,
  

"seasonhistory": [
    [
      "2006/07",
      180,
      0,
      0,
      0,
      1,
      0,
      0,
      0,
      0,
      0,
      7,
      0,
      0,
      0,
      45,
      10
    ],
    [
      "2007/08",
      90,
      0,
      0,
      0,
      3,
      0,
      0,
      0,
      0,
      0,
      1,
      0,
      0,
      0,
      39,
      1
    ],
    [
      "2008/09",
      1440,
      0,
      0,
      0,
      23,
      0,
      0,
      0,
      0,
      0,
      54,
      0,
      0,
      0,
      40,
      53
    ],
    [
      "2010/11",
      0,
      0,
      0,
      0,
      0,
      0,
      0,
      0,
      0,
      0,
      0,
      0,
      0,
      0,
      49,
      0
    ],
    [
      "2011/12",
      65,
      0,
      0,
      0,
      2,
      0,
      1,
      0,
      1,
      0,
      4,
      0,
      13,
      0,
      44,
      6
    ],
    [
      "2012/13",
      630,
      0,
      0,
      2,
      9,
      0,
      0,
      0,
      0,
      0,
      23,
      1,
      91,
      0,
      44,
      24
    ]
  ]
}