{
  "transfersout": 0,
  "code": 66797,
  "eventtotal": 0,
  "lastseasonpoints": 0,
  "squadnumber": null,
  "transfersbalance": 0,
  "eventcost": 5.5,
  "indreamteam": false,
  "id": 192,
  "firstname": "Simon",
  "transfersoutevent": 0,
  "maxcost": 5.5,
  "eventexplain": [],
  "selected": 194108,
  "mincost": 5.5,
  "totalpoints": 140,
  "typename": "Goalkeeper",
  "teamname": "Liverpool",
  "status": "a",
  "added": "2013-07-15T13:21:14 UTC+0000",
  "form": 0,
  "currentfixture": "",
  "pointspergame": 0,
  "transfersin": 0,
  "news": "",
  "originalcost": 5.5,
  "eventpoints": 0,
  "fixturehistory": {
    "all": [],
    "summary": []
  },
  "nextfixture": "Stoke City (H)",
  "transfersinevent": 0,
  "selectedby": "24.9",
  "teamid": 9,
  "secondname": "Mignolet",
  "name": "Mignolet",
  "cost": 5.5,
  

"seasonhistory": [
    [
      "2010/11",
      2070,
      0,
      0,
      8,
      35,
      0,
      0,
      0,
      1,
      0,
      74,
      2,
      0,
      0,
      40,
      83
    ],
    [
      "2011/12",
      2571,
      0,
      0,
      11,
      33,
      0,
      1,
      0,
      0,
      0,
      91,
      5,
      303,
      0,
      44,
      121
    ],
    [
      "2012/13",
      3420,
      0,
      0,
      11,
      54,
      0,
      0,
      0,
      1,
      0,
      155,
      2,
      391,
      0,
      53,
      140
    ]
  ]
}