{
  "transfersout": 0,
  "code": 58786,
  "eventtotal": 0,
  "lastseasonpoints": 0,
  "squadnumber": null,
  "transfersbalance": 0,
  "eventcost": 4.5,
  "indreamteam": false,
  "id": 193,
  "firstname": "Martin",
  "transfersoutevent": 0,
  "maxcost": 4.5,
  "eventexplain": [],
  "selected": 2327,
  "mincost": 4.5,
  "totalpoints": 6,
  "typename": "Defender",
  "teamname": "Liverpool",
  "status": "a",
  "added": "2013-07-15T13:21:14 UTC+0000",
  "form": 0,
  "currentfixture": "",
  "pointspergame": 0,
  "transfersin": 0,
  "news": "",
  "originalcost": 4.5,
  "eventpoints": 0,
  "fixturehistory": {
    "all": [],
    "summary": []
  },
  "nextfixture": "Stoke City (H)",
  "transfersinevent": 0,
  "selectedby": "0.3",
  "teamid": 9,
  "secondname": "Kelly",
  "name": "Kelly",
  "cost": 4.5,
  

"seasonhistory": [
    [
      "2009/10",
      21,
      0,
      0,
      0,
      1,
      0,
      0,
      0,
      0,
      0,
      0,
      0,
      0,
      0,
      45,
      1
    ],
    [
      "2010/11",
      860,
      0,
      1,
      5,
      7,
      0,
      0,
      0,
      1,
      0,
      0,
      2,
      0,
      0,
      37,
      42
    ],
    [
      "2011/12",
      962,
      0,
      1,
      4,
      7,
      0,
      0,
      0,
      1,
      0,
      0,
      4,
      125,
      0,
      52,
      43
    ],
    [
      "2012/13",
      335,
      0,
      0,
      0,
      7,
      0,
      0,
      0,
      0,
      0,
      0,
      0,
      29,
      0,
      51,
      6
    ]
  ]
}