{
  "transfersout": 0,
  "code": 9047,
  "eventtotal": 0,
  "lastseasonpoints": 0,
  "squadnumber": null,
  "transfersbalance": 0,
  "eventcost": 6,
  "indreamteam": false,
  "id": 194,
  "firstname": "Glen",
  "transfersoutevent": 0,
  "maxcost": 6,
  "eventexplain": [],
  "selected": 112424,
  "mincost": 6,
  "totalpoints": 142,
  "typename": "Defender",
  "teamname": "Liverpool",
  "status": "a",
  "added": "2013-07-15T13:21:14 UTC+0000",
  "form": 0,
  "currentfixture": "",
  "pointspergame": 0,
  "transfersin": 0,
  "news": "",
  "originalcost": 6,
  "eventpoints": 0,
  "fixturehistory": {
    "all": [],
    "summary": []
  },
  "nextfixture": "Stoke City (H)",
  "transfersinevent": 0,
  "selectedby": "14.4",
  "teamid": 9,
  "secondname": "Johnson",
  "name": "Johnson",
  "cost": 6,
  

"seasonhistory": [
    [
      "2006/07",
      2258,
      0,
      2,
      0,
      25,
      0,
      0,
      0,
      4,
      0,
      0,
      9,
      0,
      0,
      48,
      92
    ],
    [
      "2007/08",
      2715,
      1,
      4,
      0,
      29,
      0,
      0,
      0,
      3,
      0,
      0,
      10,
      0,
      0,
      60,
      136
    ],
    [
      "2008/09",
      2590,
      3,
      4,
      0,
      38,
      0,
      0,
      0,
      8,
      1,
      0,
      18,
      0,
      0,
      54,
      115
    ],
    [
      "2009/10",
      2137,
      3,
      5,
      0,
      22,
      1,
      0,
      0,
      1,
      0,
      0,
      4,
      0,
      0,
      77,
      124
    ],
    [
      "2010/11",
      2437,
      2,
      2,
      10,
      34,
      0,
      0,
      0,
      4,
      0,
      0,
      3,
      0,
      0,
      71,
      100
    ],
    [
      "2011/12",
      1952,
      1,
      1,
      9,
      18,
      0,
      0,
      0,
      2,
      0,
      0,
      16,
      323,
      0,
      68,
      100
    ],
    [
      "2012/13",
      3223,
      1,
      5,
      16,
      39,
      0,
      0,
      0,
      7,
      0,
      0,
      7,
      440,
      0,
      65,
      142
    ]
  ]
}