{
  "transfersout": 0,
  "code": 26793,
  "eventtotal": 0,
  "lastseasonpoints": 0,
  "squadnumber": null,
  "transfersbalance": 0,
  "eventcost": 5.5,
  "indreamteam": false,
  "id": 195,
  "firstname": "Martin",
  "transfersoutevent": 0,
  "maxcost": 5.5,
  "eventexplain": [],
  "selected": 10285,
  "mincost": 5.5,
  "totalpoints": 88,
  "typename": "Defender",
  "teamname": "Liverpool",
  "status": "a",
  "added": "2013-07-15T13:21:14 UTC+0000",
  "form": 0,
  "currentfixture": "",
  "pointspergame": 0,
  "transfersin": 0,
  "news": "",
  "originalcost": 5.5,
  "eventpoints": 0,
  "fixturehistory": {
    "all": [],
    "summary": []
  },
  "nextfixture": "Stoke City (H)",
  "transfersinevent": 0,
  "selectedby": "1.3",
  "teamid": 9,
  "secondname": "Skrtel",
  "name": "Skrtel",
  "cost": 5.5,
  

"seasonhistory": [
    [
      "2007/08",
      1191,
      0,
      0,
      0,
      10,
      0,
      0,
      0,
      1,
      0,
      0,
      3,
      0,
      0,
      59,
      55
    ],
    [
      "2008/09",
      1812,
      0,
      2,
      0,
      14,
      0,
      0,
      0,
      4,
      0,
      0,
      5,
      0,
      0,
      56,
      81
    ],
    [
      "2009/10",
      1409,
      1,
      0,
      0,
      18,
      0,
      0,
      0,
      5,
      0,
      0,
      5,
      0,
      0,
      55,
      55
    ],
    [
      "2010/11",
      3420,
      2,
      1,
      14,
      44,
      1,
      0,
      0,
      8,
      0,
      0,
      4,
      0,
      0,
      59,
      126
    ],
    [
      "2011/12",
      2993,
      2,
      1,
      10,
      38,
      1,
      0,
      0,
      2,
      1,
      0,
      7,
      352,
      0,
      60,
      113
    ],
    [
      "2012/13",
      2080,
      2,
      0,
      9,
      31,
      0,
      0,
      0,
      4,
      0,
      0,
      8,
      296,
      0,
      56,
      88
    ]
  ]
}