{
  "transfersout": 0,
  "code": 21094,
  "eventtotal": 0,
  "lastseasonpoints": 0,
  "squadnumber": null,
  "transfersbalance": 0,
  "eventcost": 6,
  "indreamteam": false,
  "id": 196,
  "firstname": "Daniel",
  "transfersoutevent": 0,
  "maxcost": 6,
  "eventexplain": [],
  "selected": 69451,
  "mincost": 6,
  "totalpoints": 134,
  "typename": "Defender",
  "teamname": "Liverpool",
  "status": "a",
  "added": "2013-07-15T13:21:14 UTC+0000",
  "form": 0,
  "currentfixture": "",
  "pointspergame": 0,
  "transfersin": 0,
  "news": "",
  "originalcost": 6,
  "eventpoints": 0,
  "fixturehistory": {
    "all": [],
    "summary": []
  },
  "nextfixture": "Stoke City (H)",
  "transfersinevent": 0,
  "selectedby": "8.9",
  "teamid": 9,
  "secondname": "Agger",
  "name": "Agger",
  "cost": 6,
  

"seasonhistory": [
    [
      "2006/07",
      2168,
      2,
      2,
      0,
      11,
      0,
      0,
      0,
      1,
      0,
      0,
      6,
      0,
      0,
      68,
      131
    ],
    [
      "2007/08",
      436,
      0,
      0,
      0,
      2,
      0,
      0,
      0,
      0,
      0,
      0,
      1,
      0,
      0,
      67,
      23
    ],
    [
      "2008/09",
      1370,
      1,
      2,
      0,
      13,
      0,
      0,
      0,
      2,
      0,
      0,
      3,
      0,
      0,
      55,
      73
    ],
    [
      "2009/10",
      1977,
      0,
      0,
      0,
      15,
      0,
      0,
      0,
      0,
      0,
      0,
      4,
      0,
      0,
      62,
      92
    ],
    [
      "2010/11",
      1092,
      0,
      0,
      6,
      10,
      0,
      0,
      0,
      0,
      0,
      0,
      5,
      0,
      0,
      63,
      54
    ],
    [
      "2011/12",
      2140,
      1,
      3,
      9,
      21,
      1,
      0,
      0,
      6,
      0,
      0,
      5,
      239,
      0,
      58,
      95
    ],
    [
      "2012/13",
      3097,
      3,
      0,
      15,
      39,
      0,
      0,
      0,
      3,
      1,
      0,
      8,
      368,
      0,
      64,
      134
    ]
  ]
}