{
  "transfersout": 0,
  "code": 26725,
  "eventtotal": 0,
  "lastseasonpoints": 0,
  "squadnumber": null,
  "transfersbalance": 0,
  "eventcost": 6,
  "indreamteam": false,
  "id": 197,
  "firstname": "Sanchez",
  "transfersoutevent": 0,
  "maxcost": 6,
  "eventexplain": [],
  "selected": 60185,
  "mincost": 6,
  "totalpoints": 134,
  "typename": "Defender",
  "teamname": "Liverpool",
  "status": "a",
  "added": "2013-07-15T13:21:14 UTC+0000",
  "form": 0,
  "currentfixture": "",
  "pointspergame": 0,
  "transfersin": 0,
  "news": "",
  "originalcost": 6,
  "eventpoints": 0,
  "fixturehistory": {
    "all": [],
    "summary": []
  },
  "nextfixture": "Stoke City (H)",
  "transfersinevent": 0,
  "selectedby": "7.7",
  "teamid": 9,
  "secondname": "Jose Enrique",
  "name": "Jose Enrique",
  "cost": 6,
  

"seasonhistory": [
    [
      "2007/08",
      1617,
      0,
      1,
      0,
      30,
      0,
      0,
      0,
      1,
      0,
      0,
      2,
      0,
      0,
      44,
      54
    ],
    [
      "2008/09",
      1968,
      0,
      2,
      0,
      32,
      0,
      0,
      0,
      1,
      0,
      0,
      3,
      0,
      0,
      47,
      62
    ],
    [
      "2010/11",
      3124,
      0,
      3,
      9,
      50,
      0,
      0,
      0,
      5,
      0,
      0,
      11,
      0,
      0,
      47,
      105
    ],
    [
      "2011/12",
      2995,
      0,
      2,
      11,
      35,
      0,
      0,
      0,
      2,
      0,
      0,
      9,
      439,
      0,
      54,
      116
    ],
    [
      "2012/13",
      2257,
      2,
      6,
      12,
      23,
      0,
      0,
      0,
      1,
      0,
      0,
      12,
      377,
      0,
      61,
      134
    ]
  ]
}