{
  "transfersout": 0,
  "code": 78108,
  "eventtotal": 0,
  "lastseasonpoints": 0,
  "squadnumber": null,
  "transfersbalance": 0,
  "eventcost": 4.5,
  "indreamteam": false,
  "id": 198,
  "firstname": "Sebastian",
  "transfersoutevent": 0,
  "maxcost": 4.5,
  "eventexplain": [],
  "selected": 990,
  "mincost": 4.5,
  "totalpoints": 8,
  "typename": "Defender",
  "teamname": "Liverpool",
  "status": "a",
  "added": "2013-07-15T13:21:14 UTC+0000",
  "form": 0,
  "currentfixture": "",
  "pointspergame": 0,
  "transfersin": 0,
  "news": "",
  "originalcost": 4.5,
  "eventpoints": 0,
  "fixturehistory": {
    "all": [],
    "summary": []
  },
  "nextfixture": "Stoke City (H)",
  "transfersinevent": 0,
  "selectedby": "0.1",
  "teamid": 9,
  "secondname": "Coates",
  "name": "Coates",
  "cost": 4.5,
  

"seasonhistory": [
    [
      "2011/12",
      487,
      1,
      0,
      1,
      10,
      0,
      0,
      0,
      1,
      0,
      0,
      0,
      68,
      0,
      49,
      18
    ],
    [
      "2012/13",
      236,
      0,
      0,
      0,
      3,
      0,
      0,
      0,
      0,
      0,
      0,
      2,
      36,
      0,
      44,
      8
    ]
  ]
}