{
  "transfersout": 0,
  "code": 89088,
  "eventtotal": 0,
  "lastseasonpoints": 0,
  "squadnumber": null,
  "transfersbalance": 0,
  "eventcost": 4.5,
  "indreamteam": false,
  "id": 199,
  "firstname": "Andre",
  "transfersoutevent": 0,
  "maxcost": 4.5,
  "eventexplain": [],
  "selected": 2324,
  "mincost": 4.5,
  "totalpoints": 45,
  "typename": "Defender",
  "teamname": "Liverpool",
  "status": "a",
  "added": "2013-07-15T13:21:14 UTC+0000",
  "form": 0,
  "currentfixture": "",
  "pointspergame": 0,
  "transfersin": 0,
  "news": "",
  "originalcost": 4.5,
  "eventpoints": 0,
  "fixturehistory": {
    "all": [],
    "summary": []
  },
  "nextfixture": "Stoke City (H)",
  "transfersinevent": 0,
  "selectedby": "0.3",
  "teamid": 9,
  "secondname": "Wisdom",
  "name": "Wisdom",
  "cost": 4.5,
  

"seasonhistory": [
    [
      "2010/11",
      0,
      0,
      0,
      0,
      0,
      0,
      0,
      0,
      0,
      0,
      0,
      0,
      0,
      0,
      40,
      0
    ],
    [
      "2012/13",
      1014,
      0,
      1,
      5,
      11,
      0,
      0,
      0,
      0,
      0,
      0,
      3,
      137,
      0,
      38,
      45
    ]
  ]
}