{
  "transfersout": 0,
  "code": 59936,
  "eventtotal": 0,
  "lastseasonpoints": 0,
  "squadnumber": null,
  "transfersbalance": 0,
  "eventcost": 5.5,
  "indreamteam": false,
  "id": 2,
  "firstname": "Wojciech",
  "transfersoutevent": 0,
  "maxcost": 5.5,
  "eventexplain": [],
  "selected": 36804,
  "mincost": 5.5,
  "totalpoints": 102,
  "typename": "Goalkeeper",
  "teamname": "Arsenal",
  "status": "a",
  "added": "2013-07-15T13:21:12 UTC+0000",
  "form": 0,
  "currentfixture": "",
  "pointspergame": 0,
  "transfersin": 0,
  "news": "",
  "originalcost": 5.5,
  "eventpoints": 0,
  "fixturehistory": {
    "all": [],
    "summary": []
  },
  "nextfixture": "Aston Villa (H)",
  "transfersinevent": 0,
  "selectedby": "4.7",
  "teamid": 1,
  "secondname": "Szczesny",
  "name": "Szczesny",
  "cost": 5.5,
  

"seasonhistory": [
    [
      "2008/09",
      0,
      0,
      0,
      0,
      0,
      0,
      0,
      0,
      0,
      0,
      0,
      0,
      0,
      0,
      45,
      0
    ],
    [
      "2009/10",
      0,
      0,
      0,
      0,
      0,
      0,
      0,
      0,
      0,
      0,
      0,
      0,
      0,
      0,
      45,
      0
    ],
    [
      "2010/11",
      1350,
      0,
      0,
      6,
      19,
      0,
      1,
      0,
      1,
      0,
      45,
      0,
      0,
      0,
      43,
      62
    ],
    [
      "2011/12",
      3420,
      0,
      0,
      13,
      49,
      0,
      1,
      0,
      2,
      0,
      82,
      8,
      469,
      0,
      59,
      139
    ],
    [
      "2012/13",
      2250,
      0,
      0,
      10,
      24,
      0,
      1,
      0,
      1,
      0,
      71,
      3,
      314,
      0,
      53,
      102
    ]
  ]
}