{
  "transfersout": 0,
  "code": 56861,
  "eventtotal": 0,
  "lastseasonpoints": 0,
  "squadnumber": null,
  "transfersbalance": 0,
  "eventcost": 4.5,
  "indreamteam": false,
  "id": 20,
  "firstname": "Emmanuel",
  "transfersoutevent": 0,
  "maxcost": 4.5,
  "eventexplain": [],
  "selected": 3056,
  "mincost": 4.5,
  "totalpoints": 12,
  "typename": "Midfielder",
  "teamname": "Arsenal",
  "status": "a",
  "added": "2013-07-15T13:21:12 UTC+0000",
  "form": 0,
  "currentfixture": "",
  "pointspergame": 0,
  "transfersin": 0,
  "news": "",
  "originalcost": 4.5,
  "eventpoints": 0,
  "fixturehistory": {
    "all": [],
    "summary": []
  },
  "nextfixture": "Aston Villa (H)",
  "transfersinevent": 0,
  "selectedby": "0.4",
  "teamid": 1,
  "secondname": "Frimpong",
  "name": "Frimpong",
  "cost": 4.5,
  

"seasonhistory": [
    [
      "2008/09",
      0,
      0,
      0,
      0,
      0,
      0,
      0,
      0,
      0,
      0,
      0,
      0,
      0,
      0,
      47,
      0
    ],
    [
      "2011/12",
      503,
      0,
      1,
      1,
      11,
      0,
      0,
      0,
      1,
      1,
      0,
      0,
      59,
      0,
      50,
      17
    ],
    [
      "2012/13",
      223,
      0,
      1,
      2,
      2,
      0,
      0,
      0,
      1,
      0,
      0,
      0,
      39,
      0,
      45,
      12
    ]
  ]
}