{
  "transfersout": 0,
  "code": 94147,
  "eventtotal": 0,
  "lastseasonpoints": 0,
  "squadnumber": null,
  "transfersbalance": 0,
  "eventcost": 4,
  "indreamteam": false,
  "id": 200,
  "firstname": "Conor",
  "transfersoutevent": 0,
  "maxcost": 4,
  "eventexplain": [],
  "selected": 692,
  "mincost": 4,
  "totalpoints": 1,
  "typename": "Defender",
  "teamname": "Liverpool",
  "status": "n",
  "added": "2013-07-15T13:21:14 UTC+0000",
  "form": 0,
  "currentfixture": "",
  "pointspergame": 0,
  "transfersin": 0,
  "news": "Joined Sheffield United on six-month loan deal on 22/7. - Expected back 22 Jan",
  "originalcost": 4,
  "eventpoints": 0,
  "fixturehistory": {
    "all": [],
    "summary": []
  },
  "nextfixture": "Stoke City (H)",
  "transfersinevent": 0,
  "selectedby": "0.1",
  "teamid": 9,
  "secondname": "Coady",
  "name": "Coady",
  "cost": 4,
  

"seasonhistory": [
    [
      "2010/11",
      0,
      0,
      0,
      0,
      0,
      0,
      0,
      0,
      0,
      0,
      0,
      0,
      0,
      0,
      40,
      0
    ],
    [
      "2012/13",
      3,
      0,
      0,
      0,
      0,
      0,
      0,
      0,
      0,
      0,
      0,
      0,
      0,
      0,
      40,
      1
    ]
  ]
}