{
  "transfersout": 0,
  "code": 12450,
  "eventtotal": 0,
  "lastseasonpoints": 0,
  "squadnumber": null,
  "transfersbalance": 0,
  "eventcost": 5,
  "indreamteam": false,
  "id": 201,
  "firstname": "Kolo",
  "transfersoutevent": 0,
  "maxcost": 5,
  "eventexplain": [],
  "selected": 40815,
  "mincost": 5,
  "totalpoints": 44,
  "typename": "Defender",
  "teamname": "Liverpool",
  "status": "a",
  "added": "2013-07-15T13:21:14 UTC+0000",
  "form": 0,
  "currentfixture": "",
  "pointspergame": 0,
  "transfersin": 0,
  "news": "",
  "originalcost": 5,
  "eventpoints": 0,
  "fixturehistory": {
    "all": [],
    "summary": []
  },
  "nextfixture": "Stoke City (H)",
  "transfersinevent": 0,
  "selectedby": "5.2",
  "teamid": 9,
  "secondname": "Toure",
  "name": "Toure",
  "cost": 5,
  

"seasonhistory": [
    [
      "2006/07",
      3150,
      3,
      3,
      0,
      33,
      0,
      0,
      0,
      6,
      0,
      0,
      3,
      0,
      0,
      69,
      131
    ],
    [
      "2007/08",
      2565,
      2,
      3,
      0,
      26,
      0,
      0,
      0,
      3,
      0,
      0,
      10,
      0,
      0,
      65,
      115
    ],
    [
      "2008/09",
      2280,
      1,
      1,
      0,
      25,
      0,
      0,
      0,
      3,
      0,
      0,
      7,
      0,
      0,
      65,
      107
    ],
    [
      "2009/10",
      2709,
      1,
      0,
      0,
      36,
      0,
      0,
      0,
      1,
      0,
      0,
      6,
      0,
      0,
      63,
      93
    ],
    [
      "2010/11",
      1847,
      1,
      0,
      9,
      14,
      0,
      0,
      0,
      2,
      1,
      0,
      0,
      0,
      0,
      62,
      76
    ],
    [
      "2011/12",
      853,
      0,
      0,
      4,
      8,
      0,
      0,
      0,
      0,
      0,
      0,
      2,
      124,
      0,
      60,
      40
    ],
    [
      "2012/13",
      922,
      0,
      0,
      5,
      8,
      0,
      0,
      0,
      2,
      0,
      0,
      3,
      124,
      0,
      51,
      44
    ]
  ]
}