{
  "transfersout": 0,
  "code": 12002,
  "eventtotal": 0,
  "lastseasonpoints": 0,
  "squadnumber": null,
  "transfersbalance": 0,
  "eventcost": 6,
  "indreamteam": false,
  "id": 202,
  "firstname": "Stewart",
  "transfersoutevent": 0,
  "maxcost": 6,
  "eventexplain": [],
  "selected": 6503,
  "mincost": 6,
  "totalpoints": 100,
  "typename": "Midfielder",
  "teamname": "Liverpool",
  "status": "a",
  "added": "2013-07-15T13:21:14 UTC+0000",
  "form": 0,
  "currentfixture": "",
  "pointspergame": 0,
  "transfersin": 0,
  "news": "",
  "originalcost": 6,
  "eventpoints": 0,
  "fixturehistory": {
    "all": [],
    "summary": []
  },
  "nextfixture": "Stoke City (H)",
  "transfersinevent": 0,
  "selectedby": "0.8",
  "teamid": 9,
  "secondname": "Downing",
  "name": "Downing",
  "cost": 6,
  

"seasonhistory": [
    [
      "2006/07",
      3038,
      2,
      7,
      0,
      47,
      0,
      0,
      0,
      4,
      0,
      0,
      18,
      0,
      0,
      72,
      120
    ],
    [
      "2007/08",
      3415,
      9,
      6,
      0,
      53,
      0,
      0,
      0,
      3,
      0,
      0,
      22,
      0,
      0,
      71,
      166
    ],
    [
      "2008/09",
      3254,
      0,
      4,
      0,
      54,
      0,
      0,
      2,
      0,
      0,
      0,
      15,
      0,
      0,
      68,
      103
    ],
    [
      "2009/10",
      2070,
      2,
      1,
      0,
      20,
      0,
      0,
      0,
      0,
      0,
      0,
      3,
      0,
      0,
      69,
      77
    ],
    [
      "2010/11",
      3385,
      7,
      9,
      7,
      59,
      0,
      0,
      0,
      0,
      0,
      0,
      18,
      0,
      0,
      71,
      163
    ],
    [
      "2011/12",
      2473,
      0,
      2,
      9,
      27,
      0,
      0,
      1,
      1,
      0,
      0,
      5,
      282,
      0,
      77,
      79
    ],
    [
      "2012/13",
      2191,
      3,
      6,
      11,
      27,
      0,
      0,
      0,
      0,
      0,
      0,
      4,
      302,
      0,
      57,
      100
    ]
  ]
}