{
  "transfersout": 0,
  "code": 1814,
  "eventtotal": 0,
  "lastseasonpoints": 0,
  "squadnumber": null,
  "transfersbalance": 0,
  "eventcost": 9,
  "indreamteam": false,
  "id": 203,
  "firstname": "Steven",
  "transfersoutevent": 0,
  "maxcost": 9,
  "eventexplain": [],
  "selected": 47380,
  "mincost": 9,
  "totalpoints": 185,
  "typename": "Midfielder",
  "teamname": "Liverpool",
  "status": "a",
  "added": "2013-07-15T13:21:14 UTC+0000",
  "form": 0,
  "currentfixture": "",
  "pointspergame": 0,
  "transfersin": 0,
  "news": "",
  "originalcost": 9,
  "eventpoints": 0,
  "fixturehistory": {
    "all": [],
    "summary": []
  },
  "nextfixture": "Stoke City (H)",
  "transfersinevent": 0,
  "selectedby": "6.1",
  "teamid": 9,
  "secondname": "Gerrard",
  "name": "Gerrard",
  "cost": 9,
  

"seasonhistory": [
    [
      "2006/07",
      3072,
      7,
      8,
      0,
      23,
      0,
      0,
      1,
      1,
      0,
      0,
      35,
      0,
      0,
      105,
      180
    ],
    [
      "2007/08",
      2840,
      11,
      11,
      0,
      25,
      0,
      0,
      0,
      3,
      0,
      0,
      35,
      0,
      0,
      106,
      200
    ],
    [
      "2008/09",
      2623,
      16,
      10,
      0,
      18,
      0,
      0,
      1,
      5,
      0,
      0,
      35,
      0,
      0,
      124,
      216
    ],
    [
      "2009/10",
      2841,
      9,
      7,
      0,
      28,
      0,
      0,
      0,
      6,
      0,
      0,
      18,
      0,
      0,
      125,
      159
    ],
    [
      "2010/11",
      1870,
      4,
      5,
      7,
      26,
      0,
      0,
      1,
      2,
      0,
      0,
      8,
      0,
      0,
      113,
      88
    ],
    [
      "2011/12",
      1218,
      5,
      2,
      4,
      16,
      0,
      0,
      0,
      0,
      0,
      0,
      10,
      237,
      0,
      94,
      75
    ],
    [
      "2012/13",
      3221,
      10,
      12,
      15,
      42,
      1,
      0,
      1,
      5,
      0,
      0,
      21,
      571,
      0,
      92,
      185
    ]
  ]
}