{
  "transfersout": 0,
  "code": 43191,
  "eventtotal": 0,
  "lastseasonpoints": 0,
  "squadnumber": null,
  "transfersbalance": 0,
  "eventcost": 4.5,
  "indreamteam": false,
  "id": 204,
  "firstname": "Leiva",
  "transfersoutevent": 0,
  "maxcost": 4.5,
  "eventexplain": [],
  "selected": 28362,
  "mincost": 4.5,
  "totalpoints": 55,
  "typename": "Midfielder",
  "teamname": "Liverpool",
  "status": "a",
  "added": "2013-07-15T13:21:14 UTC+0000",
  "form": 0,
  "currentfixture": "",
  "pointspergame": 0,
  "transfersin": 0,
  "news": "",
  "originalcost": 4.5,
  "eventpoints": 0,
  "fixturehistory": {
    "all": [],
    "summary": []
  },
  "nextfixture": "Stoke City (H)",
  "transfersinevent": 0,
  "selectedby": "3.6",
  "teamid": 9,
  "secondname": "Lucas",
  "name": "Lucas",
  "cost": 4.5,
  

"seasonhistory": [
    [
      "2007/08",
      1110,
      0,
      5,
      0,
      7,
      0,
      0,
      0,
      0,
      0,
      0,
      2,
      0,
      0,
      64,
      55
    ],
    [
      "2008/09",
      1294,
      1,
      2,
      0,
      8,
      0,
      0,
      0,
      2,
      0,
      0,
      0,
      0,
      0,
      62,
      54
    ],
    [
      "2009/10",
      2841,
      0,
      2,
      0,
      32,
      1,
      0,
      0,
      9,
      0,
      0,
      10,
      0,
      0,
      49,
      86
    ],
    [
      "2010/11",
      2858,
      0,
      2,
      12,
      37,
      0,
      0,
      0,
      6,
      1,
      0,
      7,
      0,
      0,
      45,
      81
    ],
    [
      "2011/12",
      1043,
      0,
      0,
      4,
      10,
      0,
      0,
      0,
      5,
      0,
      0,
      0,
      123,
      0,
      47,
      22
    ],
    [
      "2012/13",
      1942,
      0,
      1,
      11,
      24,
      0,
      0,
      0,
      6,
      0,
      0,
      1,
      277,
      0,
      46,
      55
    ]
  ]
}