{
  "transfersout": 0,
  "code": 56979,
  "eventtotal": 0,
  "lastseasonpoints": 0,
  "squadnumber": null,
  "transfersbalance": 0,
  "eventcost": 6,
  "indreamteam": false,
  "id": 205,
  "firstname": "Jordan",
  "transfersoutevent": 0,
  "maxcost": 6,
  "eventexplain": [],
  "selected": 4451,
  "mincost": 6,
  "totalpoints": 95,
  "typename": "Midfielder",
  "teamname": "Liverpool",
  "status": "a",
  "added": "2013-07-15T13:21:14 UTC+0000",
  "form": 0,
  "currentfixture": "",
  "pointspergame": 0,
  "transfersin": 0,
  "news": "",
  "originalcost": 6,
  "eventpoints": 0,
  "fixturehistory": {
    "all": [],
    "summary": []
  },
  "nextfixture": "Stoke City (H)",
  "transfersinevent": 0,
  "selectedby": "0.6",
  "teamid": 9,
  "secondname": "Henderson",
  "name": "Henderson",
  "cost": 6,
  

"seasonhistory": [
    [
      "2008/09",
      45,
      0,
      0,
      0,
      2,
      0,
      0,
      0,
      0,
      0,
      0,
      0,
      0,
      0,
      45,
      1
    ],
    [
      "2009/10",
      2187,
      1,
      5,
      0,
      45,
      0,
      0,
      0,
      3,
      0,
      0,
      8,
      0,
      0,
      45,
      82
    ],
    [
      "2010/11",
      3211,
      3,
      5,
      13,
      46,
      0,
      0,
      0,
      2,
      0,
      0,
      20,
      0,
      0,
      54,
      133
    ],
    [
      "2011/12",
      2658,
      2,
      2,
      10,
      34,
      0,
      0,
      0,
      3,
      0,
      0,
      8,
      314,
      0,
      56,
      95
    ],
    [
      "2012/13",
      1535,
      5,
      4,
      8,
      12,
      0,
      0,
      0,
      3,
      0,
      0,
      9,
      285,
      0,
      48,
      95
    ]
  ]
}