{
  "transfersout": 0,
  "code": 103955,
  "eventtotal": 0,
  "lastseasonpoints": 0,
  "squadnumber": null,
  "transfersbalance": 0,
  "eventcost": 5.5,
  "indreamteam": false,
  "id": 206,
  "firstname": "Raheem",
  "transfersoutevent": 0,
  "maxcost": 5.5,
  "eventexplain": [],
  "selected": 29413,
  "mincost": 5.5,
  "totalpoints": 82,
  "typename": "Midfielder",
  "teamname": "Liverpool",
  "status": "a",
  "added": "2013-07-15T13:21:14 UTC+0000",
  "form": 0,
  "currentfixture": "",
  "pointspergame": 0,
  "transfersin": 0,
  "news": "",
  "originalcost": 5.5,
  "eventpoints": 0,
  "fixturehistory": {
    "all": [],
    "summary": []
  },
  "nextfixture": "Stoke City (H)",
  "transfersinevent": 0,
  "selectedby": "3.8",
  "teamid": 9,
  "secondname": "Sterling",
  "name": "Sterling",
  "cost": 5.5,
  

"seasonhistory": [
    [
      "2011/12",
      30,
      0,
      0,
      0,
      0,
      0,
      0,
      0,
      0,
      0,
      0,
      0,
      2,
      0,
      46,
      3
    ],
    [
      "2012/13",
      1748,
      2,
      6,
      6,
      24,
      0,
      0,
      0,
      1,
      0,
      0,
      7,
      272,
      0,
      46,
      82
    ]
  ]
}