{
  "transfersout": 0,
  "code": 40555,
  "eventtotal": 0,
  "lastseasonpoints": 0,
  "squadnumber": null,
  "transfersbalance": 0,
  "eventcost": 5,
  "indreamteam": false,
  "id": 207,
  "firstname": "Joe",
  "transfersoutevent": 0,
  "maxcost": 5,
  "eventexplain": [],
  "selected": 2043,
  "mincost": 5,
  "totalpoints": 52,
  "typename": "Midfielder",
  "teamname": "Liverpool",
  "status": "a",
  "added": "2013-07-15T13:21:14 UTC+0000",
  "form": 0,
  "currentfixture": "",
  "pointspergame": 0,
  "transfersin": 0,
  "news": "",
  "originalcost": 5,
  "eventpoints": 0,
  "fixturehistory": {
    "all": [],
    "summary": []
  },
  "nextfixture": "Stoke City (H)",
  "transfersinevent": 0,
  "selectedby": "0.3",
  "teamid": 9,
  "secondname": "Allen",
  "name": "Allen",
  "cost": 5,
  

"seasonhistory": [
    [
      "2011/12",
      2896,
      4,
      4,
      10,
      46,
      0,
      0,
      0,
      1,
      1,
      0,
      12,
      385,
      0,
      47,
      117
    ],
    [
      "2012/13",
      1920,
      0,
      0,
      7,
      27,
      0,
      0,
      0,
      2,
      0,
      0,
      0,
      203,
      0,
      45,
      52
    ]
  ]
}