{
  "transfersout": 0,
  "code": 77305,
  "eventtotal": 0,
  "lastseasonpoints": 0,
  "squadnumber": null,
  "transfersbalance": 0,
  "eventcost": 5,
  "indreamteam": false,
  "id": 208,
  "firstname": "Oussama",
  "transfersoutevent": 0,
  "maxcost": 5,
  "eventexplain": [],
  "selected": 777,
  "mincost": 5,
  "totalpoints": 4,
  "typename": "Midfielder",
  "teamname": "Liverpool",
  "status": "a",
  "added": "2013-07-15T13:21:14 UTC+0000",
  "form": 0,
  "currentfixture": "",
  "pointspergame": 0,
  "transfersin": 0,
  "news": "",
  "originalcost": 5,
  "eventpoints": 0,
  "fixturehistory": {
    "all": [],
    "summary": []
  },
  "nextfixture": "Stoke City (H)",
  "transfersinevent": 0,
  "selectedby": "0.1",
  "teamid": 9,
  "secondname": "Assaidi",
  "name": "Assaidi",
  "cost": 5,
  

"seasonhistory": [
    [
      "2012/13",
      77,
      0,
      0,
      0,
      2,
      0,
      0,
      0,
      0,
      0,
      0,
      0,
      4,
      0,
      57,
      4
    ]
  ]
}