{
  "transfersout": 0,
  "code": 84583,
  "eventtotal": 0,
  "lastseasonpoints": 0,
  "squadnumber": null,
  "transfersbalance": 0,
  "eventcost": 9,
  "indreamteam": false,
  "id": 209,
  "firstname": "Phillippe",
  "transfersoutevent": 0,
  "maxcost": 9,
  "eventexplain": [],
  "selected": 155583,
  "mincost": 9,
  "totalpoints": 70,
  "typename": "Midfielder",
  "teamname": "Liverpool",
  "status": "a",
  "added": "2013-07-15T13:21:14 UTC+0000",
  "form": 0,
  "currentfixture": "",
  "pointspergame": 0,
  "transfersin": 0,
  "news": "",
  "originalcost": 9,
  "eventpoints": 0,
  "fixturehistory": {
    "all": [],
    "summary": []
  },
  "nextfixture": "Stoke City (H)",
  "transfersinevent": 0,
  "selectedby": "20.0",
  "teamid": 9,
  "secondname": "Coutinho",
  "name": "Coutinho",
  "cost": 9,
  

"seasonhistory": [
    [
      "2012/13",
      923,
      3,
      7,
      6,
      10,
      0,
      0,
      0,
      0,
      0,
      0,
      6,
      163,
      0,
      71,
      70
    ]
  ]
}