{
  "transfersout": 0,
  "code": 17733,
  "eventtotal": 0,
  "lastseasonpoints": 0,
  "squadnumber": null,
  "transfersbalance": 0,
  "eventcost": 8.5,
  "indreamteam": false,
  "id": 21,
  "firstname": "Lukas",
  "transfersoutevent": 0,
  "maxcost": 8.5,
  "eventexplain": [],
  "selected": 32849,
  "mincost": 8.5,
  "totalpoints": 147,
  "typename": "Forward",
  "teamname": "Arsenal",
  "status": "a",
  "added": "2013-07-15T13:21:12 UTC+0000",
  "form": 0,
  "currentfixture": "",
  "pointspergame": 0,
  "transfersin": 0,
  "news": "",
  "originalcost": 8.5,
  "eventpoints": 0,
  "fixturehistory": {
    "all": [],
    "summary": []
  },
  "nextfixture": "Aston Villa (H)",
  "transfersinevent": 0,
  "selectedby": "4.2",
  "teamid": 1,
  "secondname": "Podolski",
  "name": "Podolski",
  "cost": 8.5,
  

"seasonhistory": [
    [
      "2012/13",
      1986,
      11,
      10,
      9,
      26,
      0,
      0,
      0,
      1,
      0,
      0,
      18,
      424,
      0,
      83,
      147
    ]
  ]
}