{
  "transfersout": 0,
  "code": 103912,
  "eventtotal": 0,
  "lastseasonpoints": 0,
  "squadnumber": null,
  "transfersbalance": 0,
  "eventcost": 4.5,
  "indreamteam": false,
  "id": 210,
  "firstname": "Jordon",
  "transfersoutevent": 0,
  "maxcost": 4.5,
  "eventexplain": [],
  "selected": 2777,
  "mincost": 4.5,
  "totalpoints": 6,
  "typename": "Midfielder",
  "teamname": "Liverpool",
  "status": "a",
  "added": "2013-07-15T13:21:14 UTC+0000",
  "form": 0,
  "currentfixture": "",
  "pointspergame": 0,
  "transfersin": 0,
  "news": "",
  "originalcost": 4.5,
  "eventpoints": 0,
  "fixturehistory": {
    "all": [],
    "summary": []
  },
  "nextfixture": "Stoke City (H)",
  "transfersinevent": 0,
  "selectedby": "0.4",
  "teamid": 9,
  "secondname": "Ibe",
  "name": "Ibe",
  "cost": 4.5,
  

"seasonhistory": [
    [
      "2012/13",
      63,
      0,
      1,
      1,
      0,
      0,
      0,
      0,
      0,
      0,
      0,
      0,
      18,
      0,
      45,
      6
    ]
  ]
}