{
  "transfersout": 0,
  "code": 103953,
  "eventtotal": 0,
  "lastseasonpoints": 0,
  "squadnumber": null,
  "transfersbalance": 0,
  "eventcost": 5,
  "indreamteam": false,
  "id": 211,
  "firstname": "Jesus",
  "transfersoutevent": 0,
  "maxcost": 5,
  "eventexplain": [],
  "selected": 71,
  "mincost": 5,
  "totalpoints": 18,
  "typename": "Midfielder",
  "teamname": "Liverpool",
  "status": "n",
  "added": "2013-07-15T13:21:14 UTC+0000",
  "form": 0,
  "currentfixture": "",
  "pointspergame": 0,
  "transfersin": 0,
  "news": "Joined Almeria on season-long loan. - Expected back 12 May",
  "originalcost": 5,
  "eventpoints": 0,
  "fixturehistory": {
    "all": [],
    "summary": []
  },
  "nextfixture": "Stoke City (H)",
  "transfersinevent": 0,
  "selectedby": "0.0",
  "teamid": 9,
  "secondname": "Fernandez Saez",
  "name": "Suso",
  "cost": 5,
  

"seasonhistory": [
    [
      "2012/13",
      601,
      0,
      0,
      3,
      7,
      0,
      0,
      0,
      0,
      0,
      0,
      0,
      45,
      0,
      47,
      18
    ]
  ]
}