{
  "transfersout": 0,
  "code": 82451,
  "eventtotal": 0,
  "lastseasonpoints": 0,
  "squadnumber": null,
  "transfersbalance": 0,
  "eventcost": 6,
  "indreamteam": false,
  "id": 212,
  "firstname": "Luis",
  "transfersoutevent": 0,
  "maxcost": 6,
  "eventexplain": [],
  "selected": 4203,
  "mincost": 6,
  "totalpoints": 0,
  "typename": "Midfielder",
  "teamname": "Liverpool",
  "status": "a",
  "added": "2013-07-15T13:21:14 UTC+0000",
  "form": 0,
  "currentfixture": "",
  "pointspergame": 0,
  "transfersin": 0,
  "news": "",
  "originalcost": 6,
  "eventpoints": 0,
  "fixturehistory": {
    "all": [],
    "summary": []
  },
  "nextfixture": "Stoke City (H)",
  "transfersinevent": 0,
  "selectedby": "0.5",
  "teamid": 9,
  "secondname": "Alberto",
  "name": "Alberto",
  "cost": 6,
  

"seasonhistory": []
}