{
  "transfersout": 0,
  "code": 40755,
  "eventtotal": 0,
  "lastseasonpoints": 0,
  "squadnumber": null,
  "transfersbalance": 0,
  "eventcost": 9,
  "indreamteam": false,
  "id": 213,
  "firstname": "Daniel",
  "transfersoutevent": 0,
  "maxcost": 9,
  "eventexplain": [],
  "selected": 137015,
  "mincost": 9,
  "totalpoints": 99,
  "typename": "Forward",
  "teamname": "Liverpool",
  "status": "a",
  "added": "2013-07-15T13:21:14 UTC+0000",
  "form": 0,
  "currentfixture": "",
  "pointspergame": 0,
  "transfersin": 0,
  "news": "",
  "originalcost": 9,
  "eventpoints": 0,
  "fixturehistory": {
    "all": [],
    "summary": []
  },
  "nextfixture": "Stoke City (H)",
  "transfersinevent": 0,
  "selectedby": "17.6",
  "teamid": 9,
  "secondname": "Sturridge",
  "name": "Sturridge",
  "cost": 9,
  

"seasonhistory": [
    [
      "2006/07",
      22,
      0,
      0,
      0,
      2,
      0,
      0,
      0,
      0,
      0,
      0,
      0,
      0,
      0,
      60,
      2
    ],
    [
      "2007/08",
      150,
      1,
      1,
      0,
      4,
      0,
      0,
      0,
      0,
      0,
      0,
      0,
      0,
      0,
      47,
      11
    ],
    [
      "2008/09",
      448,
      4,
      3,
      0,
      5,
      0,
      0,
      0,
      0,
      0,
      0,
      1,
      0,
      0,
      48,
      45
    ],
    [
      "2009/10",
      298,
      1,
      2,
      0,
      2,
      0,
      0,
      0,
      0,
      0,
      0,
      0,
      0,
      0,
      55,
      24
    ],
    [
      "2010/11",
      1131,
      8,
      0,
      2,
      17,
      0,
      0,
      0,
      0,
      1,
      0,
      14,
      0,
      0,
      53,
      78
    ],
    [
      "2011/12",
      2251,
      11,
      5,
      10,
      29,
      0,
      0,
      0,
      3,
      0,
      0,
      16,
      371,
      0,
      65,
      128
    ],
    [
      "2012/13",
      1254,
      11,
      5,
      7,
      15,
      0,
      0,
      0,
      2,
      0,
      0,
      8,
      322,
      0,
      75,
      99
    ]
  ]
}