{
  "transfersout": 0,
  "code": 39336,
  "eventtotal": 0,
  "lastseasonpoints": 0,
  "squadnumber": null,
  "transfersbalance": 0,
  "eventcost": 11,
  "indreamteam": false,
  "id": 214,
  "firstname": "Luis",
  "transfersoutevent": 0,
  "maxcost": 11,
  "eventexplain": [],
  "selected": 10335,
  "mincost": 11,
  "totalpoints": 212,
  "typename": "Forward",
  "teamname": "Liverpool",
  "status": "s",
  "added": "2013-07-15T13:21:14 UTC+0000",
  "form": 0,
  "currentfixture": "",
  "pointspergame": 0,
  "transfersin": 0,
  "news": "Suspended - unknown return date",
  "originalcost": 11,
  "eventpoints": 0,
  "fixturehistory": {
    "all": [],
    "summary": []
  },
  "nextfixture": "Stoke City (H)",
  "transfersinevent": 0,
  "selectedby": "1.3",
  "teamid": 9,
  "secondname": "Suarez",
  "name": "Suarez",
  "cost": 11,
  

"seasonhistory": [
    [
      "2010/11",
      1100,
      4,
      5,
      5,
      12,
      0,
      0,
      0,
      2,
      0,
      0,
      14,
      0,
      0,
      95,
      68
    ],
    [
      "2011/12",
      2544,
      11,
      6,
      9,
      26,
      0,
      0,
      1,
      5,
      0,
      0,
      21,
      378,
      0,
      93,
      136
    ],
    [
      "2012/13",
      2953,
      23,
      10,
      13,
      40,
      0,
      0,
      0,
      10,
      0,
      0,
      34,
      610,
      0,
      105,
      212
    ]
  ]
}