{
  "transfersout": 0,
  "code": 77454,
  "eventtotal": 0,
  "lastseasonpoints": 0,
  "squadnumber": null,
  "transfersbalance": 0,
  "eventcost": 6.5,
  "indreamteam": false,
  "id": 215,
  "firstname": "Fabio",
  "transfersoutevent": 0,
  "maxcost": 6.5,
  "eventexplain": [],
  "selected": 2925,
  "mincost": 6.5,
  "totalpoints": 19,
  "typename": "Forward",
  "teamname": "Liverpool",
  "status": "a",
  "added": "2013-07-15T13:21:14 UTC+0000",
  "form": 0,
  "currentfixture": "",
  "pointspergame": 0,
  "transfersin": 0,
  "news": "",
  "originalcost": 6.5,
  "eventpoints": 0,
  "fixturehistory": {
    "all": [],
    "summary": []
  },
  "nextfixture": "Stoke City (H)",
  "transfersinevent": 0,
  "selectedby": "0.4",
  "teamid": 9,
  "secondname": "Borini",
  "name": "Borini",
  "cost": 6.5,
  

"seasonhistory": [
    [
      "2009/10",
      37,
      0,
      0,
      0,
      0,
      0,
      0,
      0,
      0,
      0,
      0,
      0,
      0,
      0,
      50,
      4
    ],
    [
      "2010/11",
      0,
      0,
      0,
      0,
      0,
      0,
      0,
      0,
      0,
      0,
      0,
      0,
      0,
      0,
      50,
      0
    ],
    [
      "2012/13",
      513,
      1,
      0,
      0,
      9,
      0,
      0,
      0,
      1,
      0,
      0,
      0,
      27,
      0,
      72,
      19
    ]
  ]
}