{
  "transfersout": 0,
  "code": 40270,
  "eventtotal": 0,
  "lastseasonpoints": 0,
  "squadnumber": null,
  "transfersbalance": 0,
  "eventcost": 7,
  "indreamteam": false,
  "id": 216,
  "firstname": "Iago",
  "transfersoutevent": 0,
  "maxcost": 7,
  "eventexplain": [],
  "selected": 29720,
  "mincost": 7,
  "totalpoints": 0,
  "typename": "Forward",
  "teamname": "Liverpool",
  "status": "a",
  "added": "2013-07-15T13:21:14 UTC+0000",
  "form": 0,
  "currentfixture": "",
  "pointspergame": 0,
  "transfersin": 0,
  "news": "",
  "originalcost": 7,
  "eventpoints": 0,
  "fixturehistory": {
    "all": [],
    "summary": []
  },
  "nextfixture": "Stoke City (H)",
  "transfersinevent": 0,
  "selectedby": "3.8",
  "teamid": 9,
  "secondname": "Aspas",
  "name": "Aspas",
  "cost": 7,
  

"seasonhistory": []
}