{
  "transfersout": 0,
  "code": 15749,
  "eventtotal": 0,
  "lastseasonpoints": 0,
  "squadnumber": null,
  "transfersbalance": 0,
  "eventcost": 6.5,
  "indreamteam": false,
  "id": 217,
  "firstname": "Joe",
  "transfersoutevent": 0,
  "maxcost": 6.5,
  "eventexplain": [],
  "selected": 92702,
  "mincost": 6.5,
  "totalpoints": 158,
  "typename": "Goalkeeper",
  "teamname": "Man City",
  "status": "a",
  "added": "2013-07-15T13:21:14 UTC+0000",
  "form": 0,
  "currentfixture": "",
  "pointspergame": 0,
  "transfersin": 0,
  "news": "",
  "originalcost": 6.5,
  "eventpoints": 0,
  "fixturehistory": {
    "all": [],
    "summary": []
  },
  "nextfixture": "Newcastle (H)",
  "transfersinevent": 0,
  "selectedby": "11.9",
  "teamid": 10,
  "secondname": "Hart",
  "name": "Hart",
  "cost": 6.5,
  

"seasonhistory": [
    [
      "2006/07",
      90,
      0,
      0,
      0,
      0,
      0,
      0,
      0,
      0,
      0,
      3,
      0,
      0,
      0,
      36,
      7
    ],
    [
      "2007/08",
      2340,
      0,
      0,
      0,
      34,
      0,
      1,
      0,
      0,
      0,
      104,
      3,
      0,
      0,
      42,
      103
    ],
    [
      "2008/09",
      1998,
      0,
      0,
      0,
      31,
      0,
      0,
      0,
      0,
      0,
      68,
      0,
      0,
      0,
      45,
      75
    ],
    [
      "2009/10",
      3240,
      0,
      0,
      0,
      42,
      0,
      0,
      0,
      3,
      0,
      140,
      9,
      0,
      0,
      48,
      140
    ],
    [
      "2010/11",
      3420,
      0,
      1,
      18,
      33,
      0,
      1,
      0,
      1,
      0,
      115,
      4,
      0,
      0,
      69,
      175
    ],
    [
      "2011/12",
      3420,
      0,
      0,
      17,
      29,
      0,
      1,
      0,
      0,
      0,
      99,
      4,
      525,
      0,
      68,
      166
    ],
    [
      "2012/13",
      3420,
      0,
      0,
      18,
      34,
      0,
      1,
      0,
      1,
      0,
      75,
      1,
      482,
      0,
      69,
      158
    ]
  ]
}