{
  "transfersout": 0,
  "code": 44346,
  "eventtotal": 0,
  "lastseasonpoints": 0,
  "squadnumber": null,
  "transfersbalance": 0,
  "eventcost": 8.5,
  "indreamteam": false,
  "id": 22,
  "firstname": "Olivier",
  "transfersoutevent": 0,
  "maxcost": 8.5,
  "eventexplain": [],
  "selected": 63420,
  "mincost": 8.5,
  "totalpoints": 121,
  "typename": "Forward",
  "teamname": "Arsenal",
  "status": "a",
  "added": "2013-07-15T13:21:12 UTC+0000",
  "form": 0,
  "currentfixture": "",
  "pointspergame": 0,
  "transfersin": 0,
  "news": "",
  "originalcost": 8.5,
  "eventpoints": 0,
  "fixturehistory": {
    "all": [],
    "summary": []
  },
  "nextfixture": "Aston Villa (H)",
  "transfersinevent": 0,
  "selectedby": "8.2",
  "teamid": 1,
  "secondname": "Giroud",
  "name": "Giroud",
  "cost": 8.5,
  

"seasonhistory": [
    [
      "2012/13",
      2331,
      11,
      4,
      10,
      23,
      0,
      0,
      0,
      3,
      1,
      0,
      13,
      360,
      0,
      73,
      121
    ]
  ]
}