{
  "transfersout": 0,
  "code": 42593,
  "eventtotal": 0,
  "lastseasonpoints": 0,
  "squadnumber": null,
  "transfersbalance": 0,
  "eventcost": 5.5,
  "indreamteam": false,
  "id": 220,
  "firstname": "Aleksandar",
  "transfersoutevent": 0,
  "maxcost": 5.5,
  "eventexplain": [],
  "selected": 5704,
  "mincost": 5.5,
  "totalpoints": 55,
  "typename": "Defender",
  "teamname": "Man City",
  "status": "a",
  "added": "2013-07-15T13:21:14 UTC+0000",
  "form": 0,
  "currentfixture": "",
  "pointspergame": 0,
  "transfersin": 0,
  "news": "",
  "originalcost": 5.5,
  "eventpoints": 0,
  "fixturehistory": {
    "all": [],
    "summary": []
  },
  "nextfixture": "Newcastle (H)",
  "transfersinevent": 0,
  "selectedby": "0.7",
  "teamid": 10,
  "secondname": "Kolarov",
  "name": "Kolarov",
  "cost": 5.5,
  

"seasonhistory": [
    [
      "2010/11",
      1719,
      1,
      1,
      5,
      21,
      0,
      0,
      0,
      5,
      1,
      0,
      4,
      0,
      0,
      57,
      60
    ],
    [
      "2011/12",
      823,
      2,
      5,
      5,
      9,
      0,
      0,
      0,
      1,
      0,
      0,
      9,
      146,
      0,
      61,
      73
    ],
    [
      "2012/13",
      1056,
      1,
      3,
      4,
      14,
      0,
      0,
      0,
      5,
      0,
      0,
      4,
      148,
      0,
      55,
      55
    ]
  ]
}