{
  "transfersout": 0,
  "code": 20492,
  "eventtotal": 0,
  "lastseasonpoints": 0,
  "squadnumber": null,
  "transfersbalance": 0,
  "eventcost": 5.5,
  "indreamteam": false,
  "id": 221,
  "firstname": "Micah",
  "transfersoutevent": 0,
  "maxcost": 5.5,
  "eventexplain": [],
  "selected": 5281,
  "mincost": 5.5,
  "totalpoints": 31,
  "typename": "Defender",
  "teamname": "Man City",
  "status": "a",
  "added": "2013-07-15T13:21:14 UTC+0000",
  "form": 0,
  "currentfixture": "",
  "pointspergame": 0,
  "transfersin": 0,
  "news": "",
  "originalcost": 5.5,
  "eventpoints": 0,
  "fixturehistory": {
    "all": [],
    "summary": []
  },
  "nextfixture": "Newcastle (H)",
  "transfersinevent": 0,
  "selectedby": "0.7",
  "teamid": 10,
  "secondname": "Richards",
  "name": "Richards",
  "cost": 5.5,
  

"seasonhistory": [
    [
      "2006/07",
      2344,
      1,
      0,
      0,
      31,
      0,
      0,
      0,
      2,
      0,
      0,
      7,
      0,
      0,
      48,
      94
    ],
    [
      "2007/08",
      2250,
      0,
      0,
      0,
      30,
      0,
      0,
      0,
      4,
      0,
      0,
      5,
      0,
      0,
      48,
      74
    ],
    [
      "2008/09",
      2704,
      1,
      1,
      0,
      40,
      0,
      0,
      0,
      2,
      0,
      0,
      0,
      0,
      0,
      52,
      82
    ],
    [
      "2009/10",
      1645,
      2,
      2,
      0,
      26,
      0,
      0,
      0,
      2,
      0,
      0,
      1,
      0,
      0,
      51,
      66
    ],
    [
      "2010/11",
      1399,
      1,
      1,
      8,
      15,
      0,
      0,
      0,
      4,
      0,
      0,
      2,
      0,
      0,
      54,
      67
    ],
    [
      "2011/12",
      2044,
      1,
      6,
      7,
      22,
      0,
      0,
      0,
      2,
      0,
      0,
      4,
      349,
      0,
      60,
      99
    ],
    [
      "2012/13",
      612,
      0,
      0,
      5,
      4,
      0,
      0,
      0,
      2,
      0,
      0,
      0,
      79,
      0,
      57,
      31
    ]
  ]
}