{
  "transfersout": 0,
  "code": 20658,
  "eventtotal": 0,
  "lastseasonpoints": 0,
  "squadnumber": null,
  "transfersbalance": 0,
  "eventcost": 6,
  "indreamteam": false,
  "id": 222,
  "firstname": "Pablo",
  "transfersoutevent": 0,
  "maxcost": 6,
  "eventexplain": [],
  "selected": 163582,
  "mincost": 6,
  "totalpoints": 124,
  "typename": "Defender",
  "teamname": "Man City",
  "status": "a",
  "added": "2013-07-15T13:21:14 UTC+0000",
  "form": 0,
  "currentfixture": "",
  "pointspergame": 0,
  "transfersin": 0,
  "news": "",
  "originalcost": 6,
  "eventpoints": 0,
  "fixturehistory": {
    "all": [],
    "summary": []
  },
  "nextfixture": "Newcastle (H)",
  "transfersinevent": 0,
  "selectedby": "21.0",
  "teamid": 10,
  "secondname": "Zabaleta",
  "name": "Zabaleta",
  "cost": 6,
  

"seasonhistory": [
    [
      "2008/09",
      2371,
      1,
      2,
      0,
      36,
      0,
      0,
      0,
      3,
      1,
      0,
      3,
      0,
      0,
      55,
      75
    ],
    [
      "2009/10",
      2101,
      0,
      1,
      0,
      24,
      0,
      0,
      0,
      8,
      1,
      0,
      1,
      0,
      0,
      49,
      64
    ],
    [
      "2010/11",
      1947,
      2,
      2,
      12,
      13,
      0,
      0,
      0,
      8,
      1,
      0,
      5,
      0,
      0,
      61,
      102
    ],
    [
      "2011/12",
      1549,
      1,
      1,
      10,
      10,
      0,
      0,
      0,
      5,
      0,
      0,
      5,
      271,
      0,
      57,
      85
    ],
    [
      "2012/13",
      2649,
      2,
      2,
      12,
      32,
      0,
      0,
      0,
      7,
      0,
      0,
      14,
      436,
      0,
      64,
      124
    ]
  ]
}