{
  "transfersout": 0,
  "code": 7551,
  "eventtotal": 0,
  "lastseasonpoints": 0,
  "squadnumber": null,
  "transfersbalance": 0,
  "eventcost": 5.5,
  "indreamteam": false,
  "id": 223,
  "firstname": "Joleon",
  "transfersoutevent": 0,
  "maxcost": 5.5,
  "eventexplain": [],
  "selected": 9085,
  "mincost": 5.5,
  "totalpoints": 77,
  "typename": "Defender",
  "teamname": "Man City",
  "status": "a",
  "added": "2013-07-15T13:21:14 UTC+0000",
  "form": 0,
  "currentfixture": "",
  "pointspergame": 0,
  "transfersin": 0,
  "news": "",
  "originalcost": 5.5,
  "eventpoints": 0,
  "fixturehistory": {
    "all": [],
    "summary": []
  },
  "nextfixture": "Newcastle (H)",
  "transfersinevent": 0,
  "selectedby": "1.2",
  "teamid": 10,
  "secondname": "Lescott",
  "name": "Lescott",
  "cost": 5.5,
  

"seasonhistory": [
    [
      "2006/07",
      3318,
      2,
      2,
      0,
      36,
      0,
      0,
      0,
      2,
      0,
      0,
      27,
      0,
      0,
      61,
      164
    ],
    [
      "2007/08",
      3375,
      8,
      2,
      0,
      32,
      0,
      0,
      0,
      3,
      0,
      0,
      21,
      0,
      0,
      71,
      196
    ],
    [
      "2008/09",
      3195,
      4,
      2,
      0,
      34,
      0,
      0,
      0,
      5,
      0,
      0,
      21,
      0,
      0,
      73,
      172
    ],
    [
      "2009/10",
      1656,
      1,
      1,
      0,
      31,
      0,
      0,
      0,
      1,
      0,
      0,
      0,
      0,
      0,
      68,
      46
    ],
    [
      "2010/11",
      1883,
      3,
      1,
      10,
      18,
      0,
      0,
      0,
      1,
      0,
      0,
      7,
      0,
      0,
      64,
      103
    ],
    [
      "2011/12",
      2686,
      2,
      1,
      14,
      22,
      1,
      0,
      0,
      1,
      0,
      0,
      9,
      510,
      0,
      63,
      132
    ],
    [
      "2012/13",
      1551,
      1,
      0,
      7,
      16,
      0,
      0,
      0,
      3,
      0,
      0,
      7,
      294,
      0,
      58,
      77
    ]
  ]
}