{
  "transfersout": 0,
  "code": 17476,
  "eventtotal": 0,
  "lastseasonpoints": 0,
  "squadnumber": null,
  "transfersbalance": 0,
  "eventcost": 6.5,
  "indreamteam": false,
  "id": 224,
  "firstname": "Vincent",
  "transfersoutevent": 0,
  "maxcost": 6.5,
  "eventexplain": [],
  "selected": 59191,
  "mincost": 6.5,
  "totalpoints": 91,
  "typename": "Defender",
  "teamname": "Man City",
  "status": "a",
  "added": "2013-07-15T13:21:14 UTC+0000",
  "form": 0,
  "currentfixture": "",
  "pointspergame": 0,
  "transfersin": 0,
  "news": "",
  "originalcost": 6.5,
  "eventpoints": 0,
  "fixturehistory": {
    "all": [],
    "summary": []
  },
  "nextfixture": "Newcastle (H)",
  "transfersinevent": 0,
  "selectedby": "7.6",
  "teamid": 10,
  "secondname": "Kompany",
  "name": "Kompany",
  "cost": 6.5,
  

"seasonhistory": [
    [
      "2008/09",
      2991,
      1,
      1,
      0,
      39,
      0,
      0,
      0,
      8,
      0,
      0,
      7,
      0,
      0,
      54,
      102
    ],
    [
      "2009/10",
      1915,
      2,
      2,
      0,
      19,
      0,
      0,
      0,
      2,
      0,
      0,
      6,
      0,
      0,
      48,
      72
    ],
    [
      "2010/11",
      3330,
      0,
      1,
      18,
      32,
      0,
      0,
      0,
      6,
      0,
      0,
      6,
      0,
      0,
      52,
      95
    ],
    [
      "2011/12",
      2773,
      3,
      2,
      15,
      22,
      0,
      0,
      0,
      5,
      1,
      0,
      12,
      510,
      0,
      70,
      145
    ],
    [
      "2012/13",
      2236,
      1,
      0,
      11,
      21,
      1,
      0,
      0,
      3,
      1,
      0,
      2,
      315,
      0,
      70,
      91
    ]
  ]
}