{
  "transfersout": 0,
  "code": 17336,
  "eventtotal": 0,
  "lastseasonpoints": 0,
  "squadnumber": null,
  "transfersbalance": 0,
  "eventcost": 6,
  "indreamteam": false,
  "id": 225,
  "firstname": "Gael",
  "transfersoutevent": 0,
  "maxcost": 6,
  "eventexplain": [],
  "selected": 46460,
  "mincost": 6,
  "totalpoints": 111,
  "typename": "Defender",
  "teamname": "Man City",
  "status": "a",
  "added": "2013-07-15T13:21:14 UTC+0000",
  "form": 0,
  "currentfixture": "",
  "pointspergame": 0,
  "transfersin": 0,
  "news": "",
  "originalcost": 6,
  "eventpoints": 0,
  "fixturehistory": {
    "all": [],
    "summary": []
  },
  "nextfixture": "Newcastle (H)",
  "transfersinevent": 0,
  "selectedby": "6.0",
  "teamid": 10,
  "secondname": "Clichy",
  "name": "Clichy",
  "cost": 6,
  

"seasonhistory": [
    [
      "2006/07",
      2350,
      0,
      1,
      0,
      27,
      0,
      0,
      0,
      2,
      0,
      0,
      4,
      0,
      0,
      60,
      80
    ],
    [
      "2007/08",
      3330,
      0,
      5,
      0,
      30,
      0,
      0,
      0,
      5,
      0,
      0,
      9,
      0,
      0,
      64,
      146
    ],
    [
      "2008/09",
      2654,
      1,
      0,
      0,
      26,
      0,
      0,
      0,
      7,
      0,
      0,
      5,
      0,
      0,
      62,
      110
    ],
    [
      "2009/10",
      2087,
      0,
      1,
      0,
      27,
      0,
      0,
      0,
      4,
      0,
      0,
      1,
      0,
      0,
      62,
      73
    ],
    [
      "2010/11",
      2970,
      0,
      1,
      13,
      33,
      0,
      0,
      0,
      3,
      0,
      0,
      0,
      0,
      0,
      61,
      109
    ],
    [
      "2011/12",
      2487,
      0,
      5,
      12,
      20,
      0,
      0,
      0,
      1,
      1,
      0,
      9,
      473,
      0,
      59,
      119
    ],
    [
      "2012/13",
      2335,
      0,
      3,
      12,
      25,
      0,
      0,
      0,
      3,
      0,
      0,
      9,
      402,
      0,
      58,
      111
    ]
  ]
}