{
  "transfersout": 0,
  "code": 103040,
  "eventtotal": 0,
  "lastseasonpoints": 0,
  "squadnumber": null,
  "transfersbalance": 0,
  "eventcost": 4,
  "indreamteam": false,
  "id": 226,
  "firstname": "Karim",
  "transfersoutevent": 0,
  "maxcost": 4,
  "eventexplain": [],
  "selected": 299,
  "mincost": 4,
  "totalpoints": 6,
  "typename": "Defender",
  "teamname": "Man City",
  "status": "n",
  "added": "2013-07-15T13:21:14 UTC+0000",
  "form": 0,
  "currentfixture": "",
  "pointspergame": 0,
  "transfersin": 0,
  "news": "Joined PSV on season-long loan.  - Expected back 12 May",
  "originalcost": 4,
  "eventpoints": 0,
  "fixturehistory": {
    "all": [],
    "summary": []
  },
  "nextfixture": "Newcastle (H)",
  "transfersinevent": 0,
  "selectedby": "0.0",
  "teamid": 10,
  "secondname": "Rekik",
  "name": "Rekik",
  "cost": 4,
  

"seasonhistory": [
    [
      "2011/12",
      0,
      0,
      0,
      0,
      0,
      0,
      0,
      0,
      0,
      0,
      0,
      0,
      0,
      0,
      50,
      0
    ],
    [
      "2012/13",
      83,
      0,
      0,
      1,
      0,
      0,
      0,
      0,
      0,
      0,
      0,
      0,
      17,
      0,
      43,
      6
    ]
  ]
}