{
  "transfersout": 0,
  "code": 18573,
  "eventtotal": 0,
  "lastseasonpoints": 0,
  "squadnumber": null,
  "transfersbalance": 0,
  "eventcost": 5,
  "indreamteam": false,
  "id": 227,
  "firstname": "Sisenando",
  "transfersoutevent": 0,
  "maxcost": 5,
  "eventexplain": [],
  "selected": 578,
  "mincost": 5,
  "totalpoints": 28,
  "typename": "Defender",
  "teamname": "Man City",
  "status": "u",
  "added": "2013-07-15T13:21:14 UTC+0000",
  "form": 0,
  "currentfixture": "",
  "pointspergame": 0,
  "transfersin": 0,
  "news": "Transferred to Roma",
  "originalcost": 5,
  "eventpoints": 0,
  "fixturehistory": {
    "all": [],
    "summary": []
  },
  "nextfixture": "Newcastle (H)",
  "transfersinevent": 0,
  "selectedby": "0.1",
  "teamid": 10,
  "secondname": "Maicon",
  "name": "Maicon",
  "cost": 5,
  

"seasonhistory": [
    [
      "2012/13",
      521,
      0,
      0,
      3,
      2,
      0,
      0,
      0,
      0,
      0,
      0,
      2,
      72,
      0,
      62,
      28
    ]
  ]
}