{
  "transfersout": 0,
  "code": 84702,
  "eventtotal": 0,
  "lastseasonpoints": 0,
  "squadnumber": null,
  "transfersbalance": 0,
  "eventcost": 5.5,
  "indreamteam": false,
  "id": 228,
  "firstname": "Matija",
  "transfersoutevent": 0,
  "maxcost": 5.5,
  "eventexplain": [],
  "selected": 31115,
  "mincost": 5.5,
  "totalpoints": 82,
  "typename": "Defender",
  "teamname": "Man City",
  "status": "d",
  "added": "2013-07-15T13:21:15 UTC+0000",
  "form": 0,
  "currentfixture": "",
  "pointspergame": 0,
  "transfersin": 0,
  "news": "Ankle injury - 50% chance of playing",
  "originalcost": 5.5,
  "eventpoints": 0,
  "fixturehistory": {
    "all": [],
    "summary": []
  },
  "nextfixture": "Newcastle (H)",
  "transfersinevent": 0,
  "selectedby": "4.0",
  "teamid": 10,
  "secondname": "Nastasic",
  "name": "Nastasic",
  "cost": 5.5,
  

"seasonhistory": [
    [
      "2012/13",
      1820,
      0,
      0,
      11,
      17,
      0,
      0,
      0,
      1,
      0,
      0,
      3,
      265,
      0,
      53,
      82
    ]
  ]
}