{
  "transfersout": 0,
  "code": 49384,
  "eventtotal": 0,
  "lastseasonpoints": 0,
  "squadnumber": null,
  "transfersbalance": 0,
  "eventcost": 5.5,
  "indreamteam": false,
  "id": 229,
  "firstname": "Jack",
  "transfersoutevent": 0,
  "maxcost": 5.5,
  "eventexplain": [],
  "selected": 1813,
  "mincost": 5.5,
  "totalpoints": 27,
  "typename": "Midfielder",
  "teamname": "Man City",
  "status": "a",
  "added": "2013-07-15T13:21:15 UTC+0000",
  "form": 0,
  "currentfixture": "",
  "pointspergame": 0,
  "transfersin": 0,
  "news": "",
  "originalcost": 5.5,
  "eventpoints": 0,
  "fixturehistory": {
    "all": [],
    "summary": []
  },
  "nextfixture": "Newcastle (H)",
  "transfersinevent": 0,
  "selectedby": "0.2",
  "teamid": 10,
  "secondname": "Rodwell",
  "name": "Rodwell",
  "cost": 5.5,
  

"seasonhistory": [
    [
      "2007/08",
      5,
      0,
      0,
      0,
      0,
      0,
      0,
      0,
      0,
      0,
      0,
      0,
      0,
      0,
      42,
      2
    ],
    [
      "2008/09",
      866,
      0,
      0,
      0,
      11,
      0,
      0,
      0,
      0,
      0,
      0,
      0,
      0,
      0,
      43,
      32
    ],
    [
      "2009/10",
      1623,
      2,
      2,
      0,
      29,
      0,
      0,
      0,
      4,
      0,
      0,
      4,
      0,
      0,
      43,
      60
    ],
    [
      "2010/11",
      1420,
      0,
      1,
      3,
      19,
      0,
      0,
      0,
      4,
      0,
      0,
      0,
      0,
      0,
      50,
      41
    ],
    [
      "2011/12",
      925,
      2,
      1,
      0,
      18,
      0,
      0,
      0,
      2,
      1,
      0,
      4,
      65,
      0,
      51,
      34
    ],
    [
      "2012/13",
      498,
      2,
      0,
      1,
      8,
      0,
      0,
      0,
      2,
      0,
      0,
      3,
      95,
      0,
      46,
      27
    ]
  ]
}