{
  "transfersout": 0,
  "code": 15675,
  "eventtotal": 0,
  "lastseasonpoints": 0,
  "squadnumber": null,
  "transfersbalance": 0,
  "eventcost": 5,
  "indreamteam": false,
  "id": 23,
  "firstname": "Marouane",
  "transfersoutevent": 0,
  "maxcost": 5,
  "eventexplain": [],
  "selected": 1747,
  "mincost": 5,
  "totalpoints": 4,
  "typename": "Forward",
  "teamname": "Arsenal",
  "status": "a",
  "added": "2013-07-15T13:21:12 UTC+0000",
  "form": 0,
  "currentfixture": "",
  "pointspergame": 0,
  "transfersin": 0,
  "news": "",
  "originalcost": 5,
  "eventpoints": 0,
  "fixturehistory": {
    "all": [],
    "summary": []
  },
  "nextfixture": "Aston Villa (H)",
  "transfersinevent": 0,
  "selectedby": "0.2",
  "teamid": 1,
  "secondname": "Chamakh",
  "name": "Chamakh",
  "cost": 5,
  

"seasonhistory": [
    [
      "2010/11",
      1846,
      7,
      7,
      4,
      24,
      0,
      0,
      0,
      5,
      0,
      0,
      11,
      0,
      0,
      79,
      101
    ],
    [
      "2011/12",
      180,
      1,
      0,
      0,
      3,
      0,
      0,
      0,
      0,
      0,
      0,
      0,
      14,
      0,
      80,
      16
    ],
    [
      "2012/13",
      151,
      0,
      0,
      0,
      4,
      0,
      0,
      0,
      0,
      0,
      0,
      0,
      14,
      0,
      50,
      4
    ]
  ]
}