{
  "transfersout": 0,
  "code": 28554,
  "eventtotal": 0,
  "lastseasonpoints": 0,
  "squadnumber": null,
  "transfersbalance": 0,
  "eventcost": 8,
  "indreamteam": false,
  "id": 230,
  "firstname": "Samir",
  "transfersoutevent": 0,
  "maxcost": 8,
  "eventexplain": [],
  "selected": 3779,
  "mincost": 8,
  "totalpoints": 86,
  "typename": "Midfielder",
  "teamname": "Man City",
  "status": "a",
  "added": "2013-07-15T13:21:15 UTC+0000",
  "form": 0,
  "currentfixture": "",
  "pointspergame": 0,
  "transfersin": 0,
  "news": "",
  "originalcost": 8,
  "eventpoints": 0,
  "fixturehistory": {
    "all": [],
    "summary": []
  },
  "nextfixture": "Newcastle (H)",
  "transfersinevent": 0,
  "selectedby": "0.5",
  "teamid": 10,
  "secondname": "Nasri",
  "name": "Nasri",
  "cost": 8,
  

"seasonhistory": [
    [
      "2008/09",
      2398,
      6,
      2,
      0,
      26,
      0,
      0,
      0,
      4,
      0,
      0,
      12,
      0,
      0,
      76,
      112
    ],
    [
      "2009/10",
      1880,
      2,
      4,
      0,
      25,
      0,
      0,
      0,
      2,
      0,
      0,
      9,
      0,
      0,
      76,
      83
    ],
    [
      "2010/11",
      2383,
      10,
      1,
      9,
      28,
      0,
      0,
      0,
      4,
      0,
      0,
      20,
      0,
      0,
      82,
      134
    ],
    [
      "2011/12",
      2250,
      5,
      9,
      13,
      17,
      0,
      0,
      0,
      2,
      0,
      0,
      15,
      440,
      0,
      91,
      134
    ],
    [
      "2012/13",
      1797,
      2,
      7,
      8,
      24,
      0,
      0,
      0,
      3,
      1,
      0,
      8,
      334,
      0,
      81,
      86
    ]
  ]
}