{
  "transfersout": 0,
  "code": 20664,
  "eventtotal": 0,
  "lastseasonpoints": 0,
  "squadnumber": null,
  "transfersbalance": 0,
  "eventcost": 9,
  "indreamteam": false,
  "id": 231,
  "firstname": "David",
  "transfersoutevent": 0,
  "maxcost": 9,
  "eventexplain": [],
  "selected": 43520,
  "mincost": 9,
  "totalpoints": 147,
  "typename": "Midfielder",
  "teamname": "Man City",
  "status": "a",
  "added": "2013-07-15T13:21:15 UTC+0000",
  "form": 0,
  "currentfixture": "",
  "pointspergame": 0,
  "transfersin": 0,
  "news": "",
  "originalcost": 9,
  "eventpoints": 0,
  "fixturehistory": {
    "all": [],
    "summary": []
  },
  "nextfixture": "Newcastle (H)",
  "transfersinevent": 0,
  "selectedby": "5.6",
  "teamid": 10,
  "secondname": "Silva",
  "name": "Silva",
  "cost": 9,
  

"seasonhistory": [
    [
      "2010/11",
      2551,
      4,
      9,
      16,
      24,
      0,
      0,
      0,
      2,
      0,
      0,
      20,
      0,
      0,
      86,
      144
    ],
    [
      "2011/12",
      2801,
      6,
      17,
      15,
      25,
      0,
      0,
      0,
      0,
      0,
      0,
      21,
      665,
      0,
      97,
      184
    ],
    [
      "2012/13",
      2511,
      4,
      12,
      15,
      21,
      0,
      0,
      1,
      2,
      0,
      0,
      20,
      553,
      0,
      92,
      147
    ]
  ]
}