{
  "transfersout": 0,
  "code": 14664,
  "eventtotal": 0,
  "lastseasonpoints": 0,
  "squadnumber": null,
  "transfersbalance": 0,
  "eventcost": 8.5,
  "indreamteam": false,
  "id": 232,
  "firstname": "Yaya",
  "transfersoutevent": 0,
  "maxcost": 8.5,
  "eventexplain": [],
  "selected": 61022,
  "mincost": 8.5,
  "totalpoints": 142,
  "typename": "Midfielder",
  "teamname": "Man City",
  "status": "a",
  "added": "2013-07-15T13:21:15 UTC+0000",
  "form": 0,
  "currentfixture": "",
  "pointspergame": 0,
  "transfersin": 0,
  "news": "",
  "originalcost": 8.5,
  "eventpoints": 0,
  "fixturehistory": {
    "all": [],
    "summary": []
  },
  "nextfixture": "Newcastle (H)",
  "transfersinevent": 0,
  "selectedby": "7.8",
  "teamid": 10,
  "secondname": "Toure",
  "name": "Yaya Toure",
  "cost": 8.5,
  

"seasonhistory": [
    [
      "2010/11",
      2966,
      6,
      6,
      18,
      25,
      0,
      0,
      0,
      3,
      0,
      0,
      15,
      0,
      0,
      63,
      146
    ],
    [
      "2011/12",
      2643,
      6,
      9,
      14,
      21,
      0,
      0,
      0,
      8,
      0,
      0,
      15,
      513,
      0,
      80,
      139
    ],
    [
      "2012/13",
      2828,
      6,
      6,
      13,
      29,
      0,
      0,
      0,
      6,
      0,
      0,
      24,
      554,
      0,
      82,
      142
    ]
  ]
}