{
  "transfersout": 0,
  "code": 1632,
  "eventtotal": 0,
  "lastseasonpoints": 0,
  "squadnumber": null,
  "transfersbalance": 0,
  "eventcost": 5.5,
  "indreamteam": false,
  "id": 233,
  "firstname": "Gareth",
  "transfersoutevent": 0,
  "maxcost": 5.5,
  "eventexplain": [],
  "selected": 5066,
  "mincost": 5.5,
  "totalpoints": 87,
  "typename": "Midfielder",
  "teamname": "Man City",
  "status": "a",
  "added": "2013-07-15T13:21:15 UTC+0000",
  "form": 0,
  "currentfixture": "",
  "pointspergame": 0,
  "transfersin": 0,
  "news": "",
  "originalcost": 5.5,
  "eventpoints": 0,
  "fixturehistory": {
    "all": [],
    "summary": []
  },
  "nextfixture": "Newcastle (H)",
  "transfersinevent": 0,
  "selectedby": "0.7",
  "teamid": 10,
  "secondname": "Barry",
  "name": "Barry",
  "cost": 5.5,
  

"seasonhistory": [
    [
      "2006/07",
      3120,
      8,
      4,
      0,
      39,
      0,
      0,
      1,
      7,
      1,
      0,
      26,
      0,
      0,
      71,
      147
    ],
    [
      "2007/08",
      3319,
      9,
      10,
      0,
      49,
      0,
      0,
      1,
      5,
      0,
      0,
      27,
      0,
      0,
      84,
      178
    ],
    [
      "2008/09",
      3383,
      5,
      8,
      0,
      48,
      0,
      0,
      0,
      9,
      0,
      0,
      35,
      0,
      0,
      85,
      162
    ],
    [
      "2009/10",
      2994,
      2,
      7,
      0,
      40,
      0,
      0,
      0,
      4,
      0,
      0,
      8,
      0,
      0,
      74,
      112
    ],
    [
      "2010/11",
      2702,
      2,
      3,
      13,
      29,
      0,
      0,
      0,
      8,
      0,
      0,
      3,
      0,
      0,
      65,
      90
    ],
    [
      "2011/12",
      2734,
      1,
      3,
      13,
      25,
      0,
      0,
      0,
      8,
      1,
      0,
      3,
      453,
      0,
      66,
      83
    ],
    [
      "2012/13",
      2398,
      1,
      4,
      14,
      21,
      1,
      0,
      0,
      6,
      0,
      0,
      7,
      381,
      0,
      52,
      87
    ]
  ]
}