{
  "transfersout": 0,
  "code": 15157,
  "eventtotal": 0,
  "lastseasonpoints": 0,
  "squadnumber": null,
  "transfersbalance": 0,
  "eventcost": 6,
  "indreamteam": false,
  "id": 234,
  "firstname": "James",
  "transfersoutevent": 0,
  "maxcost": 6,
  "eventexplain": [],
  "selected": 10577,
  "mincost": 6,
  "totalpoints": 96,
  "typename": "Midfielder",
  "teamname": "Man City",
  "status": "a",
  "added": "2013-07-15T13:21:15 UTC+0000",
  "form": 0,
  "currentfixture": "",
  "pointspergame": 0,
  "transfersin": 0,
  "news": "",
  "originalcost": 6,
  "eventpoints": 0,
  "fixturehistory": {
    "all": [],
    "summary": []
  },
  "nextfixture": "Newcastle (H)",
  "transfersinevent": 0,
  "selectedby": "1.4",
  "teamid": 10,
  "secondname": "Milner",
  "name": "Milner",
  "cost": 6,
  

"seasonhistory": [
    [
      "2006/07",
      2675,
      3,
      7,
      0,
      37,
      0,
      0,
      0,
      3,
      0,
      0,
      11,
      0,
      0,
      59,
      114
    ],
    [
      "2007/08",
      2227,
      2,
      2,
      0,
      43,
      0,
      0,
      0,
      3,
      0,
      0,
      14,
      0,
      0,
      59,
      84
    ],
    [
      "2008/09",
      3060,
      3,
      9,
      0,
      36,
      0,
      0,
      0,
      6,
      0,
      0,
      7,
      0,
      0,
      61,
      128
    ],
    [
      "2009/10",
      3172,
      7,
      12,
      0,
      37,
      1,
      0,
      1,
      5,
      0,
      0,
      35,
      0,
      0,
      87,
      184
    ],
    [
      "2010/11",
      2134,
      1,
      7,
      11,
      24,
      0,
      0,
      0,
      4,
      0,
      0,
      10,
      0,
      0,
      81,
      97
    ],
    [
      "2011/12",
      1586,
      3,
      5,
      6,
      17,
      0,
      0,
      0,
      3,
      0,
      0,
      10,
      344,
      0,
      68,
      86
    ],
    [
      "2012/13",
      1724,
      4,
      4,
      11,
      14,
      0,
      0,
      0,
      1,
      1,
      0,
      14,
      323,
      0,
      61,
      96
    ]
  ]
}