{
  "transfersout": 0,
  "code": 93666,
  "eventtotal": 0,
  "lastseasonpoints": 0,
  "squadnumber": null,
  "transfersbalance": 0,
  "eventcost": 4.5,
  "indreamteam": false,
  "id": 235,
  "firstname": "Abdul",
  "transfersoutevent": 0,
  "maxcost": 4.5,
  "eventexplain": [],
  "selected": 436,
  "mincost": 4.5,
  "totalpoints": 3,
  "typename": "Midfielder",
  "teamname": "Man City",
  "status": "a",
  "added": "2013-07-15T13:21:15 UTC+0000",
  "form": 0,
  "currentfixture": "",
  "pointspergame": 0,
  "transfersin": 0,
  "news": "",
  "originalcost": 4.5,
  "eventpoints": 0,
  "fixturehistory": {
    "all": [],
    "summary": []
  },
  "nextfixture": "Newcastle (H)",
  "transfersinevent": 0,
  "selectedby": "0.1",
  "teamid": 10,
  "secondname": "Razak",
  "name": "Razak",
  "cost": 4.5,
  

"seasonhistory": [
    [
      "2010/11",
      1,
      0,
      0,
      0,
      0,
      0,
      0,
      0,
      0,
      0,
      0,
      0,
      0,
      0,
      45,
      1
    ],
    [
      "2011/12",
      11,
      0,
      0,
      0,
      0,
      0,
      0,
      0,
      0,
      0,
      0,
      0,
      3,
      0,
      50,
      1
    ],
    [
      "2012/13",
      4,
      0,
      0,
      0,
      0,
      0,
      0,
      0,
      0,
      0,
      0,
      0,
      0,
      0,
      43,
      3
    ]
  ]
}