{
  "transfersout": 0,
  "code": 19688,
  "eventtotal": 0,
  "lastseasonpoints": 0,
  "squadnumber": null,
  "transfersbalance": 0,
  "eventcost": 6,
  "indreamteam": false,
  "id": 236,
  "firstname": "Scott",
  "transfersoutevent": 0,
  "maxcost": 6,
  "eventexplain": [],
  "selected": 1123,
  "mincost": 6,
  "totalpoints": 18,
  "typename": "Midfielder",
  "teamname": "Man City",
  "status": "a",
  "added": "2013-07-15T13:21:15 UTC+0000",
  "form": 0,
  "currentfixture": "",
  "pointspergame": 0,
  "transfersin": 0,
  "news": "",
  "originalcost": 6,
  "eventpoints": 0,
  "fixturehistory": {
    "all": [],
    "summary": []
  },
  "nextfixture": "Newcastle (H)",
  "transfersinevent": 0,
  "selectedby": "0.1",
  "teamid": 10,
  "secondname": "Sinclair",
  "name": "Sinclair",
  "cost": 6,
  

"seasonhistory": [
    [
      "2006/07",
      64,
      0,
      0,
      0,
      0,
      0,
      0,
      0,
      0,
      0,
      0,
      0,
      0,
      0,
      70,
      2
    ],
    [
      "2007/08",
      15,
      0,
      0,
      0,
      0,
      0,
      0,
      0,
      0,
      0,
      0,
      0,
      0,
      0,
      65,
      1
    ],
    [
      "2008/09",
      20,
      0,
      0,
      0,
      0,
      0,
      0,
      0,
      0,
      0,
      0,
      0,
      0,
      0,
      65,
      2
    ],
    [
      "2009/10",
      358,
      1,
      0,
      0,
      15,
      0,
      0,
      0,
      0,
      0,
      0,
      0,
      0,
      0,
      49,
      23
    ],
    [
      "2011/12",
      3120,
      8,
      5,
      13,
      48,
      0,
      0,
      1,
      1,
      0,
      0,
      13,
      336,
      0,
      65,
      151
    ],
    [
      "2012/13",
      212,
      1,
      0,
      0,
      2,
      0,
      0,
      0,
      0,
      0,
      0,
      0,
      40,
      0,
      60,
      18
    ]
  ]
}