{
  "transfersout": 0,
  "code": 19534,
  "eventtotal": 0,
  "lastseasonpoints": 0,
  "squadnumber": null,
  "transfersbalance": 0,
  "eventcost": 5,
  "indreamteam": false,
  "id": 237,
  "firstname": "Francisco",
  "transfersoutevent": 0,
  "maxcost": 5,
  "eventexplain": [],
  "selected": 2185,
  "mincost": 5,
  "totalpoints": 56,
  "typename": "Midfielder",
  "teamname": "Man City",
  "status": "a",
  "added": "2013-07-15T13:21:15 UTC+0000",
  "form": 0,
  "currentfixture": "",
  "pointspergame": 0,
  "transfersin": 0,
  "news": "",
  "originalcost": 5,
  "eventpoints": 0,
  "fixturehistory": {
    "all": [],
    "summary": []
  },
  "nextfixture": "Newcastle (H)",
  "transfersinevent": 0,
  "selectedby": "0.3",
  "teamid": 10,
  "secondname": "Javi Garcia",
  "name": "Garcia",
  "cost": 5,
  

"seasonhistory": [
    [
      "2012/13",
      1494,
      2,
      0,
      6,
      13,
      0,
      0,
      0,
      5,
      0,
      0,
      7,
      232,
      0,
      50,
      56
    ]
  ]
}