{
  "transfersout": 0,
  "code": 17740,
  "eventtotal": 0,
  "lastseasonpoints": 0,
  "squadnumber": null,
  "transfersbalance": 0,
  "eventcost": 9,
  "indreamteam": false,
  "id": 238,
  "firstname": "Jesús",
  "transfersoutevent": 0,
  "maxcost": 9,
  "eventexplain": [],
  "selected": 50380,
  "mincost": 9,
  "totalpoints": 0,
  "typename": "Midfielder",
  "teamname": "Man City",
  "status": "a",
  "added": "2013-07-15T13:21:15 UTC+0000",
  "form": 0,
  "currentfixture": "",
  "pointspergame": 0,
  "transfersin": 0,
  "news": "",
  "originalcost": 9,
  "eventpoints": 0,
  "fixturehistory": {
    "all": [],
    "summary": []
  },
  "nextfixture": "Newcastle (H)",
  "transfersinevent": 0,
  "selectedby": "6.5",
  "teamid": 10,
  "secondname": "Navas",
  "name": "Navas",
  "cost": 9,
  

"seasonhistory": []
}