{
  "transfersout": 0,
  "code": 27789,
  "eventtotal": 0,
  "lastseasonpoints": 0,
  "squadnumber": null,
  "transfersbalance": 0,
  "eventcost": 8,
  "indreamteam": false,
  "id": 239,
  "firstname": "Fernando",
  "transfersoutevent": 0,
  "maxcost": 8,
  "eventexplain": [],
  "selected": 17490,
  "mincost": 8,
  "totalpoints": 0,
  "typename": "Midfielder",
  "teamname": "Man City",
  "status": "a",
  "added": "2013-07-15T13:21:15 UTC+0000",
  "form": 0,
  "currentfixture": "",
  "pointspergame": 0,
  "transfersin": 0,
  "news": "",
  "originalcost": 8,
  "eventpoints": 0,
  "fixturehistory": {
    "all": [],
    "summary": []
  },
  "nextfixture": "Newcastle (H)",
  "transfersinevent": 0,
  "selectedby": "2.2",
  "teamid": 10,
  "secondname": "Luiz Rosa",
  "name": "Fernandinho",
  "cost": 8,
  

"seasonhistory": []
}