{
  "transfersout": 0,
  "code": 80711,
  "eventtotal": 0,
  "lastseasonpoints": 0,
  "squadnumber": null,
  "transfersbalance": 0,
  "eventcost": 5,
  "indreamteam": false,
  "id": 24,
  "firstname": "Yaya",
  "transfersoutevent": 0,
  "maxcost": 5,
  "eventexplain": [],
  "selected": 5435,
  "mincost": 5,
  "totalpoints": 0,
  "typename": "Forward",
  "teamname": "Arsenal",
  "status": "a",
  "added": "2013-07-15T13:21:12 UTC+0000",
  "form": 0,
  "currentfixture": "",
  "pointspergame": 0,
  "transfersin": 0,
  "news": "",
  "originalcost": 5,
  "eventpoints": 0,
  "fixturehistory": {
    "all": [],
    "summary": []
  },
  "nextfixture": "Aston Villa (H)",
  "transfersinevent": 0,
  "selectedby": "0.7",
  "teamid": 1,
  "secondname": "Sanogo",
  "name": "Sanogo",
  "cost": 5,
  

"seasonhistory": []
}