{
  "transfersout": 0,
  "code": 42544,
  "eventtotal": 0,
  "lastseasonpoints": 0,
  "squadnumber": null,
  "transfersbalance": 0,
  "eventcost": 7.5,
  "indreamteam": false,
  "id": 240,
  "firstname": "Edin",
  "transfersoutevent": 0,
  "maxcost": 7.5,
  "eventexplain": [],
  "selected": 58374,
  "mincost": 7.5,
  "totalpoints": 130,
  "typename": "Forward",
  "teamname": "Man City",
  "status": "a",
  "added": "2013-07-15T13:21:15 UTC+0000",
  "form": 0,
  "currentfixture": "",
  "pointspergame": 0,
  "transfersin": 0,
  "news": "",
  "originalcost": 7.5,
  "eventpoints": 0,
  "fixturehistory": {
    "all": [],
    "summary": []
  },
  "nextfixture": "Newcastle (H)",
  "transfersinevent": 0,
  "selectedby": "7.5",
  "teamid": 10,
  "secondname": "Dzeko",
  "name": "Dzeko",
  "cost": 7.5,
  

"seasonhistory": [
    [
      "2010/11",
      854,
      2,
      2,
      1,
      15,
      0,
      0,
      0,
      1,
      0,
      0,
      0,
      0,
      0,
      84,
      35
    ],
    [
      "2011/12",
      1509,
      14,
      6,
      5,
      17,
      0,
      0,
      0,
      1,
      0,
      0,
      18,
      384,
      0,
      77,
      136
    ],
    [
      "2012/13",
      1823,
      14,
      6,
      9,
      22,
      0,
      0,
      1,
      4,
      0,
      0,
      12,
      388,
      0,
      69,
      130
    ]
  ]
}