{
  "transfersout": 0,
  "code": 37572,
  "eventtotal": 0,
  "lastseasonpoints": 0,
  "squadnumber": null,
  "transfersbalance": 0,
  "eventcost": 11,
  "indreamteam": false,
  "id": 241,
  "firstname": "Sergio",
  "transfersoutevent": 0,
  "maxcost": 11,
  "eventexplain": [],
  "selected": 70929,
  "mincost": 11,
  "totalpoints": 121,
  "typename": "Forward",
  "teamname": "Man City",
  "status": "a",
  "added": "2013-07-15T13:21:15 UTC+0000",
  "form": 0,
  "currentfixture": "",
  "pointspergame": 0,
  "transfersin": 0,
  "news": "",
  "originalcost": 11,
  "eventpoints": 0,
  "fixturehistory": {
    "all": [],
    "summary": []
  },
  "nextfixture": "Newcastle (H)",
  "transfersinevent": 0,
  "selectedby": "9.1",
  "teamid": 10,
  "secondname": "Aguero",
  "name": "Aguero",
  "cost": 11,
  

"seasonhistory": [
    [
      "2011/12",
      2576,
      23,
      9,
      18,
      18,
      0,
      0,
      0,
      2,
      0,
      0,
      30,
      647,
      0,
      114,
      211
    ],
    [
      "2012/13",
      1944,
      12,
      3,
      10,
      20,
      0,
      0,
      0,
      2,
      0,
      0,
      16,
      391,
      0,
      111,
      121
    ]
  ]
}