{
  "transfersout": 0,
  "code": 51940,
  "eventtotal": 0,
  "lastseasonpoints": 0,
  "squadnumber": null,
  "transfersbalance": 0,
  "eventcost": 6,
  "indreamteam": false,
  "id": 242,
  "firstname": "David",
  "transfersoutevent": 0,
  "maxcost": 6,
  "eventexplain": [],
  "selected": 114190,
  "mincost": 6,
  "totalpoints": 114,
  "typename": "Goalkeeper",
  "teamname": "Man Utd",
  "status": "a",
  "added": "2013-07-15T13:21:15 UTC+0000",
  "form": 0,
  "currentfixture": "",
  "pointspergame": 0,
  "transfersin": 0,
  "news": "",
  "originalcost": 6,
  "eventpoints": 0,
  "fixturehistory": {
    "all": [],
    "summary": []
  },
  "nextfixture": "Swansea (A)",
  "transfersinevent": 0,
  "selectedby": "14.7",
  "teamid": 11,
  "secondname": "De Gea",
  "name": "de Gea",
  "cost": 6,
  

"seasonhistory": [
    [
      "2011/12",
      2610,
      0,
      0,
      13,
      29,
      0,
      1,
      0,
      0,
      0,
      111,
      1,
      425,
      0,
      62,
      134
    ],
    [
      "2012/13",
      2520,
      0,
      0,
      11,
      26,
      0,
      0,
      0,
      0,
      0,
      89,
      1,
      418,
      0,
      58,
      114
    ]
  ]
}