{
  "transfersout": 0,
  "code": 39725,
  "eventtotal": 0,
  "lastseasonpoints": 0,
  "squadnumber": null,
  "transfersbalance": 0,
  "eventcost": 5,
  "indreamteam": false,
  "id": 243,
  "firstname": "Anders",
  "transfersoutevent": 0,
  "maxcost": 5,
  "eventexplain": [],
  "selected": 2432,
  "mincost": 5,
  "totalpoints": 26,
  "typename": "Goalkeeper",
  "teamname": "Man Utd",
  "status": "a",
  "added": "2013-07-15T13:21:15 UTC+0000",
  "form": 0,
  "currentfixture": "",
  "pointspergame": 0,
  "transfersin": 0,
  "news": "",
  "originalcost": 5,
  "eventpoints": 0,
  "fixturehistory": {
    "all": [],
    "summary": []
  },
  "nextfixture": "Swansea (A)",
  "transfersinevent": 0,
  "selectedby": "0.3",
  "teamid": 11,
  "secondname": "Lindegaard",
  "name": "Lindegaard",
  "cost": 5,
  

"seasonhistory": [
    [
      "2010/11",
      0,
      0,
      0,
      0,
      0,
      0,
      0,
      0,
      0,
      0,
      0,
      0,
      0,
      0,
      45,
      0
    ],
    [
      "2011/12",
      720,
      0,
      0,
      6,
      4,
      0,
      0,
      0,
      0,
      0,
      20,
      0,
      130,
      0,
      40,
      44
    ],
    [
      "2012/13",
      900,
      0,
      0,
      2,
      17,
      0,
      0,
      0,
      0,
      0,
      20,
      0,
      119,
      0,
      51,
      26
    ]
  ]
}