{
  "transfersout": 0,
  "code": 55909,
  "eventtotal": 0,
  "lastseasonpoints": 0,
  "squadnumber": null,
  "transfersbalance": 0,
  "eventcost": 5.5,
  "indreamteam": false,
  "id": 244,
  "firstname": "Chris",
  "transfersoutevent": 0,
  "maxcost": 5.5,
  "eventexplain": [],
  "selected": 4068,
  "mincost": 5.5,
  "totalpoints": 47,
  "typename": "Defender",
  "teamname": "Man Utd",
  "status": "a",
  "added": "2013-07-15T13:21:15 UTC+0000",
  "form": 0,
  "currentfixture": "",
  "pointspergame": 0,
  "transfersin": 0,
  "news": "",
  "originalcost": 5.5,
  "eventpoints": 0,
  "fixturehistory": {
    "all": [],
    "summary": []
  },
  "nextfixture": "Swansea (A)",
  "transfersinevent": 0,
  "selectedby": "0.5",
  "teamid": 11,
  "secondname": "Smalling",
  "name": "Smalling",
  "cost": 5.5,
  

"seasonhistory": [
    [
      "2008/09",
      14,
      0,
      0,
      0,
      1,
      0,
      0,
      0,
      0,
      0,
      0,
      0,
      0,
      0,
      40,
      1
    ],
    [
      "2009/10",
      868,
      0,
      0,
      0,
      18,
      2,
      0,
      0,
      0,
      0,
      0,
      0,
      0,
      0,
      40,
      16
    ],
    [
      "2010/11",
      1086,
      0,
      1,
      5,
      12,
      0,
      0,
      0,
      0,
      0,
      0,
      5,
      0,
      0,
      44,
      51
    ],
    [
      "2011/12",
      1297,
      1,
      0,
      6,
      14,
      0,
      0,
      0,
      1,
      0,
      0,
      2,
      222,
      0,
      52,
      60
    ],
    [
      "2012/13",
      1020,
      0,
      0,
      6,
      10,
      0,
      0,
      0,
      1,
      0,
      0,
      1,
      177,
      0,
      45,
      47
    ]
  ]
}