{
  "transfersout": 0,
  "code": 76359,
  "eventtotal": 0,
  "lastseasonpoints": 0,
  "squadnumber": null,
  "transfersbalance": 0,
  "eventcost": 6,
  "indreamteam": false,
  "id": 245,
  "firstname": "Phil",
  "transfersoutevent": 0,
  "maxcost": 6,
  "eventexplain": [],
  "selected": 37900,
  "mincost": 6,
  "totalpoints": 37,
  "typename": "Defender",
  "teamname": "Man Utd",
  "status": "a",
  "added": "2013-07-15T13:21:15 UTC+0000",
  "form": 0,
  "currentfixture": "",
  "pointspergame": 0,
  "transfersin": 0,
  "news": "",
  "originalcost": 6,
  "eventpoints": 0,
  "fixturehistory": {
    "all": [],
    "summary": []
  },
  "nextfixture": "Swansea (A)",
  "transfersinevent": 0,
  "selectedby": "4.9",
  "teamid": 11,
  "secondname": "Jones",
  "name": "Jones",
  "cost": 6,
  

"seasonhistory": [
    [
      "2009/10",
      664,
      0,
      0,
      0,
      6,
      0,
      0,
      0,
      0,
      0,
      0,
      7,
      0,
      0,
      40,
      34
    ],
    [
      "2010/11",
      2175,
      0,
      0,
      6,
      33,
      0,
      0,
      0,
      4,
      0,
      0,
      11,
      0,
      0,
      42,
      70
    ],
    [
      "2011/12",
      2125,
      1,
      3,
      12,
      20,
      1,
      0,
      0,
      6,
      0,
      0,
      6,
      359,
      0,
      60,
      108
    ],
    [
      "2012/13",
      1209,
      0,
      2,
      2,
      17,
      1,
      0,
      0,
      4,
      0,
      0,
      4,
      163,
      0,
      57,
      37
    ]
  ]
}