{
  "transfersout": 0,
  "code": 54772,
  "eventtotal": 0,
  "lastseasonpoints": 0,
  "squadnumber": null,
  "transfersbalance": 0,
  "eventcost": 6,
  "indreamteam": false,
  "id": 246,
  "firstname": "Rafael",
  "transfersoutevent": 0,
  "maxcost": 6,
  "eventexplain": [],
  "selected": 8204,
  "mincost": 6,
  "totalpoints": 110,
  "typename": "Defender",
  "teamname": "Man Utd",
  "status": "s",
  "added": "2013-07-15T13:21:15 UTC+0000",
  "form": 0,
  "currentfixture": "",
  "pointspergame": 0,
  "transfersin": 0,
  "news": "Suspended - unknown return date",
  "originalcost": 6,
  "eventpoints": 0,
  "fixturehistory": {
    "all": [],
    "summary": []
  },
  "nextfixture": "Swansea (A)",
  "transfersinevent": 0,
  "selectedby": "1.1",
  "teamid": 11,
  "secondname": "Da Silva",
  "name": "Rafael",
  "cost": 6,
  

"seasonhistory": [
    [
      "2008/09",
      1055,
      1,
      0,
      0,
      3,
      0,
      0,
      0,
      2,
      0,
      0,
      1,
      0,
      0,
      55,
      40
    ],
    [
      "2009/10",
      680,
      1,
      1,
      0,
      5,
      0,
      0,
      0,
      2,
      0,
      0,
      1,
      0,
      0,
      49,
      36
    ],
    [
      "2010/11",
      1197,
      0,
      1,
      6,
      13,
      0,
      0,
      0,
      2,
      1,
      0,
      4,
      0,
      0,
      54,
      51
    ],
    [
      "2011/12",
      911,
      0,
      4,
      6,
      12,
      0,
      0,
      0,
      2,
      0,
      0,
      6,
      197,
      0,
      54,
      58
    ],
    [
      "2012/13",
      2312,
      3,
      5,
      8,
      30,
      0,
      0,
      0,
      6,
      1,
      0,
      11,
      428,
      0,
      61,
      110
    ]
  ]
}