{
  "transfersout": 0,
  "code": 14965,
  "eventtotal": 0,
  "lastseasonpoints": 0,
  "squadnumber": null,
  "transfersbalance": 0,
  "eventcost": 6,
  "indreamteam": false,
  "id": 247,
  "firstname": "Nemanja",
  "transfersoutevent": 0,
  "maxcost": 6,
  "eventexplain": [],
  "selected": 6950,
  "mincost": 6,
  "totalpoints": 73,
  "typename": "Defender",
  "teamname": "Man Utd",
  "status": "a",
  "added": "2013-07-15T13:21:15 UTC+0000",
  "form": 0,
  "currentfixture": "",
  "pointspergame": 0,
  "transfersin": 0,
  "news": "",
  "originalcost": 6,
  "eventpoints": 0,
  "fixturehistory": {
    "all": [],
    "summary": []
  },
  "nextfixture": "Swansea (A)",
  "transfersinevent": 0,
  "selectedby": "0.9",
  "teamid": 11,
  "secondname": "Vidic",
  "name": "Vidic",
  "cost": 6,
  

"seasonhistory": [
    [
      "2006/07",
      2139,
      3,
      1,
      0,
      15,
      0,
      0,
      0,
      7,
      0,
      0,
      2,
      0,
      0,
      67,
      106
    ],
    [
      "2007/08",
      2667,
      1,
      1,
      0,
      13,
      0,
      0,
      0,
      5,
      0,
      0,
      7,
      0,
      0,
      69,
      145
    ],
    [
      "2008/09",
      2981,
      4,
      1,
      0,
      18,
      0,
      0,
      0,
      4,
      2,
      0,
      17,
      0,
      0,
      79,
      187
    ],
    [
      "2009/10",
      2105,
      1,
      0,
      0,
      16,
      0,
      0,
      0,
      7,
      1,
      0,
      7,
      0,
      0,
      78,
      94
    ],
    [
      "2010/11",
      3116,
      5,
      1,
      14,
      33,
      0,
      0,
      0,
      6,
      1,
      0,
      9,
      0,
      0,
      81,
      148
    ],
    [
      "2011/12",
      501,
      0,
      0,
      4,
      2,
      0,
      0,
      0,
      0,
      0,
      0,
      3,
      97,
      0,
      77,
      30
    ],
    [
      "2012/13",
      1617,
      1,
      0,
      8,
      14,
      1,
      0,
      0,
      2,
      0,
      0,
      5,
      275,
      0,
      66,
      73
    ]
  ]
}