{
  "transfersout": 0,
  "code": 2034,
  "eventtotal": 0,
  "lastseasonpoints": 0,
  "squadnumber": null,
  "transfersbalance": 0,
  "eventcost": 5.5,
  "indreamteam": false,
  "id": 248,
  "firstname": "Rio",
  "transfersoutevent": 0,
  "maxcost": 5.5,
  "eventexplain": [],
  "selected": 22821,
  "mincost": 5.5,
  "totalpoints": 92,
  "typename": "Defender",
  "teamname": "Man Utd",
  "status": "a",
  "added": "2013-07-15T13:21:15 UTC+0000",
  "form": 0,
  "currentfixture": "",
  "pointspergame": 0,
  "transfersin": 0,
  "news": "",
  "originalcost": 5.5,
  "eventpoints": 0,
  "fixturehistory": {
    "all": [],
    "summary": []
  },
  "nextfixture": "Swansea (A)",
  "transfersinevent": 0,
  "selectedby": "2.9",
  "teamid": 11,
  "secondname": "Ferdinand",
  "name": "Ferdinand",
  "cost": 5.5,
  

"seasonhistory": [
    [
      "2006/07",
      2925,
      1,
      0,
      0,
      23,
      0,
      0,
      0,
      2,
      0,
      0,
      5,
      0,
      0,
      69,
      126
    ],
    [
      "2007/08",
      3045,
      2,
      1,
      0,
      20,
      0,
      0,
      0,
      4,
      0,
      0,
      15,
      0,
      0,
      73,
      171
    ],
    [
      "2008/09",
      2139,
      0,
      0,
      0,
      20,
      0,
      0,
      0,
      3,
      0,
      0,
      2,
      0,
      0,
      69,
      92
    ],
    [
      "2009/10",
      1084,
      0,
      0,
      0,
      10,
      0,
      0,
      0,
      0,
      0,
      0,
      3,
      0,
      0,
      66,
      49
    ],
    [
      "2010/11",
      1710,
      0,
      0,
      8,
      13,
      0,
      0,
      0,
      0,
      0,
      0,
      1,
      0,
      0,
      63,
      69
    ],
    [
      "2011/12",
      2562,
      0,
      0,
      15,
      26,
      0,
      0,
      0,
      4,
      0,
      0,
      3,
      442,
      0,
      64,
      111
    ],
    [
      "2012/13",
      2322,
      1,
      2,
      8,
      32,
      0,
      0,
      0,
      2,
      0,
      0,
      6,
      431,
      0,
      58,
      92
    ]
  ]
}