{
  "transfersout": 0,
  "code": 14075,
  "eventtotal": 0,
  "lastseasonpoints": 0,
  "squadnumber": null,
  "transfersbalance": 0,
  "eventcost": 6.5,
  "indreamteam": false,
  "id": 249,
  "firstname": "Patrice",
  "transfersoutevent": 0,
  "maxcost": 6.5,
  "eventexplain": [],
  "selected": 81253,
  "mincost": 6.5,
  "totalpoints": 152,
  "typename": "Defender",
  "teamname": "Man Utd",
  "status": "a",
  "added": "2013-07-15T13:21:15 UTC+0000",
  "form": 0,
  "currentfixture": "",
  "pointspergame": 0,
  "transfersin": 0,
  "news": "",
  "originalcost": 6.5,
  "eventpoints": 0,
  "fixturehistory": {
    "all": [],
    "summary": []
  },
  "nextfixture": "Swansea (A)",
  "transfersinevent": 0,
  "selectedby": "10.4",
  "teamid": 11,
  "secondname": "Evra",
  "name": "Evra",
  "cost": 6.5,
  

"seasonhistory": [
    [
      "2006/07",
      1854,
      1,
      4,
      0,
      13,
      0,
      0,
      0,
      4,
      0,
      0,
      3,
      0,
      0,
      64,
      111
    ],
    [
      "2007/08",
      2820,
      0,
      1,
      0,
      16,
      0,
      0,
      0,
      4,
      0,
      0,
      1,
      0,
      0,
      65,
      133
    ],
    [
      "2008/09",
      2407,
      0,
      2,
      0,
      23,
      0,
      0,
      0,
      6,
      0,
      0,
      3,
      0,
      0,
      64,
      106
    ],
    [
      "2009/10",
      3283,
      0,
      7,
      0,
      27,
      0,
      0,
      0,
      5,
      0,
      0,
      7,
      0,
      0,
      75,
      168
    ],
    [
      "2010/11",
      2957,
      1,
      2,
      12,
      33,
      1,
      0,
      0,
      1,
      0,
      0,
      0,
      0,
      0,
      73,
      113
    ],
    [
      "2011/12",
      3234,
      0,
      6,
      19,
      32,
      0,
      0,
      0,
      6,
      0,
      0,
      7,
      566,
      0,
      76,
      159
    ],
    [
      "2012/13",
      3060,
      4,
      6,
      10,
      38,
      0,
      0,
      0,
      3,
      0,
      0,
      16,
      583,
      0,
      73,
      152
    ]
  ]
}