{
  "transfersout": 0,
  "code": 1822,
  "eventtotal": 0,
  "lastseasonpoints": 0,
  "squadnumber": null,
  "transfersbalance": 0,
  "eventcost": 4,
  "indreamteam": false,
  "id": 25,
  "firstname": "Shay",
  "transfersoutevent": 0,
  "maxcost": 4,
  "eventexplain": [],
  "selected": 72385,
  "mincost": 4,
  "totalpoints": 4,
  "typename": "Goalkeeper",
  "teamname": "Aston Villa",
  "status": "a",
  "added": "2013-07-15T13:21:12 UTC+0000",
  "form": 0,
  "currentfixture": "",
  "pointspergame": 0,
  "transfersin": 0,
  "news": "",
  "originalcost": 4,
  "eventpoints": 0,
  "fixturehistory": {
    "all": [],
    "summary": []
  },
  "nextfixture": "Arsenal (A), Chelsea (A)",
  "transfersinevent": 0,
  "selectedby": "9.3",
  "teamid": 2,
  "secondname": "Given",
  "name": "Given",
  "cost": 4,
  

"seasonhistory": [
    [
      "2006/07",
      1881,
      0,
      0,
      0,
      27,
      0,
      0,
      0,
      1,
      0,
      71,
      1,
      0,
      0,
      47,
      64
    ],
    [
      "2007/08",
      1628,
      0,
      0,
      0,
      37,
      0,
      0,
      0,
      2,
      0,
      54,
      0,
      0,
      0,
      48,
      39
    ],
    [
      "2008/09",
      3330,
      0,
      1,
      0,
      55,
      0,
      2,
      0,
      2,
      0,
      125,
      13,
      0,
      0,
      48,
      144
    ],
    [
      "2009/10",
      3132,
      0,
      0,
      0,
      42,
      0,
      2,
      0,
      2,
      0,
      91,
      3,
      0,
      0,
      53,
      131
    ],
    [
      "2010/11",
      0,
      0,
      0,
      0,
      0,
      0,
      0,
      0,
      0,
      0,
      0,
      0,
      0,
      0,
      53,
      0
    ],
    [
      "2011/12",
      2827,
      0,
      0,
      8,
      45,
      0,
      0,
      0,
      1,
      0,
      96,
      0,
      285,
      0,
      47,
      96
    ],
    [
      "2012/13",
      180,
      0,
      0,
      0,
      4,
      0,
      0,
      0,
      0,
      0,
      3,
      0,
      8,
      0,
      45,
      4
    ]
  ]
}