{
  "transfersout": 0,
  "code": 37642,
  "eventtotal": 0,
  "lastseasonpoints": 0,
  "squadnumber": null,
  "transfersbalance": 0,
  "eventcost": 5.5,
  "indreamteam": false,
  "id": 250,
  "firstname": "Jonny",
  "transfersoutevent": 0,
  "maxcost": 5.5,
  "eventexplain": [],
  "selected": 32152,
  "mincost": 5.5,
  "totalpoints": 99,
  "typename": "Defender",
  "teamname": "Man Utd",
  "status": "a",
  "added": "2013-07-15T13:21:15 UTC+0000",
  "form": 0,
  "currentfixture": "",
  "pointspergame": 0,
  "transfersin": 0,
  "news": "",
  "originalcost": 5.5,
  "eventpoints": 0,
  "fixturehistory": {
    "all": [],
    "summary": []
  },
  "nextfixture": "Swansea (A)",
  "transfersinevent": 0,
  "selectedby": "4.1",
  "teamid": 11,
  "secondname": "Evans",
  "name": "Evans",
  "cost": 5.5,
  

"seasonhistory": [
    [
      "2007/08",
      1336,
      0,
      0,
      0,
      15,
      0,
      0,
      0,
      0,
      0,
      0,
      4,
      0,
      0,
      44,
      50
    ],
    [
      "2008/09",
      1422,
      0,
      0,
      0,
      8,
      0,
      0,
      0,
      2,
      0,
      0,
      4,
      0,
      0,
      42,
      73
    ],
    [
      "2009/10",
      1585,
      0,
      0,
      0,
      12,
      0,
      0,
      0,
      2,
      0,
      0,
      0,
      0,
      0,
      48,
      68
    ],
    [
      "2010/11",
      1004,
      0,
      0,
      4,
      16,
      0,
      0,
      0,
      2,
      1,
      0,
      0,
      0,
      0,
      46,
      29
    ],
    [
      "2011/12",
      2423,
      1,
      3,
      15,
      23,
      1,
      0,
      0,
      6,
      1,
      0,
      11,
      482,
      0,
      53,
      123
    ],
    [
      "2012/13",
      1902,
      3,
      2,
      8,
      23,
      1,
      0,
      0,
      2,
      0,
      0,
      11,
      421,
      0,
      53,
      99
    ]
  ]
}