{
  "transfersout": 0,
  "code": 50004,
  "eventtotal": 0,
  "lastseasonpoints": 0,
  "squadnumber": null,
  "transfersbalance": 0,
  "eventcost": 5,
  "indreamteam": false,
  "id": 251,
  "firstname": "Alexander",
  "transfersoutevent": 0,
  "maxcost": 5,
  "eventexplain": [],
  "selected": 2783,
  "mincost": 5,
  "totalpoints": 37,
  "typename": "Defender",
  "teamname": "Man Utd",
  "status": "a",
  "added": "2013-07-15T13:21:15 UTC+0000",
  "form": 0,
  "currentfixture": "",
  "pointspergame": 0,
  "transfersin": 0,
  "news": "",
  "originalcost": 5,
  "eventpoints": 0,
  "fixturehistory": {
    "all": [],
    "summary": []
  },
  "nextfixture": "Swansea (A)",
  "transfersinevent": 0,
  "selectedby": "0.4",
  "teamid": 11,
  "secondname": "Buttner",
  "name": "Buttner",
  "cost": 5,
  

"seasonhistory": [
    [
      "2012/13",
      383,
      2,
      1,
      3,
      6,
      0,
      0,
      0,
      1,
      0,
      0,
      4,
      104,
      0,
      50,
      37
    ]
  ]
}