{
  "transfersout": 0,
  "code": 20695,
  "eventtotal": 0,
  "lastseasonpoints": 0,
  "squadnumber": null,
  "transfersbalance": 0,
  "eventcost": 7.5,
  "indreamteam": false,
  "id": 253,
  "firstname": "Antonio",
  "transfersoutevent": 0,
  "maxcost": 7.5,
  "eventexplain": [],
  "selected": 4620,
  "mincost": 7.5,
  "totalpoints": 86,
  "typename": "Midfielder",
  "teamname": "Man Utd",
  "status": "a",
  "added": "2013-07-15T13:21:15 UTC+0000",
  "form": 0,
  "currentfixture": "",
  "pointspergame": 0,
  "transfersin": 0,
  "news": "",
  "originalcost": 7.5,
  "eventpoints": 0,
  "fixturehistory": {
    "all": [],
    "summary": []
  },
  "nextfixture": "Swansea (A)",
  "transfersinevent": 0,
  "selectedby": "0.6",
  "teamid": 11,
  "secondname": "Valencia",
  "name": "Valencia",
  "cost": 7.5,
  

"seasonhistory": [
    [
      "2006/07",
      1374,
      1,
      1,
      0,
      19,
      0,
      0,
      0,
      6,
      1,
      0,
      6,
      0,
      0,
      48,
      48
    ],
    [
      "2007/08",
      2711,
      3,
      4,
      0,
      35,
      0,
      0,
      0,
      5,
      0,
      0,
      12,
      0,
      0,
      49,
      108
    ],
    [
      "2008/09",
      2677,
      3,
      5,
      0,
      36,
      0,
      0,
      0,
      3,
      1,
      0,
      21,
      0,
      0,
      64,
      115
    ],
    [
      "2009/10",
      2613,
      5,
      9,
      0,
      18,
      0,
      0,
      0,
      3,
      0,
      0,
      17,
      0,
      0,
      84,
      144
    ],
    [
      "2010/11",
      742,
      1,
      2,
      4,
      6,
      0,
      0,
      0,
      1,
      0,
      0,
      10,
      0,
      0,
      79,
      42
    ],
    [
      "2011/12",
      2124,
      4,
      14,
      14,
      18,
      0,
      0,
      0,
      3,
      0,
      0,
      17,
      534,
      0,
      83,
      140
    ],
    [
      "2012/13",
      2207,
      1,
      7,
      8,
      30,
      0,
      0,
      0,
      6,
      0,
      0,
      4,
      412,
      0,
      82,
      86
    ]
  ]
}