{
  "transfersout": 0,
  "code": 38530,
  "eventtotal": 0,
  "lastseasonpoints": 0,
  "squadnumber": null,
  "transfersbalance": 0,
  "eventcost": 7.5,
  "indreamteam": false,
  "id": 254,
  "firstname": "Luis",
  "transfersoutevent": 0,
  "maxcost": 7.5,
  "eventexplain": [],
  "selected": 857,
  "mincost": 7.5,
  "totalpoints": 34,
  "typename": "Midfielder",
  "teamname": "Man Utd",
  "status": "a",
  "added": "2013-07-15T13:21:15 UTC+0000",
  "form": 0,
  "currentfixture": "",
  "pointspergame": 0,
  "transfersin": 0,
  "news": "",
  "originalcost": 7.5,
  "eventpoints": 0,
  "fixturehistory": {
    "all": [],
    "summary": []
  },
  "nextfixture": "Swansea (A)",
  "transfersinevent": 0,
  "selectedby": "0.1",
  "teamid": 11,
  "secondname": "Nani",
  "name": "Nani",
  "cost": 7.5,
  

"seasonhistory": [
    [
      "2007/08",
      1572,
      3,
      9,
      0,
      12,
      0,
      0,
      0,
      2,
      1,
      0,
      5,
      0,
      0,
      73,
      89
    ],
    [
      "2008/09",
      550,
      1,
      4,
      0,
      6,
      0,
      0,
      0,
      1,
      0,
      0,
      0,
      0,
      0,
      76,
      36
    ],
    [
      "2009/10",
      1585,
      3,
      10,
      0,
      9,
      0,
      0,
      0,
      1,
      1,
      0,
      12,
      0,
      0,
      69,
      103
    ],
    [
      "2010/11",
      2660,
      9,
      18,
      14,
      29,
      0,
      0,
      1,
      1,
      0,
      0,
      25,
      0,
      0,
      94,
      198
    ],
    [
      "2011/12",
      2104,
      8,
      12,
      11,
      21,
      0,
      0,
      0,
      2,
      0,
      0,
      19,
      518,
      0,
      100,
      157
    ],
    [
      "2012/13",
      630,
      1,
      3,
      3,
      6,
      0,
      0,
      0,
      1,
      0,
      0,
      1,
      79,
      0,
      82,
      34
    ]
  ]
}