{
  "transfersout": 0,
  "code": 27258,
  "eventtotal": 0,
  "lastseasonpoints": 0,
  "squadnumber": null,
  "transfersbalance": 0,
  "eventcost": 5,
  "indreamteam": false,
  "id": 255,
  "firstname": "Oliveira",
  "transfersoutevent": 0,
  "maxcost": 5,
  "eventexplain": [],
  "selected": 1494,
  "mincost": 5,
  "totalpoints": 41,
  "typename": "Midfielder",
  "teamname": "Man Utd",
  "status": "a",
  "added": "2013-07-15T13:21:15 UTC+0000",
  "form": 0,
  "currentfixture": "",
  "pointspergame": 0,
  "transfersin": 0,
  "news": "",
  "originalcost": 5,
  "eventpoints": 0,
  "fixturehistory": {
    "all": [],
    "summary": []
  },
  "nextfixture": "Swansea (A)",
  "transfersinevent": 0,
  "selectedby": "0.2",
  "teamid": 11,
  "secondname": "Anderson",
  "name": "Anderson",
  "cost": 5,
  

"seasonhistory": [
    [
      "2007/08",
      1485,
      0,
      1,
      0,
      9,
      0,
      0,
      0,
      2,
      0,
      0,
      3,
      0,
      0,
      77,
      54
    ],
    [
      "2008/09",
      930,
      0,
      0,
      0,
      10,
      0,
      0,
      0,
      0,
      0,
      0,
      5,
      0,
      0,
      56,
      38
    ],
    [
      "2009/10",
      859,
      1,
      2,
      0,
      12,
      0,
      0,
      0,
      1,
      0,
      0,
      3,
      0,
      0,
      44,
      37
    ],
    [
      "2010/11",
      1182,
      1,
      3,
      8,
      8,
      0,
      0,
      0,
      2,
      0,
      0,
      6,
      0,
      0,
      55,
      57
    ],
    [
      "2011/12",
      690,
      2,
      1,
      3,
      9,
      0,
      0,
      0,
      2,
      0,
      0,
      5,
      170,
      0,
      57,
      37
    ],
    [
      "2012/13",
      824,
      1,
      1,
      5,
      12,
      0,
      0,
      0,
      1,
      0,
      0,
      4,
      170,
      0,
      51,
      41
    ]
  ]
}