{
  "transfersout": 0,
  "code": 3,
  "eventtotal": 0,
  "lastseasonpoints": 0,
  "squadnumber": null,
  "transfersbalance": 0,
  "eventcost": 5.5,
  "indreamteam": false,
  "id": 256,
  "firstname": "Ryan",
  "transfersoutevent": 0,
  "maxcost": 5.5,
  "eventexplain": [],
  "selected": 4357,
  "mincost": 5.5,
  "totalpoints": 65,
  "typename": "Midfielder",
  "teamname": "Man Utd",
  "status": "a",
  "added": "2013-07-15T13:21:15 UTC+0000",
  "form": 0,
  "currentfixture": "",
  "pointspergame": 0,
  "transfersin": 0,
  "news": "",
  "originalcost": 5.5,
  "eventpoints": 0,
  "fixturehistory": {
    "all": [],
    "summary": []
  },
  "nextfixture": "Swansea (A)",
  "transfersinevent": 0,
  "selectedby": "0.6",
  "teamid": 11,
  "secondname": "Giggs",
  "name": "Giggs",
  "cost": 5.5,
  

"seasonhistory": [
    [
      "2006/07",
      2302,
      4,
      9,
      0,
      16,
      0,
      0,
      0,
      5,
      0,
      0,
      17,
      0,
      0,
      83,
      125
    ],
    [
      "2007/08",
      2234,
      3,
      5,
      0,
      17,
      0,
      0,
      0,
      1,
      0,
      0,
      3,
      0,
      0,
      81,
      101
    ],
    [
      "2008/09",
      1509,
      2,
      8,
      0,
      10,
      0,
      0,
      0,
      0,
      0,
      0,
      14,
      0,
      0,
      69,
      102
    ],
    [
      "2009/10",
      1808,
      5,
      13,
      0,
      18,
      0,
      0,
      0,
      0,
      0,
      0,
      15,
      0,
      0,
      71,
      128
    ],
    [
      "2010/11",
      1676,
      2,
      8,
      5,
      21,
      0,
      0,
      0,
      5,
      0,
      0,
      4,
      0,
      0,
      68,
      79
    ],
    [
      "2011/12",
      1479,
      2,
      9,
      5,
      15,
      0,
      0,
      0,
      2,
      0,
      0,
      9,
      320,
      0,
      68,
      88
    ],
    [
      "2012/13",
      1168,
      2,
      3,
      6,
      13,
      0,
      0,
      0,
      0,
      0,
      0,
      7,
      194,
      0,
      60,
      65
    ]
  ]
}