{
  "transfersout": 0,
  "code": 2404,
  "eventtotal": 0,
  "lastseasonpoints": 0,
  "squadnumber": null,
  "transfersbalance": 0,
  "eventcost": 6,
  "indreamteam": false,
  "id": 257,
  "firstname": "Michael",
  "transfersoutevent": 0,
  "maxcost": 6,
  "eventexplain": [],
  "selected": 54045,
  "mincost": 6,
  "totalpoints": 101,
  "typename": "Midfielder",
  "teamname": "Man Utd",
  "status": "a",
  "added": "2013-07-15T13:21:15 UTC+0000",
  "form": 0,
  "currentfixture": "",
  "pointspergame": 0,
  "transfersin": 0,
  "news": "",
  "originalcost": 6,
  "eventpoints": 0,
  "fixturehistory": {
    "all": [],
    "summary": []
  },
  "nextfixture": "Swansea (A)",
  "transfersinevent": 0,
  "selectedby": "6.9",
  "teamid": 11,
  "secondname": "Carrick",
  "name": "Carrick",
  "cost": 6,
  

"seasonhistory": [
    [
      "2006/07",
      2506,
      3,
      3,
      0,
      21,
      0,
      0,
      0,
      2,
      0,
      0,
      11,
      0,
      0,
      74,
      106
    ],
    [
      "2007/08",
      2203,
      2,
      3,
      0,
      14,
      0,
      0,
      0,
      2,
      0,
      0,
      10,
      0,
      0,
      71,
      93
    ],
    [
      "2008/09",
      2041,
      4,
      8,
      0,
      16,
      0,
      0,
      0,
      3,
      0,
      0,
      21,
      0,
      0,
      69,
      125
    ],
    [
      "2009/10",
      2119,
      2,
      2,
      0,
      20,
      0,
      0,
      1,
      1,
      0,
      0,
      5,
      0,
      0,
      65,
      78
    ],
    [
      "2010/11",
      1972,
      0,
      0,
      9,
      21,
      0,
      0,
      0,
      1,
      0,
      0,
      4,
      0,
      0,
      62,
      61
    ],
    [
      "2011/12",
      2500,
      2,
      4,
      15,
      21,
      0,
      0,
      0,
      4,
      0,
      0,
      7,
      446,
      0,
      62,
      97
    ],
    [
      "2012/13",
      3044,
      1,
      4,
      11,
      40,
      0,
      0,
      0,
      3,
      0,
      0,
      7,
      559,
      0,
      59,
      101
    ]
  ]
}