{
  "transfersout": 0,
  "code": 14295,
  "eventtotal": 0,
  "lastseasonpoints": 0,
  "squadnumber": null,
  "transfersbalance": 0,
  "eventcost": 5,
  "indreamteam": false,
  "id": 258,
  "firstname": "Darren",
  "transfersoutevent": 0,
  "maxcost": 5,
  "eventexplain": [],
  "selected": 84,
  "mincost": 5,
  "totalpoints": 12,
  "typename": "Midfielder",
  "teamname": "Man Utd",
  "status": "i",
  "added": "2013-07-15T13:21:15 UTC+0000",
  "form": 0,
  "currentfixture": "",
  "pointspergame": 0,
  "transfersin": 0,
  "news": "Illness - Unknown return date",
  "originalcost": 5,
  "eventpoints": 0,
  "fixturehistory": {
    "all": [],
    "summary": []
  },
  "nextfixture": "Swansea (A)",
  "transfersinevent": 0,
  "selectedby": "0.0",
  "teamid": 11,
  "secondname": "Fletcher",
  "name": "Fletcher",
  "cost": 5,
  

"seasonhistory": [
    [
      "2006/07",
      1430,
      3,
      1,
      0,
      9,
      0,
      0,
      0,
      0,
      0,
      0,
      0,
      0,
      0,
      67,
      64
    ],
    [
      "2007/08",
      653,
      0,
      2,
      0,
      6,
      0,
      0,
      0,
      1,
      0,
      0,
      0,
      0,
      0,
      61,
      28
    ],
    [
      "2008/09",
      2052,
      3,
      0,
      0,
      10,
      0,
      0,
      0,
      4,
      0,
      0,
      3,
      0,
      0,
      51,
      83
    ],
    [
      "2009/10",
      2569,
      4,
      7,
      0,
      24,
      0,
      0,
      0,
      4,
      1,
      0,
      10,
      0,
      0,
      55,
      116
    ],
    [
      "2010/11",
      2109,
      2,
      6,
      9,
      25,
      0,
      0,
      0,
      3,
      0,
      0,
      4,
      0,
      0,
      68,
      87
    ],
    [
      "2011/12",
      645,
      1,
      1,
      3,
      9,
      0,
      0,
      0,
      1,
      0,
      0,
      0,
      117,
      0,
      74,
      25
    ],
    [
      "2012/13",
      181,
      1,
      0,
      0,
      4,
      0,
      0,
      0,
      0,
      0,
      0,
      2,
      55,
      0,
      54,
      12
    ]
  ]
}