{
  "transfersout": 0,
  "code": 43250,
  "eventtotal": 0,
  "lastseasonpoints": 0,
  "squadnumber": null,
  "transfersbalance": 0,
  "eventcost": 6,
  "indreamteam": false,
  "id": 259,
  "firstname": "Tom",
  "transfersoutevent": 0,
  "maxcost": 6,
  "eventexplain": [],
  "selected": 7623,
  "mincost": 6,
  "totalpoints": 70,
  "typename": "Midfielder",
  "teamname": "Man Utd",
  "status": "a",
  "added": "2013-07-15T13:21:15 UTC+0000",
  "form": 0,
  "currentfixture": "",
  "pointspergame": 0,
  "transfersin": 0,
  "news": "",
  "originalcost": 6,
  "eventpoints": 0,
  "fixturehistory": {
    "all": [],
    "summary": []
  },
  "nextfixture": "Swansea (A)",
  "transfersinevent": 0,
  "selectedby": "1.0",
  "teamid": 11,
  "secondname": "Cleverley",
  "name": "Cleverley",
  "cost": 6,
  

"seasonhistory": [
    [
      "2010/11",
      1637,
      4,
      2,
      2,
      26,
      0,
      0,
      0,
      1,
      0,
      0,
      4,
      0,
      0,
      42,
      72
    ],
    [
      "2011/12",
      451,
      0,
      1,
      1,
      4,
      0,
      0,
      0,
      0,
      0,
      0,
      0,
      73,
      0,
      50,
      17
    ],
    [
      "2012/13",
      1445,
      2,
      3,
      9,
      14,
      0,
      0,
      0,
      1,
      0,
      0,
      4,
      255,
      0,
      56,
      70
    ]
  ]
}