{
  "transfersout": 0,
  "code": 41705,
  "eventtotal": 0,
  "lastseasonpoints": 0,
  "squadnumber": null,
  "transfersbalance": 0,
  "eventcost": 5,
  "indreamteam": false,
  "id": 26,
  "firstname": "Bradley",
  "transfersoutevent": 0,
  "maxcost": 5,
  "eventexplain": [],
  "selected": 31721,
  "mincost": 5,
  "totalpoints": 106,
  "typename": "Goalkeeper",
  "teamname": "Aston Villa",
  "status": "a",
  "added": "2013-07-15T13:21:12 UTC+0000",
  "form": 0,
  "currentfixture": "",
  "pointspergame": 0,
  "transfersin": 0,
  "news": "",
  "originalcost": 5,
  "eventpoints": 0,
  "fixturehistory": {
    "all": [],
    "summary": []
  },
  "nextfixture": "Arsenal (A), Chelsea (A)",
  "transfersinevent": 0,
  "selectedby": "4.1",
  "teamid": 2,
  "secondname": "Guzan",
  "name": "Guzan",
  "cost": 5,
  

"seasonhistory": [
    [
      "2008/09",
      27,
      0,
      0,
      0,
      1,
      0,
      0,
      0,
      0,
      0,
      0,
      0,
      0,
      0,
      45,
      1
    ],
    [
      "2009/10",
      0,
      0,
      0,
      0,
      0,
      0,
      0,
      0,
      0,
      0,
      0,
      0,
      0,
      0,
      42,
      0
    ],
    [
      "2010/11",
      0,
      0,
      0,
      0,
      0,
      0,
      0,
      0,
      0,
      0,
      0,
      0,
      0,
      0,
      43,
      0
    ],
    [
      "2011/12",
      593,
      0,
      0,
      1,
      8,
      0,
      0,
      0,
      0,
      0,
      21,
      0,
      59,
      0,
      44,
      19
    ],
    [
      "2012/13",
      3240,
      0,
      0,
      5,
      65,
      0,
      1,
      0,
      2,
      0,
      131,
      3,
      360,
      0,
      48,
      106
    ]
  ]
}