{
  "transfersout": 0,
  "code": 18892,
  "eventtotal": 0,
  "lastseasonpoints": 0,
  "squadnumber": null,
  "transfersbalance": 0,
  "eventcost": 7.5,
  "indreamteam": false,
  "id": 260,
  "firstname": "Ashley",
  "transfersoutevent": 0,
  "maxcost": 7.5,
  "eventexplain": [],
  "selected": 2282,
  "mincost": 7.5,
  "totalpoints": 58,
  "typename": "Midfielder",
  "teamname": "Man Utd",
  "status": "a",
  "added": "2013-07-15T13:21:15 UTC+0000",
  "form": 0,
  "currentfixture": "",
  "pointspergame": 0,
  "transfersin": 0,
  "news": "",
  "originalcost": 7.5,
  "eventpoints": 0,
  "fixturehistory": {
    "all": [],
    "summary": []
  },
  "nextfixture": "Swansea (A)",
  "transfersinevent": 0,
  "selectedby": "0.3",
  "teamid": 11,
  "secondname": "Young",
  "name": "Young",
  "cost": 7.5,
  

"seasonhistory": [
    [
      "2006/07",
      2780,
      5,
      6,
      0,
      38,
      0,
      0,
      0,
      3,
      0,
      0,
      20,
      0,
      0,
      62,
      134
    ],
    [
      "2007/08",
      3288,
      8,
      17,
      0,
      48,
      0,
      0,
      0,
      6,
      0,
      0,
      26,
      0,
      0,
      75,
      177
    ],
    [
      "2008/09",
      3190,
      7,
      9,
      0,
      47,
      0,
      0,
      1,
      7,
      1,
      0,
      20,
      0,
      0,
      86,
      153
    ],
    [
      "2009/10",
      3300,
      5,
      11,
      0,
      37,
      0,
      0,
      1,
      6,
      0,
      0,
      13,
      0,
      0,
      84,
      152
    ],
    [
      "2010/11",
      3050,
      7,
      11,
      7,
      49,
      0,
      0,
      1,
      8,
      0,
      0,
      27,
      0,
      0,
      84,
      160
    ],
    [
      "2011/12",
      1565,
      6,
      11,
      9,
      18,
      0,
      0,
      0,
      3,
      0,
      0,
      12,
      405,
      0,
      96,
      123
    ],
    [
      "2012/13",
      1369,
      0,
      5,
      5,
      17,
      0,
      0,
      0,
      1,
      0,
      0,
      6,
      232,
      0,
      82,
      58
    ]
  ]
}