{
  "transfersout": 0,
  "code": 82205,
  "eventtotal": 0,
  "lastseasonpoints": 0,
  "squadnumber": null,
  "transfersbalance": 0,
  "eventcost": 5,
  "indreamteam": false,
  "id": 261,
  "firstname": "Nick",
  "transfersoutevent": 0,
  "maxcost": 5,
  "eventexplain": [],
  "selected": 85,
  "mincost": 5,
  "totalpoints": 7,
  "typename": "Midfielder",
  "teamname": "Man Utd",
  "status": "d",
  "added": "2013-07-15T13:21:15 UTC+0000",
  "form": 0,
  "currentfixture": "",
  "pointspergame": 0,
  "transfersin": 0,
  "news": "Unknown - 50% chance of playing",
  "originalcost": 5,
  "eventpoints": 0,
  "fixturehistory": {
    "all": [],
    "summary": []
  },
  "nextfixture": "Swansea (A)",
  "transfersinevent": 0,
  "selectedby": "0.0",
  "teamid": 11,
  "secondname": "Powell",
  "name": "Powell",
  "cost": 5,
  

"seasonhistory": [
    [
      "2012/13",
      32,
      1,
      0,
      0,
      0,
      0,
      0,
      0,
      0,
      0,
      0,
      0,
      24,
      0,
      45,
      7
    ]
  ]
}