{
  "transfersout": 0,
  "code": 83090,
  "eventtotal": 0,
  "lastseasonpoints": 0,
  "squadnumber": null,
  "transfersbalance": 0,
  "eventcost": 8,
  "indreamteam": false,
  "id": 262,
  "firstname": "Shinji",
  "transfersoutevent": 0,
  "maxcost": 8,
  "eventexplain": [],
  "selected": 36770,
  "mincost": 8,
  "totalpoints": 87,
  "typename": "Midfielder",
  "teamname": "Man Utd",
  "status": "a",
  "added": "2013-07-15T13:21:15 UTC+0000",
  "form": 0,
  "currentfixture": "",
  "pointspergame": 0,
  "transfersin": 0,
  "news": "",
  "originalcost": 8,
  "eventpoints": 0,
  "fixturehistory": {
    "all": [],
    "summary": []
  },
  "nextfixture": "Swansea (A)",
  "transfersinevent": 0,
  "selectedby": "4.7",
  "teamid": 11,
  "secondname": "Kagawa",
  "name": "Kagawa",
  "cost": 8,
  

"seasonhistory": [
    [
      "2012/13",
      1314,
      6,
      4,
      6,
      16,
      0,
      0,
      0,
      1,
      0,
      0,
      4,
      296,
      0,
      79,
      87
    ]
  ]
}