{
  "transfersout": 0,
  "code": 82403,
  "eventtotal": 0,
  "lastseasonpoints": 0,
  "squadnumber": null,
  "transfersbalance": 0,
  "eventcost": 6.5,
  "indreamteam": false,
  "id": 263,
  "firstname": "Wilfried",
  "transfersoutevent": 0,
  "maxcost": 6.5,
  "eventexplain": [],
  "selected": 48490,
  "mincost": 6.5,
  "totalpoints": 0,
  "typename": "Midfielder",
  "teamname": "Man Utd",
  "status": "a",
  "added": "2013-07-15T13:21:15 UTC+0000",
  "form": 0,
  "currentfixture": "",
  "pointspergame": 0,
  "transfersin": 0,
  "news": "",
  "originalcost": 6.5,
  "eventpoints": 0,
  "fixturehistory": {
    "all": [],
    "summary": []
  },
  "nextfixture": "Swansea (A)",
  "transfersinevent": 0,
  "selectedby": "6.2",
  "teamid": 11,
  "secondname": "Zaha",
  "name": "Zaha",
  "cost": 6.5,
  

"seasonhistory": []
}