{
  "transfersout": 0,
  "code": 12297,
  "eventtotal": 0,
  "lastseasonpoints": 0,
  "squadnumber": null,
  "transfersbalance": 0,
  "eventcost": 14,
  "indreamteam": false,
  "id": 264,
  "firstname": "Robin",
  "transfersoutevent": 0,
  "maxcost": 14,
  "eventexplain": [],
  "selected": 281351,
  "mincost": 14,
  "totalpoints": 262,
  "typename": "Forward",
  "teamname": "Man Utd",
  "status": "a",
  "added": "2013-07-15T13:21:15 UTC+0000",
  "form": 0,
  "currentfixture": "",
  "pointspergame": 0,
  "transfersin": 0,
  "news": "",
  "originalcost": 14,
  "eventpoints": 0,
  "fixturehistory": {
    "all": [],
    "summary": []
  },
  "nextfixture": "Swansea (A)",
  "transfersinevent": 0,
  "selectedby": "36.1",
  "teamid": 11,
  "secondname": "van Persie",
  "name": "Van Persie",
  "cost": 14,
  

"seasonhistory": [
    [
      "2006/07",
      1456,
      11,
      7,
      0,
      13,
      0,
      0,
      0,
      8,
      0,
      0,
      13,
      0,
      0,
      87,
      108
    ],
    [
      "2007/08",
      1073,
      7,
      3,
      0,
      13,
      0,
      0,
      1,
      2,
      0,
      0,
      8,
      0,
      0,
      88,
      68
    ],
    [
      "2008/09",
      2199,
      11,
      10,
      0,
      24,
      0,
      0,
      0,
      5,
      1,
      0,
      27,
      0,
      0,
      97,
      145
    ],
    [
      "2009/10",
      1252,
      9,
      7,
      0,
      16,
      0,
      0,
      0,
      3,
      0,
      0,
      21,
      0,
      0,
      102,
      105
    ],
    [
      "2010/11",
      1770,
      18,
      7,
      7,
      24,
      0,
      0,
      1,
      4,
      0,
      0,
      27,
      0,
      0,
      110,
      157
    ],
    [
      "2011/12",
      3331,
      30,
      13,
      13,
      47,
      0,
      0,
      1,
      8,
      0,
      0,
      45,
      862,
      0,
      132,
      269
    ],
    [
      "2012/13",
      3123,
      26,
      15,
      10,
      42,
      0,
      0,
      1,
      6,
      0,
      0,
      49,
      827,
      0,
      137,
      262
    ]
  ]
}