{
  "transfersout": 0,
  "code": 43020,
  "eventtotal": 0,
  "lastseasonpoints": 0,
  "squadnumber": null,
  "transfersbalance": 0,
  "eventcost": 7.5,
  "indreamteam": false,
  "id": 265,
  "firstname": "Javier",
  "transfersoutevent": 0,
  "maxcost": 7.5,
  "eventexplain": [],
  "selected": 23329,
  "mincost": 7.5,
  "totalpoints": 92,
  "typename": "Forward",
  "teamname": "Man Utd",
  "status": "a",
  "added": "2013-07-15T13:21:15 UTC+0000",
  "form": 0,
  "currentfixture": "",
  "pointspergame": 0,
  "transfersin": 0,
  "news": "",
  "originalcost": 7.5,
  "eventpoints": 0,
  "fixturehistory": {
    "all": [],
    "summary": []
  },
  "nextfixture": "Swansea (A)",
  "transfersinevent": 0,
  "selectedby": "3.0",
  "teamid": 11,
  "secondname": "Hernandez",
  "name": "Hernandez",
  "cost": 7.5,
  

"seasonhistory": [
    [
      "2010/11",
      1491,
      13,
      2,
      4,
      12,
      0,
      0,
      0,
      5,
      0,
      0,
      16,
      0,
      0,
      71,
      110
    ],
    [
      "2011/12",
      1477,
      10,
      2,
      12,
      11,
      0,
      0,
      0,
      0,
      0,
      0,
      18,
      344,
      0,
      99,
      106
    ],
    [
      "2012/13",
      953,
      10,
      5,
      5,
      11,
      0,
      0,
      1,
      1,
      0,
      0,
      9,
      302,
      0,
      65,
      92
    ]
  ]
}