{
  "transfersout": 0,
  "code": 13017,
  "eventtotal": 0,
  "lastseasonpoints": 0,
  "squadnumber": null,
  "transfersbalance": 0,
  "eventcost": 10.5,
  "indreamteam": false,
  "id": 266,
  "firstname": "Wayne",
  "transfersoutevent": 0,
  "maxcost": 10.5,
  "eventexplain": [],
  "selected": 15908,
  "mincost": 10.5,
  "totalpoints": 143,
  "typename": "Forward",
  "teamname": "Man Utd",
  "status": "d",
  "added": "2013-07-15T13:21:15 UTC+0000",
  "form": 0,
  "currentfixture": "",
  "pointspergame": 0,
  "transfersin": 0,
  "news": "Hamstring injury - 50% chance of playing",
  "originalcost": 10.5,
  "eventpoints": 0,
  "fixturehistory": {
    "all": [],
    "summary": []
  },
  "nextfixture": "Swansea (A)",
  "transfersinevent": 0,
  "selectedby": "2.0",
  "teamid": 11,
  "secondname": "Rooney",
  "name": "Rooney",
  "cost": 10.5,
  

"seasonhistory": [
    [
      "2006/07",
      2923,
      14,
      12,
      0,
      24,
      0,
      0,
      0,
      5,
      0,
      0,
      29,
      0,
      0,
      122,
      184
    ],
    [
      "2007/08",
      2181,
      12,
      13,
      0,
      13,
      0,
      0,
      1,
      8,
      0,
      0,
      20,
      0,
      0,
      117,
      148
    ],
    [
      "2008/09",
      2266,
      12,
      7,
      0,
      21,
      0,
      0,
      0,
      7,
      1,
      0,
      22,
      0,
      0,
      107,
      135
    ],
    [
      "2009/10",
      2711,
      26,
      6,
      0,
      24,
      0,
      0,
      1,
      6,
      0,
      0,
      46,
      0,
      0,
      120,
      224
    ],
    [
      "2010/11",
      2225,
      11,
      11,
      10,
      22,
      0,
      0,
      1,
      5,
      0,
      0,
      19,
      0,
      0,
      118,
      142
    ],
    [
      "2011/12",
      2830,
      27,
      8,
      18,
      26,
      0,
      0,
      2,
      1,
      0,
      0,
      37,
      847,
      0,
      129,
      230
    ],
    [
      "2012/13",
      2014,
      12,
      10,
      8,
      25,
      1,
      0,
      1,
      7,
      0,
      0,
      27,
      531,
      0,
      116,
      143
    ]
  ]
}