{
  "transfersout": 0,
  "code": 50175,
  "eventtotal": 0,
  "lastseasonpoints": 0,
  "squadnumber": null,
  "transfersbalance": 0,
  "eventcost": 7.5,
  "indreamteam": false,
  "id": 267,
  "firstname": "Danny",
  "transfersoutevent": 0,
  "maxcost": 7.5,
  "eventexplain": [],
  "selected": 15390,
  "mincost": 7.5,
  "totalpoints": 57,
  "typename": "Forward",
  "teamname": "Man Utd",
  "status": "a",
  "added": "2013-07-15T13:21:15 UTC+0000",
  "form": 0,
  "currentfixture": "",
  "pointspergame": 0,
  "transfersin": 0,
  "news": "",
  "originalcost": 7.5,
  "eventpoints": 0,
  "fixturehistory": {
    "all": [],
    "summary": []
  },
  "nextfixture": "Swansea (A)",
  "transfersinevent": 0,
  "selectedby": "2.0",
  "teamid": 11,
  "secondname": "Welbeck",
  "name": "Welbeck",
  "cost": 7.5,
  

"seasonhistory": [
    [
      "2008/09",
      118,
      1,
      0,
      0,
      0,
      0,
      0,
      0,
      0,
      0,
      0,
      1,
      0,
      0,
      60,
      9
    ],
    [
      "2009/10",
      141,
      0,
      0,
      0,
      3,
      0,
      0,
      0,
      0,
      0,
      0,
      0,
      0,
      0,
      59,
      6
    ],
    [
      "2010/11",
      1756,
      6,
      1,
      9,
      27,
      0,
      0,
      0,
      2,
      0,
      0,
      11,
      0,
      0,
      44,
      79
    ],
    [
      "2011/12",
      2012,
      9,
      5,
      11,
      24,
      0,
      0,
      0,
      3,
      0,
      0,
      12,
      447,
      0,
      63,
      112
    ],
    [
      "2012/13",
      1301,
      1,
      4,
      4,
      12,
      0,
      0,
      0,
      1,
      0,
      0,
      2,
      182,
      0,
      78,
      57
    ]
  ]
}