{
  "transfersout": 0,
  "code": 20480,
  "eventtotal": 0,
  "lastseasonpoints": 0,
  "squadnumber": null,
  "transfersbalance": 0,
  "eventcost": 5,
  "indreamteam": false,
  "id": 268,
  "firstname": "Tim",
  "transfersoutevent": 0,
  "maxcost": 5,
  "eventexplain": [],
  "selected": 6067,
  "mincost": 5,
  "totalpoints": 75,
  "typename": "Goalkeeper",
  "teamname": "Newcastle",
  "status": "d",
  "added": "2013-07-15T13:21:15 UTC+0000",
  "form": 0,
  "currentfixture": "",
  "pointspergame": 0,
  "transfersin": 0,
  "news": "Shoulder Dislocation - 75% chance of playing",
  "originalcost": 5,
  "eventpoints": 0,
  "fixturehistory": {
    "all": [],
    "summary": []
  },
  "nextfixture": "Man City (A)",
  "transfersinevent": 0,
  "selectedby": "0.8",
  "teamid": 12,
  "secondname": "Krul",
  "name": "Krul",
  "cost": 5,
  

"seasonhistory": [
    [
      "2006/07",
      0,
      0,
      0,
      0,
      0,
      0,
      0,
      0,
      0,
      0,
      0,
      0,
      0,
      0,
      44,
      0
    ],
    [
      "2008/09",
      0,
      0,
      0,
      0,
      0,
      0,
      0,
      0,
      0,
      0,
      0,
      0,
      0,
      0,
      40,
      0
    ],
    [
      "2010/11",
      1856,
      0,
      0,
      3,
      35,
      0,
      0,
      0,
      0,
      0,
      48,
      0,
      0,
      0,
      39,
      51
    ],
    [
      "2011/12",
      3420,
      0,
      1,
      15,
      51,
      0,
      2,
      0,
      4,
      0,
      114,
      4,
      470,
      0,
      50,
      156
    ],
    [
      "2012/13",
      2126,
      0,
      1,
      4,
      40,
      0,
      0,
      0,
      0,
      0,
      76,
      5,
      241,
      0,
      51,
      75
    ]
  ]
}