{
  "transfersout": 0,
  "code": 19838,
  "eventtotal": 0,
  "lastseasonpoints": 0,
  "squadnumber": null,
  "transfersbalance": 0,
  "eventcost": 4.5,
  "indreamteam": false,
  "id": 269,
  "firstname": "Rob",
  "transfersoutevent": 0,
  "maxcost": 4.5,
  "eventexplain": [],
  "selected": 1742,
  "mincost": 4.5,
  "totalpoints": 20,
  "typename": "Goalkeeper",
  "teamname": "Newcastle",
  "status": "a",
  "added": "2013-07-15T13:21:15 UTC+0000",
  "form": 0,
  "currentfixture": "",
  "pointspergame": 0,
  "transfersin": 0,
  "news": "",
  "originalcost": 4.5,
  "eventpoints": 0,
  "fixturehistory": {
    "all": [],
    "summary": []
  },
  "nextfixture": "Man City (A)",
  "transfersinevent": 0,
  "selectedby": "0.2",
  "teamid": 12,
  "secondname": "Elliot",
  "name": "Elliot",
  "cost": 4.5,
  

"seasonhistory": [
    [
      "2006/07",
      0,
      0,
      0,
      0,
      0,
      0,
      0,
      0,
      0,
      0,
      0,
      0,
      0,
      0,
      35,
      0
    ],
    [
      "2011/12",
      0,
      0,
      0,
      0,
      0,
      0,
      0,
      0,
      0,
      0,
      0,
      0,
      2,
      0,
      45,
      0
    ],
    [
      "2012/13",
      834,
      0,
      1,
      1,
      20,
      0,
      0,
      0,
      0,
      1,
      26,
      0,
      91,
      0,
      40,
      20
    ]
  ]
}