{
  "transfersout": 0,
  "code": 52477,
  "eventtotal": 0,
  "lastseasonpoints": 0,
  "squadnumber": null,
  "transfersbalance": 0,
  "eventcost": 4,
  "indreamteam": false,
  "id": 27,
  "firstname": "Nathan",
  "transfersoutevent": 0,
  "maxcost": 4,
  "eventexplain": [],
  "selected": 156634,
  "mincost": 4,
  "totalpoints": 42,
  "typename": "Defender",
  "teamname": "Aston Villa",
  "status": "a",
  "added": "2013-07-15T13:21:12 UTC+0000",
  "form": 0,
  "currentfixture": "",
  "pointspergame": 0,
  "transfersin": 0,
  "news": "",
  "originalcost": 4,
  "eventpoints": 0,
  "fixturehistory": {
    "all": [],
    "summary": []
  },
  "nextfixture": "Arsenal (A), Chelsea (A)",
  "transfersinevent": 0,
  "selectedby": "20.2",
  "teamid": 2,
  "secondname": "Baker",
  "name": "Baker",
  "cost": 4,
  

"seasonhistory": [
    [
      "2010/11",
      247,
      0,
      0,
      0,
      4,
      0,
      0,
      0,
      0,
      0,
      0,
      0,
      0,
      0,
      40,
      5
    ],
    [
      "2011/12",
      551,
      0,
      0,
      1,
      12,
      0,
      0,
      0,
      0,
      0,
      0,
      0,
      23,
      0,
      39,
      13
    ],
    [
      "2012/13",
      2007,
      0,
      0,
      3,
      36,
      2,
      0,
      0,
      4,
      0,
      0,
      1,
      233,
      0,
      39,
      42
    ]
  ]
}