{
  "transfersout": 0,
  "code": 11378,
  "eventtotal": 0,
  "lastseasonpoints": 0,
  "squadnumber": null,
  "transfersbalance": 0,
  "eventcost": 4.5,
  "indreamteam": false,
  "id": 271,
  "firstname": "Mike",
  "transfersoutevent": 0,
  "maxcost": 4.5,
  "eventexplain": [],
  "selected": 2088,
  "mincost": 4.5,
  "totalpoints": 35,
  "typename": "Defender",
  "teamname": "Newcastle",
  "status": "a",
  "added": "2013-07-15T13:21:15 UTC+0000",
  "form": 0,
  "currentfixture": "",
  "pointspergame": 0,
  "transfersin": 0,
  "news": "",
  "originalcost": 4.5,
  "eventpoints": 0,
  "fixturehistory": {
    "all": [],
    "summary": []
  },
  "nextfixture": "Man City (A)",
  "transfersinevent": 0,
  "selectedby": "0.3",
  "teamid": 12,
  "secondname": "Williamson",
  "name": "Williamson",
  "cost": 4.5,
  

"seasonhistory": [
    [
      "2009/10",
      0,
      0,
      0,
      0,
      0,
      0,
      0,
      0,
      0,
      0,
      0,
      0,
      0,
      0,
      45,
      0
    ],
    [
      "2010/11",
      2565,
      0,
      2,
      7,
      41,
      0,
      0,
      0,
      5,
      0,
      0,
      3,
      0,
      0,
      41,
      75
    ],
    [
      "2011/12",
      1896,
      0,
      1,
      10,
      29,
      0,
      0,
      0,
      4,
      0,
      0,
      0,
      244,
      0,
      42,
      71
    ],
    [
      "2012/13",
      1710,
      0,
      0,
      4,
      30,
      0,
      0,
      0,
      8,
      0,
      0,
      1,
      185,
      0,
      40,
      35
    ]
  ]
}