{
  "transfersout": 0,
  "code": 17974,
  "eventtotal": 0,
  "lastseasonpoints": 0,
  "squadnumber": null,
  "transfersbalance": 0,
  "eventcost": 4.5,
  "indreamteam": false,
  "id": 272,
  "firstname": "Steven",
  "transfersoutevent": 0,
  "maxcost": 4.5,
  "eventexplain": [],
  "selected": 12180,
  "mincost": 4.5,
  "totalpoints": 44,
  "typename": "Defender",
  "teamname": "Newcastle",
  "status": "a",
  "added": "2013-07-15T13:21:15 UTC+0000",
  "form": 0,
  "currentfixture": "",
  "pointspergame": 0,
  "transfersin": 0,
  "news": "",
  "originalcost": 4.5,
  "eventpoints": 0,
  "fixturehistory": {
    "all": [],
    "summary": []
  },
  "nextfixture": "Man City (A)",
  "transfersinevent": 0,
  "selectedby": "1.6",
  "teamid": 12,
  "secondname": "Taylor",
  "name": "Taylor S",
  "cost": 4.5,
  

"seasonhistory": [
    [
      "2006/07",
      2385,
      2,
      1,
      0,
      31,
      0,
      0,
      0,
      4,
      0,
      0,
      17,
      0,
      0,
      43,
      93
    ],
    [
      "2007/08",
      2633,
      1,
      1,
      0,
      50,
      0,
      0,
      0,
      3,
      0,
      0,
      3,
      0,
      0,
      44,
      75
    ],
    [
      "2008/09",
      2277,
      4,
      2,
      0,
      43,
      0,
      0,
      0,
      6,
      0,
      0,
      4,
      0,
      0,
      47,
      76
    ],
    [
      "2010/11",
      1008,
      3,
      1,
      1,
      19,
      0,
      0,
      0,
      2,
      0,
      0,
      3,
      0,
      0,
      39,
      45
    ],
    [
      "2011/12",
      1260,
      0,
      1,
      4,
      15,
      0,
      0,
      0,
      1,
      0,
      0,
      9,
      220,
      0,
      46,
      52
    ],
    [
      "2012/13",
      2137,
      0,
      0,
      3,
      39,
      0,
      0,
      0,
      2,
      0,
      0,
      0,
      209,
      0,
      46,
      44
    ]
  ]
}