{
  "transfersout": 0,
  "code": 7933,
  "eventtotal": 0,
  "lastseasonpoints": 0,
  "squadnumber": null,
  "transfersbalance": 0,
  "eventcost": 5,
  "indreamteam": false,
  "id": 273,
  "firstname": "Fabricio",
  "transfersoutevent": 0,
  "maxcost": 5,
  "eventexplain": [],
  "selected": 13583,
  "mincost": 5,
  "totalpoints": 51,
  "typename": "Defender",
  "teamname": "Newcastle",
  "status": "a",
  "added": "2013-07-15T13:21:15 UTC+0000",
  "form": 0,
  "currentfixture": "",
  "pointspergame": 0,
  "transfersin": 0,
  "news": "",
  "originalcost": 5,
  "eventpoints": 0,
  "fixturehistory": {
    "all": [],
    "summary": []
  },
  "nextfixture": "Man City (A)",
  "transfersinevent": 0,
  "selectedby": "1.7",
  "teamid": 12,
  "secondname": "Coloccini",
  "name": "Coloccini",
  "cost": 5,
  

"seasonhistory": [
    [
      "2008/09",
      3060,
      0,
      0,
      0,
      55,
      0,
      0,
      0,
      4,
      0,
      0,
      3,
      0,
      0,
      50,
      74
    ],
    [
      "2010/11",
      3080,
      2,
      0,
      9,
      51,
      0,
      0,
      0,
      3,
      1,
      0,
      3,
      0,
      0,
      46,
      97
    ],
    [
      "2011/12",
      3041,
      0,
      0,
      13,
      43,
      0,
      0,
      0,
      2,
      0,
      0,
      8,
      420,
      0,
      50,
      112
    ],
    [
      "2012/13",
      1916,
      0,
      1,
      5,
      35,
      0,
      0,
      0,
      1,
      1,
      0,
      2,
      183,
      0,
      49,
      51
    ]
  ]
}