{
  "transfersout": 0,
  "code": 14775,
  "eventtotal": 0,
  "lastseasonpoints": 0,
  "squadnumber": null,
  "transfersbalance": 0,
  "eventcost": 5,
  "indreamteam": false,
  "id": 274,
  "firstname": "Ryan",
  "transfersoutevent": 0,
  "maxcost": 5,
  "eventexplain": [],
  "selected": 86,
  "mincost": 5,
  "totalpoints": 1,
  "typename": "Defender",
  "teamname": "Newcastle",
  "status": "i",
  "added": "2013-07-15T13:21:15 UTC+0000",
  "form": 0,
  "currentfixture": "",
  "pointspergame": 0,
  "transfersin": 0,
  "news": "Knee injury - Unknown return date",
  "originalcost": 5,
  "eventpoints": 0,
  "fixturehistory": {
    "all": [],
    "summary": []
  },
  "nextfixture": "Man City (A)",
  "transfersinevent": 0,
  "selectedby": "0.0",
  "teamid": 12,
  "secondname": "Taylor",
  "name": "Taylor R",
  "cost": 5,
  

"seasonhistory": [
    [
      "2006/07",
      1110,
      1,
      1,
      0,
      17,
      0,
      0,
      0,
      5,
      0,
      0,
      3,
      0,
      0,
      39,
      49
    ],
    [
      "2007/08",
      1113,
      3,
      3,
      0,
      17,
      0,
      0,
      1,
      4,
      0,
      0,
      4,
      0,
      0,
      39,
      65
    ],
    [
      "2008/09",
      1641,
      2,
      2,
      0,
      19,
      0,
      0,
      0,
      5,
      0,
      0,
      0,
      0,
      0,
      40,
      73
    ],
    [
      "2010/11",
      276,
      0,
      1,
      0,
      6,
      0,
      0,
      0,
      0,
      1,
      0,
      0,
      0,
      0,
      39,
      5
    ],
    [
      "2011/12",
      2127,
      2,
      6,
      8,
      26,
      0,
      0,
      0,
      5,
      0,
      0,
      13,
      308,
      0,
      47,
      117
    ],
    [
      "2012/13",
      27,
      0,
      0,
      0,
      0,
      0,
      0,
      0,
      0,
      0,
      0,
      0,
      5,
      0,
      48,
      1
    ]
  ]
}