{
  "transfersout": 0,
  "code": 55604,
  "eventtotal": 0,
  "lastseasonpoints": 0,
  "squadnumber": null,
  "transfersbalance": 0,
  "eventcost": 5,
  "indreamteam": false,
  "id": 275,
  "firstname": "Davide",
  "transfersoutevent": 0,
  "maxcost": 5,
  "eventexplain": [],
  "selected": 9204,
  "mincost": 5,
  "totalpoints": 71,
  "typename": "Defender",
  "teamname": "Newcastle",
  "status": "a",
  "added": "2013-07-15T13:21:15 UTC+0000",
  "form": 0,
  "currentfixture": "",
  "pointspergame": 0,
  "transfersin": 0,
  "news": "",
  "originalcost": 5,
  "eventpoints": 0,
  "fixturehistory": {
    "all": [],
    "summary": []
  },
  "nextfixture": "Man City (A)",
  "transfersinevent": 0,
  "selectedby": "1.2",
  "teamid": 12,
  "secondname": "Santon",
  "name": "Santon",
  "cost": 5,
  

"seasonhistory": [
    [
      "2011/12",
      1663,
      0,
      1,
      8,
      32,
      0,
      0,
      0,
      1,
      0,
      0,
      6,
      229,
      0,
      42,
      66
    ],
    [
      "2012/13",
      2639,
      1,
      4,
      3,
      52,
      0,
      0,
      0,
      4,
      0,
      0,
      5,
      336,
      0,
      47,
      71
    ]
  ]
}