{
  "transfersout": 0,
  "code": 27334,
  "eventtotal": 0,
  "lastseasonpoints": 0,
  "squadnumber": null,
  "transfersbalance": 0,
  "eventcost": 5,
  "indreamteam": false,
  "id": 277,
  "firstname": "Mathieu",
  "transfersoutevent": 0,
  "maxcost": 5,
  "eventexplain": [],
  "selected": 7055,
  "mincost": 5,
  "totalpoints": 24,
  "typename": "Defender",
  "teamname": "Newcastle",
  "status": "a",
  "added": "2013-07-15T13:21:15 UTC+0000",
  "form": 0,
  "currentfixture": "",
  "pointspergame": 0,
  "transfersin": 0,
  "news": "",
  "originalcost": 5,
  "eventpoints": 0,
  "fixturehistory": {
    "all": [],
    "summary": []
  },
  "nextfixture": "Man City (A)",
  "transfersinevent": 0,
  "selectedby": "0.9",
  "teamid": 12,
  "secondname": "Debuchy",
  "name": "Debuchy",
  "cost": 5,
  

"seasonhistory": [
    [
      "2012/13",
      1166,
      0,
      1,
      1,
      23,
      0,
      0,
      0,
      2,
      1,
      0,
      3,
      113,
      0,
      47,
      24
    ]
  ]
}