{
  "transfersout": 0,
  "code": 44488,
  "eventtotal": 0,
  "lastseasonpoints": 0,
  "squadnumber": null,
  "transfersbalance": 0,
  "eventcost": 4.5,
  "indreamteam": false,
  "id": 278,
  "firstname": "Mapou",
  "transfersoutevent": 0,
  "maxcost": 4.5,
  "eventexplain": [],
  "selected": 11647,
  "mincost": 4.5,
  "totalpoints": 29,
  "typename": "Defender",
  "teamname": "Newcastle",
  "status": "a",
  "added": "2013-07-15T13:21:15 UTC+0000",
  "form": 0,
  "currentfixture": "",
  "pointspergame": 0,
  "transfersin": 0,
  "news": "",
  "originalcost": 4.5,
  "eventpoints": 0,
  "fixturehistory": {
    "all": [],
    "summary": []
  },
  "nextfixture": "Man City (A)",
  "transfersinevent": 0,
  "selectedby": "1.5",
  "teamid": 12,
  "secondname": "Yanga-Mbiwa",
  "name": "Yanga-Mbiwa",
  "cost": 4.5,
  

"seasonhistory": [
    [
      "2012/13",
      1037,
      0,
      0,
      2,
      21,
      0,
      0,
      0,
      0,
      0,
      0,
      3,
      93,
      0,
      49,
      29
    ]
  ]
}