{
  "transfersout": 0,
  "code": 92170,
  "eventtotal": 0,
  "lastseasonpoints": 0,
  "squadnumber": null,
  "transfersbalance": 0,
  "eventcost": 4.5,
  "indreamteam": false,
  "id": 279,
  "firstname": "Massadio",
  "transfersoutevent": 0,
  "maxcost": 4.5,
  "eventexplain": [],
  "selected": 598,
  "mincost": 4.5,
  "totalpoints": 3,
  "typename": "Defender",
  "teamname": "Newcastle",
  "status": "a",
  "added": "2013-07-15T13:21:15 UTC+0000",
  "form": 0,
  "currentfixture": "",
  "pointspergame": 0,
  "transfersin": 0,
  "news": "",
  "originalcost": 4.5,
  "eventpoints": 0,
  "fixturehistory": {
    "all": [],
    "summary": []
  },
  "nextfixture": "Man City (A)",
  "transfersinevent": 0,
  "selectedby": "0.1",
  "teamid": 12,
  "secondname": "Haidara",
  "name": "Haidara",
  "cost": 4.5,
  

"seasonhistory": [
    [
      "2012/13",
      198,
      0,
      0,
      0,
      8,
      0,
      0,
      0,
      0,
      0,
      0,
      0,
      14,
      0,
      41,
      3
    ]
  ]
}