{
  "transfersout": 0,
  "code": 58845,
  "eventtotal": 0,
  "lastseasonpoints": 0,
  "squadnumber": null,
  "transfersbalance": 0,
  "eventcost": 4.5,
  "indreamteam": false,
  "id": 28,
  "firstname": "Ciaran",
  "transfersoutevent": 0,
  "maxcost": 4.5,
  "eventexplain": [],
  "selected": 9199,
  "mincost": 4.5,
  "totalpoints": 63,
  "typename": "Defender",
  "teamname": "Aston Villa",
  "status": "a",
  "added": "2013-07-15T13:21:12 UTC+0000",
  "form": 0,
  "currentfixture": "",
  "pointspergame": 0,
  "transfersin": 0,
  "news": "",
  "originalcost": 4.5,
  "eventpoints": 0,
  "fixturehistory": {
    "all": [],
    "summary": []
  },
  "nextfixture": "Arsenal (A), Chelsea (A)",
  "transfersinevent": 0,
  "selectedby": "1.2",
  "teamid": 2,
  "secondname": "Clark",
  "name": "Clark",
  "cost": 4.5,
  

"seasonhistory": [
    [
      "2008/09",
      0,
      0,
      0,
      0,
      0,
      0,
      0,
      0,
      0,
      0,
      0,
      0,
      0,
      0,
      44,
      0
    ],
    [
      "2009/10",
      90,
      0,
      0,
      0,
      0,
      0,
      0,
      0,
      0,
      0,
      0,
      0,
      0,
      0,
      45,
      6
    ],
    [
      "2010/11",
      1569,
      3,
      0,
      4,
      33,
      0,
      0,
      0,
      9,
      0,
      0,
      3,
      0,
      0,
      41,
      51
    ],
    [
      "2011/12",
      1145,
      1,
      2,
      2,
      21,
      0,
      0,
      0,
      3,
      0,
      0,
      5,
      152,
      0,
      45,
      41
    ],
    [
      "2012/13",
      2498,
      1,
      1,
      5,
      54,
      1,
      0,
      0,
      6,
      1,
      0,
      9,
      304,
      0,
      44,
      63
    ]
  ]
}