{
  "transfersout": 0,
  "code": 38429,
  "eventtotal": 0,
  "lastseasonpoints": 0,
  "squadnumber": null,
  "transfersbalance": 0,
  "eventcost": 4.5,
  "indreamteam": false,
  "id": 280,
  "firstname": "Gabriel",
  "transfersoutevent": 0,
  "maxcost": 4.5,
  "eventexplain": [],
  "selected": 3724,
  "mincost": 4.5,
  "totalpoints": 25,
  "typename": "Midfielder",
  "teamname": "Newcastle",
  "status": "a",
  "added": "2013-07-15T13:21:15 UTC+0000",
  "form": 0,
  "currentfixture": "",
  "pointspergame": 0,
  "transfersin": 0,
  "news": "",
  "originalcost": 4.5,
  "eventpoints": 0,
  "fixturehistory": {
    "all": [],
    "summary": []
  },
  "nextfixture": "Man City (A)",
  "transfersinevent": 0,
  "selectedby": "0.5",
  "teamid": 12,
  "secondname": "Obertan",
  "name": "Obertan",
  "cost": 4.5,
  

"seasonhistory": [
    [
      "2009/10",
      170,
      0,
      0,
      0,
      2,
      0,
      0,
      0,
      0,
      0,
      0,
      0,
      0,
      0,
      49,
      9
    ],
    [
      "2010/11",
      284,
      0,
      0,
      1,
      4,
      0,
      0,
      0,
      0,
      0,
      0,
      2,
      0,
      0,
      44,
      12
    ],
    [
      "2011/12",
      1553,
      1,
      4,
      5,
      25,
      0,
      0,
      0,
      0,
      0,
      0,
      2,
      185,
      0,
      46,
      64
    ],
    [
      "2012/13",
      418,
      0,
      3,
      0,
      14,
      0,
      0,
      0,
      0,
      0,
      0,
      0,
      85,
      0,
      41,
      25
    ]
  ]
}