{
  "transfersout": 0,
  "code": 28301,
  "eventtotal": 0,
  "lastseasonpoints": 0,
  "squadnumber": null,
  "transfersbalance": 0,
  "eventcost": 4.5,
  "indreamteam": false,
  "id": 281,
  "firstname": "Cheick",
  "transfersoutevent": 0,
  "maxcost": 4.5,
  "eventexplain": [],
  "selected": 19778,
  "mincost": 4.5,
  "totalpoints": 38,
  "typename": "Midfielder",
  "teamname": "Newcastle",
  "status": "a",
  "added": "2013-07-15T13:21:15 UTC+0000",
  "form": 0,
  "currentfixture": "",
  "pointspergame": 0,
  "transfersin": 0,
  "news": "",
  "originalcost": 4.5,
  "eventpoints": 0,
  "fixturehistory": {
    "all": [],
    "summary": []
  },
  "nextfixture": "Man City (A)",
  "transfersinevent": 0,
  "selectedby": "2.5",
  "teamid": 12,
  "secondname": "Tiote",
  "name": "Tiote",
  "cost": 4.5,
  

"seasonhistory": [
    [
      "2010/11",
      2308,
      1,
      1,
      8,
      34,
      0,
      0,
      0,
      14,
      0,
      0,
      12,
      0,
      0,
      44,
      66
    ],
    [
      "2011/12",
      2038,
      0,
      3,
      10,
      24,
      0,
      0,
      0,
      11,
      0,
      0,
      5,
      269,
      0,
      44,
      60
    ],
    [
      "2012/13",
      1750,
      0,
      1,
      2,
      41,
      0,
      0,
      0,
      7,
      1,
      0,
      0,
      134,
      0,
      48,
      38
    ]
  ]
}