{
  "transfersout": 0,
  "code": 18753,
  "eventtotal": 0,
  "lastseasonpoints": 0,
  "squadnumber": null,
  "transfersbalance": 0,
  "eventcost": 7,
  "indreamteam": false,
  "id": 282,
  "firstname": "Hatem",
  "transfersoutevent": 0,
  "maxcost": 7,
  "eventexplain": [],
  "selected": 41055,
  "mincost": 7,
  "totalpoints": 72,
  "typename": "Midfielder",
  "teamname": "Newcastle",
  "status": "a",
  "added": "2013-07-15T13:21:15 UTC+0000",
  "form": 0,
  "currentfixture": "",
  "pointspergame": 0,
  "transfersin": 0,
  "news": "",
  "originalcost": 7,
  "eventpoints": 0,
  "fixturehistory": {
    "all": [],
    "summary": []
  },
  "nextfixture": "Man City (A)",
  "transfersinevent": 0,
  "selectedby": "5.3",
  "teamid": 12,
  "secondname": "Ben Arfa",
  "name": "Ben Arfa",
  "cost": 7,
  

"seasonhistory": [
    [
      "2010/11",
      168,
      1,
      0,
      2,
      1,
      0,
      0,
      0,
      0,
      0,
      0,
      1,
      0,
      0,
      43,
      14
    ],
    [
      "2011/12",
      1556,
      5,
      7,
      7,
      25,
      0,
      0,
      0,
      2,
      0,
      0,
      8,
      309,
      0,
      61,
      100
    ],
    [
      "2012/13",
      1458,
      4,
      2,
      3,
      26,
      0,
      0,
      0,
      1,
      0,
      0,
      9,
      139,
      0,
      73,
      72
    ]
  ]
}