{
  "transfersout": 0,
  "code": 61944,
  "eventtotal": 0,
  "lastseasonpoints": 0,
  "squadnumber": null,
  "transfersbalance": 0,
  "eventcost": 4.5,
  "indreamteam": false,
  "id": 283,
  "firstname": "Shane",
  "transfersoutevent": 0,
  "maxcost": 4.5,
  "eventexplain": [],
  "selected": 223,
  "mincost": 4.5,
  "totalpoints": 14,
  "typename": "Midfielder",
  "teamname": "Newcastle",
  "status": "n",
  "added": "2013-07-15T13:21:15 UTC+0000",
  "form": 0,
  "currentfixture": "",
  "pointspergame": 0,
  "transfersin": 0,
  "news": "Joined Birmingham on season-long loan.  - Expected back 12 May",
  "originalcost": 4.5,
  "eventpoints": 0,
  "fixturehistory": {
    "all": [],
    "summary": []
  },
  "nextfixture": "Man City (A)",
  "transfersinevent": 0,
  "selectedby": "0.0",
  "teamid": 12,
  "secondname": "Ferguson",
  "name": "Ferguson",
  "cost": 4.5,
  

"seasonhistory": [
    [
      "2010/11",
      309,
      0,
      0,
      0,
      7,
      0,
      0,
      0,
      0,
      0,
      0,
      0,
      0,
      0,
      40,
      10
    ],
    [
      "2011/12",
      160,
      0,
      0,
      0,
      2,
      0,
      0,
      0,
      1,
      0,
      0,
      0,
      17,
      0,
      40,
      6
    ],
    [
      "2012/13",
      346,
      0,
      1,
      0,
      7,
      0,
      0,
      0,
      0,
      0,
      0,
      0,
      42,
      0,
      43,
      14
    ]
  ]
}