{
  "transfersout": 0,
  "code": 40387,
  "eventtotal": 0,
  "lastseasonpoints": 0,
  "squadnumber": null,
  "transfersbalance": 0,
  "eventcost": 4.5,
  "indreamteam": false,
  "id": 284,
  "firstname": "Dan",
  "transfersoutevent": 0,
  "maxcost": 4.5,
  "eventexplain": [],
  "selected": 604,
  "mincost": 4.5,
  "totalpoints": 3,
  "typename": "Midfielder",
  "teamname": "Newcastle",
  "status": "a",
  "added": "2013-07-15T13:21:15 UTC+0000",
  "form": 0,
  "currentfixture": "",
  "pointspergame": 0,
  "transfersin": 0,
  "news": "",
  "originalcost": 4.5,
  "eventpoints": 0,
  "fixturehistory": {
    "all": [],
    "summary": []
  },
  "nextfixture": "Man City (A)",
  "transfersinevent": 0,
  "selectedby": "0.1",
  "teamid": 12,
  "secondname": "Gosling",
  "name": "Gosling",
  "cost": 4.5,
  

"seasonhistory": [
    [
      "2008/09",
      589,
      2,
      1,
      0,
      0,
      0,
      0,
      0,
      1,
      0,
      0,
      0,
      0,
      0,
      45,
      35
    ],
    [
      "2009/10",
      349,
      2,
      0,
      0,
      7,
      0,
      0,
      0,
      0,
      0,
      0,
      0,
      0,
      0,
      46,
      23
    ],
    [
      "2010/11",
      1,
      0,
      0,
      0,
      1,
      0,
      0,
      0,
      0,
      0,
      0,
      0,
      0,
      0,
      43,
      1
    ],
    [
      "2011/12",
      247,
      1,
      0,
      0,
      6,
      0,
      0,
      0,
      1,
      1,
      0,
      0,
      52,
      0,
      48,
      14
    ],
    [
      "2012/13",
      44,
      0,
      0,
      0,
      1,
      0,
      0,
      0,
      0,
      0,
      0,
      0,
      2,
      0,
      46,
      3
    ]
  ]
}