{
  "transfersout": 0,
  "code": 21060,
  "eventtotal": 0,
  "lastseasonpoints": 0,
  "squadnumber": null,
  "transfersbalance": 0,
  "eventcost": 5.5,
  "indreamteam": false,
  "id": 286,
  "firstname": "Jonas",
  "transfersoutevent": 0,
  "maxcost": 5.5,
  "eventexplain": [],
  "selected": 3384,
  "mincost": 5.5,
  "totalpoints": 76,
  "typename": "Midfielder",
  "teamname": "Newcastle",
  "status": "a",
  "added": "2013-07-15T13:21:15 UTC+0000",
  "form": 0,
  "currentfixture": "",
  "pointspergame": 0,
  "transfersin": 0,
  "news": "",
  "originalcost": 5.5,
  "eventpoints": 0,
  "fixturehistory": {
    "all": [],
    "summary": []
  },
  "nextfixture": "Man City (A)",
  "transfersinevent": 0,
  "selectedby": "0.4",
  "teamid": 12,
  "secondname": "Gutierrez",
  "name": "Gutierrez",
  "cost": 5.5,
  

"seasonhistory": [
    [
      "2008/09",
      2187,
      0,
      4,
      0,
      34,
      0,
      0,
      0,
      6,
      0,
      0,
      12,
      0,
      0,
      59,
      77
    ],
    [
      "2010/11",
      2973,
      3,
      5,
      9,
      45,
      0,
      0,
      0,
      5,
      0,
      0,
      11,
      0,
      0,
      48,
      116
    ],
    [
      "2011/12",
      3305,
      2,
      4,
      15,
      48,
      0,
      0,
      0,
      4,
      1,
      0,
      12,
      431,
      0,
      60,
      116
    ],
    [
      "2012/13",
      2890,
      1,
      2,
      5,
      48,
      0,
      0,
      0,
      8,
      0,
      0,
      3,
      261,
      0,
      55,
      76
    ]
  ]
}