{
  "transfersout": 0,
  "code": 27341,
  "eventtotal": 0,
  "lastseasonpoints": 0,
  "squadnumber": null,
  "transfersbalance": 0,
  "eventcost": 6.5,
  "indreamteam": false,
  "id": 287,
  "firstname": "Yohan",
  "transfersoutevent": 0,
  "maxcost": 6.5,
  "eventexplain": [],
  "selected": 35374,
  "mincost": 6.5,
  "totalpoints": 94,
  "typename": "Midfielder",
  "teamname": "Newcastle",
  "status": "a",
  "added": "2013-07-15T13:21:15 UTC+0000",
  "form": 0,
  "currentfixture": "",
  "pointspergame": 0,
  "transfersin": 0,
  "news": "",
  "originalcost": 6.5,
  "eventpoints": 0,
  "fixturehistory": {
    "all": [],
    "summary": []
  },
  "nextfixture": "Man City (A)",
  "transfersinevent": 0,
  "selectedby": "4.5",
  "teamid": 12,
  "secondname": "Cabaye",
  "name": "Cabaye",
  "cost": 6.5,
  

"seasonhistory": [
    [
      "2011/12",
      2821,
      4,
      8,
      12,
      40,
      0,
      0,
      0,
      7,
      0,
      0,
      15,
      416,
      0,
      60,
      129
    ],
    [
      "2012/13",
      2116,
      6,
      2,
      4,
      36,
      0,
      0,
      0,
      8,
      0,
      0,
      12,
      280,
      0,
      65,
      94
    ]
  ]
}