{
  "transfersout": 0,
  "code": 37939,
  "eventtotal": 0,
  "lastseasonpoints": 0,
  "squadnumber": null,
  "transfersbalance": 0,
  "eventcost": 5,
  "indreamteam": false,
  "id": 288,
  "firstname": "Sylvain",
  "transfersoutevent": 0,
  "maxcost": 5,
  "eventexplain": [],
  "selected": 3218,
  "mincost": 5,
  "totalpoints": 62,
  "typename": "Midfielder",
  "teamname": "Newcastle",
  "status": "a",
  "added": "2013-07-15T13:21:15 UTC+0000",
  "form": 0,
  "currentfixture": "",
  "pointspergame": 0,
  "transfersin": 0,
  "news": "",
  "originalcost": 5,
  "eventpoints": 0,
  "fixturehistory": {
    "all": [],
    "summary": []
  },
  "nextfixture": "Man City (A)",
  "transfersinevent": 0,
  "selectedby": "0.4",
  "teamid": 12,
  "secondname": "Marveaux",
  "name": "Marveaux",
  "cost": 5,
  

"seasonhistory": [
    [
      "2011/12",
      141,
      0,
      1,
      0,
      2,
      0,
      0,
      0,
      0,
      0,
      0,
      0,
      21,
      0,
      45,
      10
    ],
    [
      "2012/13",
      1007,
      1,
      6,
      4,
      21,
      0,
      0,
      0,
      0,
      0,
      0,
      4,
      142,
      0,
      41,
      62
    ]
  ]
}