{
  "transfersout": 0,
  "code": 87112,
  "eventtotal": 0,
  "lastseasonpoints": 0,
  "squadnumber": null,
  "transfersbalance": 0,
  "eventcost": 4.5,
  "indreamteam": false,
  "id": 289,
  "firstname": "Gael",
  "transfersoutevent": 0,
  "maxcost": 4.5,
  "eventexplain": [],
  "selected": 610,
  "mincost": 4.5,
  "totalpoints": 21,
  "typename": "Midfielder",
  "teamname": "Newcastle",
  "status": "a",
  "added": "2013-07-15T13:21:15 UTC+0000",
  "form": 0,
  "currentfixture": "",
  "pointspergame": 0,
  "transfersin": 0,
  "news": "",
  "originalcost": 4.5,
  "eventpoints": 0,
  "fixturehistory": {
    "all": [],
    "summary": []
  },
  "nextfixture": "Man City (A)",
  "transfersinevent": 0,
  "selectedby": "0.1",
  "teamid": 12,
  "secondname": "Bigirimana",
  "name": "Bigirimana",
  "cost": 4.5,
  

"seasonhistory": [
    [
      "2012/13",
      413,
      1,
      0,
      0,
      10,
      0,
      0,
      0,
      1,
      0,
      0,
      1,
      76,
      0,
      43,
      21
    ]
  ]
}