{
  "transfersout": 0,
  "code": 63426,
  "eventtotal": 0,
  "lastseasonpoints": 0,
  "squadnumber": null,
  "transfersbalance": 0,
  "eventcost": 4,
  "indreamteam": false,
  "id": 29,
  "firstname": "Enda",
  "transfersoutevent": 0,
  "maxcost": 4,
  "eventexplain": [],
  "selected": 2724,
  "mincost": 4,
  "totalpoints": 12,
  "typename": "Defender",
  "teamname": "Aston Villa",
  "status": "a",
  "added": "2013-07-15T13:21:12 UTC+0000",
  "form": 0,
  "currentfixture": "",
  "pointspergame": 0,
  "transfersin": 0,
  "news": "",
  "originalcost": 4,
  "eventpoints": 0,
  "fixturehistory": {
    "all": [],
    "summary": []
  },
  "nextfixture": "Arsenal (A), Chelsea (A)",
  "transfersinevent": 0,
  "selectedby": "0.4",
  "teamid": 2,
  "secondname": "Stevens",
  "name": "Stevens",
  "cost": 4,
  

"seasonhistory": [
    [
      "2011/12",
      0,
      0,
      0,
      0,
      0,
      0,
      0,
      0,
      0,
      0,
      0,
      0,
      0,
      0,
      40,
      0
    ],
    [
      "2012/13",
      470,
      0,
      0,
      1,
      10,
      0,
      0,
      0,
      1,
      0,
      0,
      0,
      52,
      0,
      38,
      12
    ]
  ]
}