{
  "transfersout": 0,
  "code": 40799,
  "eventtotal": 0,
  "lastseasonpoints": 0,
  "squadnumber": null,
  "transfersbalance": 0,
  "eventcost": 4.5,
  "indreamteam": false,
  "id": 290,
  "firstname": "Vurnon",
  "transfersoutevent": 0,
  "maxcost": 4.5,
  "eventexplain": [],
  "selected": 3352,
  "mincost": 4.5,
  "totalpoints": 49,
  "typename": "Midfielder",
  "teamname": "Newcastle",
  "status": "a",
  "added": "2013-07-15T13:21:15 UTC+0000",
  "form": 0,
  "currentfixture": "",
  "pointspergame": 0,
  "transfersin": 0,
  "news": "",
  "originalcost": 4.5,
  "eventpoints": 0,
  "fixturehistory": {
    "all": [],
    "summary": []
  },
  "nextfixture": "Man City (A)",
  "transfersinevent": 0,
  "selectedby": "0.4",
  "teamid": 12,
  "secondname": "Anita",
  "name": "Anita",
  "cost": 4.5,
  

"seasonhistory": [
    [
      "2012/13",
      1733,
      0,
      1,
      5,
      34,
      0,
      0,
      0,
      3,
      0,
      0,
      0,
      144,
      0,
      44,
      49
    ]
  ]
}