{
  "transfersout": 0,
  "code": 45268,
  "eventtotal": 0,
  "lastseasonpoints": 0,
  "squadnumber": null,
  "transfersbalance": 0,
  "eventcost": 6,
  "indreamteam": false,
  "id": 291,
  "firstname": "Moussa",
  "transfersoutevent": 0,
  "maxcost": 6,
  "eventexplain": [],
  "selected": 14870,
  "mincost": 6,
  "totalpoints": 53,
  "typename": "Midfielder",
  "teamname": "Newcastle",
  "status": "a",
  "added": "2013-07-15T13:21:15 UTC+0000",
  "form": 0,
  "currentfixture": "",
  "pointspergame": 0,
  "transfersin": 0,
  "news": "",
  "originalcost": 6,
  "eventpoints": 0,
  "fixturehistory": {
    "all": [],
    "summary": []
  },
  "nextfixture": "Man City (A)",
  "transfersinevent": 0,
  "selectedby": "1.9",
  "teamid": 12,
  "secondname": "Sissoko",
  "name": "Sissoko",
  "cost": 6,
  

"seasonhistory": [
    [
      "2012/13",
      1068,
      3,
      3,
      1,
      25,
      0,
      0,
      0,
      2,
      0,
      0,
      6,
      164,
      0,
      54,
      53
    ]
  ]
}