{
  "transfersout": 0,
  "code": 6240,
  "eventtotal": 0,
  "lastseasonpoints": 0,
  "squadnumber": null,
  "transfersbalance": 0,
  "eventcost": 5,
  "indreamteam": false,
  "id": 292,
  "firstname": "Shola",
  "transfersoutevent": 0,
  "maxcost": 5,
  "eventexplain": [],
  "selected": 3617,
  "mincost": 5,
  "totalpoints": 34,
  "typename": "Forward",
  "teamname": "Newcastle",
  "status": "a",
  "added": "2013-07-15T13:21:15 UTC+0000",
  "form": 0,
  "currentfixture": "",
  "pointspergame": 0,
  "transfersin": 0,
  "news": "",
  "originalcost": 5,
  "eventpoints": 0,
  "fixturehistory": {
    "all": [],
    "summary": []
  },
  "nextfixture": "Man City (A)",
  "transfersinevent": 0,
  "selectedby": "0.5",
  "teamid": 12,
  "secondname": "Ameobi",
  "name": "Ameobi",
  "cost": 5,
  

"seasonhistory": [
    [
      "2006/07",
      755,
      3,
      1,
      0,
      12,
      0,
      0,
      0,
      1,
      0,
      0,
      0,
      0,
      0,
      69,
      34
    ],
    [
      "2007/08",
      276,
      0,
      0,
      0,
      2,
      0,
      0,
      0,
      0,
      0,
      0,
      0,
      0,
      0,
      65,
      8
    ],
    [
      "2008/09",
      1261,
      4,
      4,
      0,
      22,
      0,
      0,
      0,
      1,
      0,
      0,
      4,
      0,
      0,
      49,
      65
    ],
    [
      "2010/11",
      1753,
      6,
      6,
      5,
      30,
      0,
      0,
      0,
      2,
      0,
      0,
      7,
      0,
      0,
      41,
      93
    ],
    [
      "2011/12",
      1024,
      2,
      5,
      6,
      14,
      0,
      0,
      0,
      3,
      0,
      0,
      0,
      143,
      0,
      50,
      55
    ],
    [
      "2012/13",
      689,
      1,
      2,
      0,
      16,
      0,
      0,
      0,
      5,
      0,
      0,
      3,
      89,
      0,
      51,
      34
    ]
  ]
}