{
  "transfersout": 0,
  "code": 97612,
  "eventtotal": 0,
  "lastseasonpoints": 0,
  "squadnumber": null,
  "transfersbalance": 0,
  "eventcost": 4.5,
  "indreamteam": false,
  "id": 293,
  "firstname": "Sammy",
  "transfersoutevent": 0,
  "maxcost": 4.5,
  "eventexplain": [],
  "selected": 7324,
  "mincost": 4.5,
  "totalpoints": 11,
  "typename": "Forward",
  "teamname": "Newcastle",
  "status": "a",
  "added": "2013-07-15T13:21:15 UTC+0000",
  "form": 0,
  "currentfixture": "",
  "pointspergame": 0,
  "transfersin": 0,
  "news": "",
  "originalcost": 4.5,
  "eventpoints": 0,
  "fixturehistory": {
    "all": [],
    "summary": []
  },
  "nextfixture": "Man City (A)",
  "transfersinevent": 0,
  "selectedby": "0.9",
  "teamid": 12,
  "secondname": "Ameobi",
  "name": "Sammy Ameobi",
  "cost": 4.5,
  

"seasonhistory": [
    [
      "2010/11",
      9,
      0,
      0,
      0,
      1,
      0,
      0,
      0,
      0,
      0,
      0,
      0,
      0,
      0,
      40,
      1
    ],
    [
      "2011/12",
      202,
      0,
      0,
      0,
      6,
      0,
      0,
      0,
      0,
      0,
      0,
      0,
      13,
      0,
      43,
      11
    ],
    [
      "2012/13",
      228,
      0,
      1,
      0,
      4,
      0,
      0,
      0,
      1,
      0,
      0,
      0,
      19,
      0,
      43,
      11
    ]
  ]
}