{
  "transfersout": 0,
  "code": 42758,
  "eventtotal": 0,
  "lastseasonpoints": 0,
  "squadnumber": null,
  "transfersbalance": 0,
  "eventcost": 8.5,
  "indreamteam": false,
  "id": 294,
  "firstname": "Papiss",
  "transfersoutevent": 0,
  "maxcost": 8.5,
  "eventexplain": [],
  "selected": 9550,
  "mincost": 8.5,
  "totalpoints": 113,
  "typename": "Forward",
  "teamname": "Newcastle",
  "status": "a",
  "added": "2013-07-15T13:21:15 UTC+0000",
  "form": 0,
  "currentfixture": "",
  "pointspergame": 0,
  "transfersin": 0,
  "news": "",
  "originalcost": 8.5,
  "eventpoints": 0,
  "fixturehistory": {
    "all": [],
    "summary": []
  },
  "nextfixture": "Man City (A)",
  "transfersinevent": 0,
  "selectedby": "1.2",
  "teamid": 12,
  "secondname": "Cisse",
  "name": "Cisse",
  "cost": 8.5,
  

"seasonhistory": [
    [
      "2011/12",
      1106,
      13,
      2,
      6,
      18,
      0,
      0,
      0,
      1,
      0,
      0,
      20,
      349,
      0,
      82,
      105
    ],
    [
      "2012/13",
      2999,
      8,
      3,
      6,
      61,
      0,
      0,
      1,
      6,
      0,
      0,
      10,
      280,
      0,
      87,
      113
    ]
  ]
}