{
  "transfersout": 0,
  "code": 42727,
  "eventtotal": 0,
  "lastseasonpoints": 0,
  "squadnumber": null,
  "transfersbalance": 0,
  "eventcost": 6.5,
  "indreamteam": false,
  "id": 296,
  "firstname": "Yoan",
  "transfersoutevent": 0,
  "maxcost": 6.5,
  "eventexplain": [],
  "selected": 2854,
  "mincost": 6.5,
  "totalpoints": 50,
  "typename": "Forward",
  "teamname": "Newcastle",
  "status": "a",
  "added": "2013-07-15T13:21:15 UTC+0000",
  "form": 0,
  "currentfixture": "",
  "pointspergame": 0,
  "transfersin": 0,
  "news": "",
  "originalcost": 6.5,
  "eventpoints": 0,
  "fixturehistory": {
    "all": [],
    "summary": []
  },
  "nextfixture": "Man City (A)",
  "transfersinevent": 0,
  "selectedby": "0.4",
  "teamid": 12,
  "secondname": "Gouffran",
  "name": "Gouffran",
  "cost": 6.5,
  

"seasonhistory": [
    [
      "2012/13",
      1042,
      3,
      2,
      2,
      20,
      0,
      0,
      0,
      1,
      0,
      0,
      6,
      160,
      0,
      62,
      50
    ]
  ]
}