{
  "transfersout": 0,
  "code": 19236,
  "eventtotal": 0,
  "lastseasonpoints": 0,
  "squadnumber": null,
  "transfersbalance": 0,
  "eventcost": 5,
  "indreamteam": false,
  "id": 297,
  "firstname": "John",
  "transfersoutevent": 0,
  "maxcost": 5,
  "eventexplain": [],
  "selected": 21529,
  "mincost": 5,
  "totalpoints": 67,
  "typename": "Goalkeeper",
  "teamname": "Norwich",
  "status": "a",
  "added": "2013-07-15T13:21:15 UTC+0000",
  "form": 0,
  "currentfixture": "",
  "pointspergame": 0,
  "transfersin": 0,
  "news": "",
  "originalcost": 5,
  "eventpoints": 0,
  "fixturehistory": {
    "all": [],
    "summary": []
  },
  "nextfixture": "Everton (H)",
  "transfersinevent": 0,
  "selectedby": "2.8",
  "teamid": 13,
  "secondname": "Ruddy",
  "name": "Ruddy",
  "cost": 5,
  

"seasonhistory": [
    [
      "2006/07",
      0,
      0,
      0,
      0,
      0,
      0,
      0,
      0,
      0,
      0,
      0,
      0,
      0,
      0,
      38,
      0
    ],
    [
      "2007/08",
      0,
      0,
      0,
      0,
      0,
      0,
      0,
      0,
      0,
      0,
      0,
      0,
      0,
      0,
      40,
      0
    ],
    [
      "2008/09",
      0,
      0,
      0,
      0,
      0,
      0,
      0,
      0,
      0,
      0,
      0,
      0,
      0,
      0,
      43,
      0
    ],
    [
      "2011/12",
      3319,
      0,
      0,
      3,
      65,
      0,
      1,
      0,
      1,
      1,
      140,
      0,
      372,
      0,
      42,
      97
    ],
    [
      "2012/13",
      1341,
      0,
      0,
      6,
      21,
      0,
      1,
      0,
      0,
      0,
      54,
      2,
      172,
      0,
      44,
      67
    ]
  ]
}