{
  "transfersout": 0,
  "code": 50264,
  "eventtotal": 0,
  "lastseasonpoints": 0,
  "squadnumber": null,
  "transfersbalance": 0,
  "eventcost": 4,
  "indreamteam": false,
  "id": 298,
  "firstname": "Declan",
  "transfersoutevent": 0,
  "maxcost": 4,
  "eventexplain": [],
  "selected": 2035,
  "mincost": 4,
  "totalpoints": 0,
  "typename": "Goalkeeper",
  "teamname": "Norwich",
  "status": "n",
  "added": "2013-07-15T13:21:15 UTC+0000",
  "form": 0,
  "currentfixture": "",
  "pointspergame": 0,
  "transfersin": 0,
  "news": "Moved to Preston on season-long loan.  - Expected back 12 May",
  "originalcost": 4,
  "eventpoints": 0,
  "fixturehistory": {
    "all": [],
    "summary": []
  },
  "nextfixture": "Everton (H)",
  "transfersinevent": 0,
  "selectedby": "0.3",
  "teamid": 13,
  "secondname": "Rudd",
  "name": "Rudd",
  "cost": 4,
  

"seasonhistory": [
    [
      "2011/12",
      100,
      0,
      0,
      0,
      3,
      0,
      1,
      0,
      0,
      0,
      6,
      0,
      10,
      0,
      40,
      8
    ],
    [
      "2012/13",
      0,
      0,
      0,
      0,
      0,
      0,
      0,
      0,
      0,
      0,
      0,
      0,
      0,
      0,
      39,
      0
    ]
  ]
}