{
  "transfersout": 0,
  "code": 10954,
  "eventtotal": 0,
  "lastseasonpoints": 0,
  "squadnumber": null,
  "transfersbalance": 0,
  "eventcost": 4.5,
  "indreamteam": false,
  "id": 299,
  "firstname": "Mark",
  "transfersoutevent": 0,
  "maxcost": 4.5,
  "eventexplain": [],
  "selected": 8797,
  "mincost": 4.5,
  "totalpoints": 60,
  "typename": "Goalkeeper",
  "teamname": "Norwich",
  "status": "a",
  "added": "2013-07-15T13:21:15 UTC+0000",
  "form": 0,
  "currentfixture": "",
  "pointspergame": 0,
  "transfersin": 0,
  "news": "",
  "originalcost": 4.5,
  "eventpoints": 0,
  "fixturehistory": {
    "all": [],
    "summary": []
  },
  "nextfixture": "Everton (H)",
  "transfersinevent": 0,
  "selectedby": "1.1",
  "teamid": 13,
  "secondname": "Bunn",
  "name": "Bunn",
  "cost": 4.5,
  

"seasonhistory": [
    [
      "2008/09",
      0,
      0,
      0,
      0,
      0,
      0,
      0,
      0,
      0,
      0,
      0,
      0,
      0,
      0,
      45,
      0
    ],
    [
      "2009/10",
      0,
      0,
      0,
      0,
      0,
      0,
      0,
      0,
      0,
      0,
      0,
      0,
      0,
      0,
      40,
      0
    ],
    [
      "2010/11",
      225,
      0,
      0,
      0,
      4,
      0,
      0,
      0,
      1,
      0,
      9,
      0,
      0,
      0,
      40,
      5
    ],
    [
      "2011/12",
      270,
      0,
      0,
      0,
      5,
      0,
      0,
      0,
      0,
      0,
      11,
      0,
      32,
      0,
      40,
      7
    ],
    [
      "2012/13",
      1853,
      0,
      0,
      4,
      34,
      1,
      1,
      0,
      2,
      1,
      61,
      1,
      180,
      0,
      43,
      60
    ]
  ]
}