{
  "transfersout": 0,
  "code": 51507,
  "eventtotal": 0,
  "lastseasonpoints": 0,
  "squadnumber": null,
  "transfersbalance": 0,
  "eventcost": 5.5,
  "indreamteam": false,
  "id": 3,
  "firstname": "Laurent",
  "transfersoutevent": 0,
  "maxcost": 5.5,
  "eventexplain": [],
  "selected": 55825,
  "mincost": 5.5,
  "totalpoints": 88,
  "typename": "Defender",
  "teamname": "Arsenal",
  "status": "a",
  "added": "2013-07-15T13:21:12 UTC+0000",
  "form": 0,
  "currentfixture": "",
  "pointspergame": 0,
  "transfersin": 0,
  "news": "",
  "originalcost": 5.5,
  "eventpoints": 0,
  "fixturehistory": {
    "all": [],
    "summary": []
  },
  "nextfixture": "Aston Villa (H)",
  "transfersinevent": 0,
  "selectedby": "7.2",
  "teamid": 1,
  "secondname": "Koscielny",
  "name": "Koscielny",
  "cost": 5.5,
  

"seasonhistory": [
    [
      "2010/11",
      2617,
      2,
      0,
      9,
      36,
      0,
      0,
      0,
      5,
      2,
      0,
      0,
      0,
      0,
      59,
      85
    ],
    [
      "2011/12",
      2871,
      2,
      1,
      11,
      42,
      2,
      0,
      0,
      8,
      0,
      0,
      5,
      436,
      0,
      58,
      103
    ],
    [
      "2012/13",
      1675,
      2,
      1,
      7,
      19,
      0,
      0,
      0,
      1,
      1,
      0,
      11,
      285,
      0,
      53,
      88
    ]
  ]
}