{
  "transfersout": 0,
  "code": 68983,
  "eventtotal": 0,
  "lastseasonpoints": 0,
  "squadnumber": null,
  "transfersbalance": 0,
  "eventcost": 5,
  "indreamteam": false,
  "id": 30,
  "firstname": "Matthew",
  "transfersoutevent": 0,
  "maxcost": 5,
  "eventexplain": [],
  "selected": 19671,
  "mincost": 5,
  "totalpoints": 93,
  "typename": "Defender",
  "teamname": "Aston Villa",
  "status": "a",
  "added": "2013-07-15T13:21:12 UTC+0000",
  "form": 0,
  "currentfixture": "",
  "pointspergame": 0,
  "transfersin": 0,
  "news": "",
  "originalcost": 5,
  "eventpoints": 0,
  "fixturehistory": {
    "all": [],
    "summary": []
  },
  "nextfixture": "Arsenal (A), Chelsea (A)",
  "transfersinevent": 0,
  "selectedby": "2.5",
  "teamid": 2,
  "secondname": "Lowton",
  "name": "Lowton",
  "cost": 5,
  

"seasonhistory": [
    [
      "2012/13",
      3266,
      2,
      4,
      5,
      66,
      0,
      0,
      0,
      10,
      0,
      0,
      9,
      410,
      0,
      45,
      93
    ]
  ]
}