{
  "transfersout": 0,
  "code": 19341,
  "eventtotal": 0,
  "lastseasonpoints": 0,
  "squadnumber": null,
  "transfersbalance": 0,
  "eventcost": 5,
  "indreamteam": false,
  "id": 300,
  "firstname": "Russell",
  "transfersoutevent": 0,
  "maxcost": 5,
  "eventexplain": [],
  "selected": 4356,
  "mincost": 5,
  "totalpoints": 96,
  "typename": "Defender",
  "teamname": "Norwich",
  "status": "a",
  "added": "2013-07-15T13:21:15 UTC+0000",
  "form": 0,
  "currentfixture": "",
  "pointspergame": 0,
  "transfersin": 0,
  "news": "",
  "originalcost": 5,
  "eventpoints": 0,
  "fixturehistory": {
    "all": [],
    "summary": []
  },
  "nextfixture": "Everton (H)",
  "transfersinevent": 0,
  "selectedby": "0.6",
  "teamid": 13,
  "secondname": "Martin",
  "name": "Martin",
  "cost": 5,
  

"seasonhistory": [
    [
      "2011/12",
      2853,
      2,
      2,
      3,
      57,
      0,
      0,
      0,
      1,
      0,
      0,
      8,
      430,
      0,
      42,
      83
    ],
    [
      "2012/13",
      2691,
      3,
      2,
      7,
      53,
      0,
      0,
      0,
      1,
      0,
      0,
      3,
      317,
      0,
      42,
      96
    ]
  ]
}