{
  "transfersout": 0,
  "code": 15201,
  "eventtotal": 0,
  "lastseasonpoints": 0,
  "squadnumber": null,
  "transfersbalance": 0,
  "eventcost": 4,
  "indreamteam": false,
  "id": 301,
  "firstname": "Leon",
  "transfersoutevent": 0,
  "maxcost": 4,
  "eventexplain": [],
  "selected": 5874,
  "mincost": 4,
  "totalpoints": 16,
  "typename": "Defender",
  "teamname": "Norwich",
  "status": "a",
  "added": "2013-07-15T13:21:15 UTC+0000",
  "form": 0,
  "currentfixture": "",
  "pointspergame": 0,
  "transfersin": 0,
  "news": "",
  "originalcost": 4,
  "eventpoints": 0,
  "fixturehistory": {
    "all": [],
    "summary": []
  },
  "nextfixture": "Everton (H)",
  "transfersinevent": 0,
  "selectedby": "0.8",
  "teamid": 13,
  "secondname": "Barnett",
  "name": "Barnett",
  "cost": 4,
  

"seasonhistory": [
    [
      "2008/09",
      912,
      0,
      1,
      0,
      15,
      0,
      0,
      0,
      1,
      0,
      0,
      0,
      0,
      0,
      38,
      25
    ],
    [
      "2011/12",
      1231,
      1,
      2,
      0,
      27,
      0,
      0,
      0,
      2,
      1,
      0,
      6,
      182,
      0,
      39,
      36
    ],
    [
      "2012/13",
      563,
      0,
      1,
      1,
      13,
      0,
      0,
      0,
      1,
      0,
      0,
      0,
      52,
      0,
      37,
      16
    ]
  ]
}