{
  "transfersout": 0,
  "code": 75880,
  "eventtotal": 0,
  "lastseasonpoints": 0,
  "squadnumber": null,
  "transfersbalance": 0,
  "eventcost": 4,
  "indreamteam": false,
  "id": 302,
  "firstname": "Daniel",
  "transfersoutevent": 0,
  "maxcost": 4,
  "eventexplain": [],
  "selected": 12027,
  "mincost": 4,
  "totalpoints": 0,
  "typename": "Defender",
  "teamname": "Norwich",
  "status": "a",
  "added": "2013-07-15T13:21:15 UTC+0000",
  "form": 0,
  "currentfixture": "",
  "pointspergame": 0,
  "transfersin": 0,
  "news": "",
  "originalcost": 4,
  "eventpoints": 0,
  "fixturehistory": {
    "all": [],
    "summary": []
  },
  "nextfixture": "Everton (H)",
  "transfersinevent": 0,
  "selectedby": "1.5",
  "teamid": 13,
  "secondname": "Ayala",
  "name": "Ayala",
  "cost": 4,
  

"seasonhistory": [
    [
      "2009/10",
      236,
      0,
      0,
      0,
      1,
      0,
      0,
      0,
      0,
      0,
      0,
      0,
      0,
      0,
      38,
      15
    ],
    [
      "2010/11",
      0,
      0,
      0,
      0,
      0,
      0,
      0,
      0,
      0,
      0,
      0,
      0,
      0,
      0,
      41,
      0
    ],
    [
      "2011/12",
      497,
      0,
      0,
      1,
      7,
      1,
      0,
      0,
      2,
      0,
      0,
      0,
      54,
      0,
      39,
      11
    ],
    [
      "2012/13",
      0,
      0,
      0,
      0,
      0,
      0,
      0,
      0,
      0,
      0,
      0,
      0,
      0,
      0,
      40,
      0
    ]
  ]
}