{
  "transfersout": 0,
  "code": 41727,
  "eventtotal": 0,
  "lastseasonpoints": 0,
  "squadnumber": null,
  "transfersbalance": 0,
  "eventcost": 4,
  "indreamteam": false,
  "id": 303,
  "firstname": "Ryan",
  "transfersoutevent": 0,
  "maxcost": 4,
  "eventexplain": [],
  "selected": 22175,
  "mincost": 4,
  "totalpoints": 28,
  "typename": "Defender",
  "teamname": "Norwich",
  "status": "a",
  "added": "2013-07-15T13:21:15 UTC+0000",
  "form": 0,
  "currentfixture": "",
  "pointspergame": 0,
  "transfersin": 0,
  "news": "",
  "originalcost": 4,
  "eventpoints": 0,
  "fixturehistory": {
    "all": [],
    "summary": []
  },
  "nextfixture": "Everton (H)",
  "transfersinevent": 0,
  "selectedby": "2.8",
  "teamid": 13,
  "secondname": "Bennett",
  "name": "Ryan Bennett",
  "cost": 4,
  

"seasonhistory": [
    [
      "2011/12",
      720,
      0,
      0,
      1,
      19,
      0,
      0,
      0,
      2,
      0,
      0,
      0,
      80,
      0,
      40,
      10
    ],
    [
      "2012/13",
      1069,
      1,
      0,
      1,
      21,
      1,
      0,
      0,
      2,
      0,
      0,
      3,
      118,
      0,
      39,
      28
    ]
  ]
}