{
  "transfersout": 0,
  "code": 13164,
  "eventtotal": 0,
  "lastseasonpoints": 0,
  "squadnumber": null,
  "transfersbalance": 0,
  "eventcost": 4,
  "indreamteam": false,
  "id": 304,
  "firstname": "Steven",
  "transfersoutevent": 0,
  "maxcost": 4,
  "eventexplain": [],
  "selected": 60448,
  "mincost": 4,
  "totalpoints": 39,
  "typename": "Defender",
  "teamname": "Norwich",
  "status": "a",
  "added": "2013-07-15T13:21:15 UTC+0000",
  "form": 0,
  "currentfixture": "",
  "pointspergame": 0,
  "transfersin": 0,
  "news": "",
  "originalcost": 4,
  "eventpoints": 0,
  "fixturehistory": {
    "all": [],
    "summary": []
  },
  "nextfixture": "Everton (H)",
  "transfersinevent": 0,
  "selectedby": "7.8",
  "teamid": 13,
  "secondname": "Whittaker",
  "name": "Whittaker",
  "cost": 4,
  

"seasonhistory": [
    [
      "2012/13",
      1047,
      1,
      0,
      3,
      13,
      0,
      0,
      0,
      0,
      0,
      0,
      0,
      154,
      0,
      40,
      39
    ]
  ]
}