{
  "transfersout": 0,
  "code": 15864,
  "eventtotal": 0,
  "lastseasonpoints": 0,
  "squadnumber": null,
  "transfersbalance": 0,
  "eventcost": 4.5,
  "indreamteam": false,
  "id": 305,
  "firstname": "Michael",
  "transfersoutevent": 0,
  "maxcost": 4.5,
  "eventexplain": [],
  "selected": 16055,
  "mincost": 4.5,
  "totalpoints": 86,
  "typename": "Defender",
  "teamname": "Norwich",
  "status": "a",
  "added": "2013-07-15T13:21:15 UTC+0000",
  "form": 0,
  "currentfixture": "",
  "pointspergame": 0,
  "transfersin": 0,
  "news": "",
  "originalcost": 4.5,
  "eventpoints": 0,
  "fixturehistory": {
    "all": [],
    "summary": []
  },
  "nextfixture": "Everton (H)",
  "transfersinevent": 0,
  "selectedby": "2.1",
  "teamid": 13,
  "secondname": "Turner",
  "name": "Turner",
  "cost": 4.5,
  

"seasonhistory": [
    [
      "2008/09",
      3420,
      4,
      0,
      0,
      64,
      0,
      0,
      0,
      3,
      0,
      0,
      23,
      0,
      0,
      46,
      122
    ],
    [
      "2009/10",
      2908,
      1,
      2,
      0,
      47,
      0,
      0,
      0,
      8,
      2,
      0,
      2,
      0,
      0,
      44,
      70
    ],
    [
      "2010/11",
      1305,
      0,
      0,
      5,
      25,
      0,
      0,
      0,
      4,
      0,
      0,
      4,
      0,
      0,
      49,
      39
    ],
    [
      "2011/12",
      2115,
      0,
      1,
      8,
      31,
      0,
      0,
      0,
      3,
      0,
      0,
      8,
      274,
      0,
      42,
      74
    ],
    [
      "2012/13",
      2223,
      3,
      0,
      7,
      40,
      0,
      0,
      0,
      6,
      0,
      0,
      10,
      267,
      0,
      41,
      86
    ]
  ]
}