{
  "transfersout": 0,
  "code": 17271,
  "eventtotal": 0,
  "lastseasonpoints": 0,
  "squadnumber": null,
  "transfersbalance": 0,
  "eventcost": 4.5,
  "indreamteam": false,
  "id": 306,
  "firstname": "Javier",
  "transfersoutevent": 0,
  "maxcost": 4.5,
  "eventexplain": [],
  "selected": 112845,
  "mincost": 4.5,
  "totalpoints": 103,
  "typename": "Defender",
  "teamname": "Norwich",
  "status": "a",
  "added": "2013-07-15T13:21:15 UTC+0000",
  "form": 0,
  "currentfixture": "",
  "pointspergame": 0,
  "transfersin": 0,
  "news": "",
  "originalcost": 4.5,
  "eventpoints": 0,
  "fixturehistory": {
    "all": [],
    "summary": []
  },
  "nextfixture": "Everton (H)",
  "transfersinevent": 0,
  "selectedby": "14.5",
  "teamid": 13,
  "secondname": "Garrido",
  "name": "Garrido",
  "cost": 4.5,
  

"seasonhistory": [
    [
      "2007/08",
      1898,
      0,
      1,
      0,
      33,
      0,
      0,
      0,
      4,
      0,
      0,
      0,
      0,
      0,
      40,
      67
    ],
    [
      "2008/09",
      998,
      1,
      2,
      0,
      19,
      0,
      0,
      0,
      2,
      0,
      0,
      0,
      0,
      0,
      39,
      38
    ],
    [
      "2009/10",
      633,
      1,
      0,
      0,
      5,
      0,
      0,
      0,
      1,
      0,
      0,
      0,
      0,
      0,
      41,
      27
    ],
    [
      "2010/11",
      0,
      0,
      0,
      0,
      0,
      0,
      0,
      0,
      0,
      0,
      0,
      0,
      0,
      0,
      45,
      0
    ],
    [
      "2012/13",
      3038,
      0,
      2,
      10,
      47,
      0,
      0,
      0,
      4,
      0,
      0,
      8,
      370,
      0,
      47,
      103
    ]
  ]
}