{
  "transfersout": 0,
  "code": 42744,
  "eventtotal": 0,
  "lastseasonpoints": 0,
  "squadnumber": null,
  "transfersbalance": 0,
  "eventcost": 5,
  "indreamteam": false,
  "id": 307,
  "firstname": "Sebastien",
  "transfersoutevent": 0,
  "maxcost": 5,
  "eventexplain": [],
  "selected": 89374,
  "mincost": 5,
  "totalpoints": 121,
  "typename": "Defender",
  "teamname": "Norwich",
  "status": "a",
  "added": "2013-07-15T13:21:15 UTC+0000",
  "form": 0,
  "currentfixture": "",
  "pointspergame": 0,
  "transfersin": 0,
  "news": "",
  "originalcost": 5,
  "eventpoints": 0,
  "fixturehistory": {
    "all": [],
    "summary": []
  },
  "nextfixture": "Everton (H)",
  "transfersinevent": 0,
  "selectedby": "11.5",
  "teamid": 13,
  "secondname": "Bassong",
  "name": "Bassong",
  "cost": 5,
  

"seasonhistory": [
    [
      "2008/09",
      2384,
      0,
      0,
      0,
      35,
      0,
      0,
      0,
      3,
      2,
      0,
      2,
      0,
      0,
      40,
      55
    ],
    [
      "2009/10",
      2297,
      1,
      0,
      0,
      30,
      0,
      0,
      0,
      2,
      0,
      0,
      3,
      0,
      0,
      47,
      78
    ],
    [
      "2010/11",
      828,
      1,
      0,
      2,
      8,
      0,
      0,
      0,
      0,
      0,
      0,
      2,
      0,
      0,
      44,
      35
    ],
    [
      "2011/12",
      909,
      0,
      0,
      0,
      24,
      0,
      0,
      0,
      1,
      1,
      0,
      0,
      77,
      0,
      43,
      11
    ],
    [
      "2012/13",
      2959,
      3,
      2,
      10,
      40,
      0,
      0,
      0,
      3,
      0,
      0,
      5,
      340,
      0,
      53,
      121
    ]
  ]
}