{
  "transfersout": 0,
  "code": 28654,
  "eventtotal": 0,
  "lastseasonpoints": 0,
  "squadnumber": null,
  "transfersbalance": 0,
  "eventcost": 4.5,
  "indreamteam": false,
  "id": 308,
  "firstname": "Martin",
  "transfersoutevent": 0,
  "maxcost": 4.5,
  "eventexplain": [],
  "selected": 8120,
  "mincost": 4.5,
  "totalpoints": 0,
  "typename": "Defender",
  "teamname": "Norwich",
  "status": "a",
  "added": "2013-07-15T13:21:15 UTC+0000",
  "form": 0,
  "currentfixture": "",
  "pointspergame": 0,
  "transfersin": 0,
  "news": "",
  "originalcost": 4.5,
  "eventpoints": 0,
  "fixturehistory": {
    "all": [],
    "summary": []
  },
  "nextfixture": "Everton (H)",
  "transfersinevent": 0,
  "selectedby": "1.0",
  "teamid": 13,
  "secondname": "Olsson",
  "name": "Olsson",
  "cost": 4.5,
  

"seasonhistory": [
    [
      "2007/08",
      19,
      0,
      0,
      0,
      0,
      0,
      0,
      0,
      0,
      0,
      0,
      0,
      0,
      0,
      40,
      2
    ],
    [
      "2008/09",
      503,
      0,
      0,
      0,
      13,
      0,
      0,
      0,
      1,
      1,
      0,
      0,
      0,
      0,
      45,
      10
    ],
    [
      "2009/10",
      1719,
      0,
      3,
      0,
      29,
      0,
      0,
      0,
      1,
      0,
      0,
      5,
      0,
      0,
      39,
      75
    ],
    [
      "2010/11",
      2373,
      2,
      1,
      8,
      37,
      0,
      0,
      0,
      3,
      0,
      0,
      8,
      0,
      0,
      45,
      80
    ],
    [
      "2011/12",
      2181,
      0,
      3,
      2,
      47,
      1,
      0,
      0,
      2,
      1,
      0,
      1,
      187,
      0,
      53,
      55
    ]
  ]
}