{
  "transfersout": 0,
  "code": 15237,
  "eventtotal": 0,
  "lastseasonpoints": 0,
  "squadnumber": null,
  "transfersbalance": 0,
  "eventcost": 4.5,
  "indreamteam": false,
  "id": 309,
  "firstname": "Andrew",
  "transfersoutevent": 0,
  "maxcost": 4.5,
  "eventexplain": [],
  "selected": 567,
  "mincost": 4.5,
  "totalpoints": 7,
  "typename": "Midfielder",
  "teamname": "Norwich",
  "status": "a",
  "added": "2013-07-15T13:21:15 UTC+0000",
  "form": 0,
  "currentfixture": "",
  "pointspergame": 0,
  "transfersin": 0,
  "news": "",
  "originalcost": 4.5,
  "eventpoints": 0,
  "fixturehistory": {
    "all": [],
    "summary": []
  },
  "nextfixture": "Everton (H)",
  "transfersinevent": 0,
  "selectedby": "0.1",
  "teamid": 13,
  "secondname": "Surman",
  "name": "Surman",
  "cost": 4.5,
  

"seasonhistory": [
    [
      "2009/10",
      321,
      0,
      0,
      0,
      10,
      0,
      0,
      0,
      0,
      0,
      0,
      0,
      0,
      0,
      44,
      10
    ],
    [
      "2011/12",
      1914,
      4,
      1,
      2,
      38,
      0,
      0,
      0,
      1,
      0,
      0,
      6,
      212,
      0,
      44,
      76
    ],
    [
      "2012/13",
      270,
      0,
      0,
      1,
      6,
      0,
      0,
      0,
      0,
      0,
      0,
      0,
      11,
      0,
      43,
      7
    ]
  ]
}