{
  "transfersout": 0,
  "code": 21095,
  "eventtotal": 0,
  "lastseasonpoints": 0,
  "squadnumber": null,
  "transfersbalance": 0,
  "eventcost": 4.5,
  "indreamteam": false,
  "id": 31,
  "firstname": "Ron",
  "transfersoutevent": 0,
  "maxcost": 4.5,
  "eventexplain": [],
  "selected": 16860,
  "mincost": 4.5,
  "totalpoints": 58,
  "typename": "Defender",
  "teamname": "Aston Villa",
  "status": "a",
  "added": "2013-07-15T13:21:12 UTC+0000",
  "form": 0,
  "currentfixture": "",
  "pointspergame": 0,
  "transfersin": 0,
  "news": "",
  "originalcost": 4.5,
  "eventpoints": 0,
  "fixturehistory": {
    "all": [],
    "summary": []
  },
  "nextfixture": "Arsenal (A), Chelsea (A)",
  "transfersinevent": 0,
  "selectedby": "2.2",
  "teamid": 2,
  "secondname": "Vlaar",
  "name": "Vlaar",
  "cost": 4.5,
  

"seasonhistory": [
    [
      "2012/13",
      2390,
      2,
      0,
      2,
      46,
      1,
      0,
      0,
      1,
      0,
      0,
      3,
      292,
      0,
      45,
      58
    ]
  ]
}