{
  "transfersout": 0,
  "code": 28499,
  "eventtotal": 0,
  "lastseasonpoints": 0,
  "squadnumber": null,
  "transfersbalance": 0,
  "eventcost": 5.5,
  "indreamteam": false,
  "id": 310,
  "firstname": "Wes",
  "transfersoutevent": 0,
  "maxcost": 5.5,
  "eventexplain": [],
  "selected": 7531,
  "mincost": 5.5,
  "totalpoints": 103,
  "typename": "Midfielder",
  "teamname": "Norwich",
  "status": "a",
  "added": "2013-07-15T13:21:15 UTC+0000",
  "form": 0,
  "currentfixture": "",
  "pointspergame": 0,
  "transfersin": 0,
  "news": "",
  "originalcost": 5.5,
  "eventpoints": 0,
  "fixturehistory": {
    "all": [],
    "summary": []
  },
  "nextfixture": "Everton (H)",
  "transfersinevent": 0,
  "selectedby": "1.0",
  "teamid": 13,
  "secondname": "Hoolahan",
  "name": "Hoolahan",
  "cost": 5.5,
  

"seasonhistory": [
    [
      "2011/12",
      2271,
      4,
      7,
      3,
      45,
      0,
      0,
      0,
      4,
      0,
      0,
      8,
      364,
      0,
      50,
      104
    ],
    [
      "2012/13",
      2418,
      3,
      5,
      8,
      35,
      0,
      0,
      0,
      3,
      0,
      0,
      8,
      345,
      0,
      55,
      103
    ]
  ]
}