{
  "transfersout": 0,
  "code": 17812,
  "eventtotal": 0,
  "lastseasonpoints": 0,
  "squadnumber": null,
  "transfersbalance": 0,
  "eventcost": 4.5,
  "indreamteam": false,
  "id": 311,
  "firstname": "David",
  "transfersoutevent": 0,
  "maxcost": 4.5,
  "eventexplain": [],
  "selected": 462,
  "mincost": 4.5,
  "totalpoints": 2,
  "typename": "Midfielder",
  "teamname": "Norwich",
  "status": "a",
  "added": "2013-07-15T13:21:15 UTC+0000",
  "form": 0,
  "currentfixture": "",
  "pointspergame": 0,
  "transfersin": 0,
  "news": "",
  "originalcost": 4.5,
  "eventpoints": 0,
  "fixturehistory": {
    "all": [],
    "summary": []
  },
  "nextfixture": "Everton (H)",
  "transfersinevent": 0,
  "selectedby": "0.1",
  "teamid": 13,
  "secondname": "Fox",
  "name": "Fox",
  "cost": 4.5,
  

"seasonhistory": [
    [
      "2011/12",
      1931,
      0,
      2,
      2,
      32,
      0,
      0,
      0,
      3,
      0,
      0,
      2,
      234,
      0,
      44,
      55
    ],
    [
      "2012/13",
      37,
      0,
      0,
      0,
      3,
      0,
      0,
      0,
      0,
      0,
      0,
      0,
      -4,
      0,
      43,
      2
    ]
  ]
}