{
  "transfersout": 0,
  "code": 19569,
  "eventtotal": 0,
  "lastseasonpoints": 0,
  "squadnumber": null,
  "transfersbalance": 0,
  "eventcost": 5,
  "indreamteam": false,
  "id": 312,
  "firstname": "Bradley",
  "transfersoutevent": 0,
  "maxcost": 5,
  "eventexplain": [],
  "selected": 22021,
  "mincost": 5,
  "totalpoints": 97,
  "typename": "Midfielder",
  "teamname": "Norwich",
  "status": "a",
  "added": "2013-07-15T13:21:15 UTC+0000",
  "form": 0,
  "currentfixture": "",
  "pointspergame": 0,
  "transfersin": 0,
  "news": "",
  "originalcost": 5,
  "eventpoints": 0,
  "fixturehistory": {
    "all": [],
    "summary": []
  },
  "nextfixture": "Everton (H)",
  "transfersinevent": 0,
  "selectedby": "2.8",
  "teamid": 13,
  "secondname": "Johnson",
  "name": "Johnson",
  "cost": 5,
  

"seasonhistory": [
    [
      "2011/12",
      2102,
      2,
      5,
      2,
      40,
      0,
      0,
      0,
      2,
      0,
      0,
      6,
      240,
      0,
      43,
      82
    ],
    [
      "2012/13",
      3222,
      1,
      3,
      11,
      52,
      0,
      0,
      0,
      10,
      0,
      0,
      8,
      311,
      0,
      47,
      97
    ]
  ]
}