{
  "transfersout": 0,
  "code": 40451,
  "eventtotal": 0,
  "lastseasonpoints": 0,
  "squadnumber": null,
  "transfersbalance": 0,
  "eventcost": 5.5,
  "indreamteam": false,
  "id": 313,
  "firstname": "Anthony",
  "transfersoutevent": 0,
  "maxcost": 5.5,
  "eventexplain": [],
  "selected": 11944,
  "mincost": 5.5,
  "totalpoints": 104,
  "typename": "Midfielder",
  "teamname": "Norwich",
  "status": "a",
  "added": "2013-07-15T13:21:15 UTC+0000",
  "form": 0,
  "currentfixture": "",
  "pointspergame": 0,
  "transfersin": 0,
  "news": "",
  "originalcost": 5.5,
  "eventpoints": 0,
  "fixturehistory": {
    "all": [],
    "summary": []
  },
  "nextfixture": "Everton (H)",
  "transfersinevent": 0,
  "selectedby": "1.5",
  "teamid": 13,
  "secondname": "Pilkington",
  "name": "Pilkington",
  "cost": 5.5,
  

"seasonhistory": [
    [
      "2011/12",
      1975,
      8,
      1,
      4,
      32,
      0,
      0,
      0,
      1,
      0,
      0,
      16,
      344,
      0,
      51,
      113
    ],
    [
      "2012/13",
      2157,
      5,
      3,
      6,
      34,
      0,
      0,
      0,
      2,
      0,
      0,
      13,
      342,
      0,
      55,
      104
    ]
  ]
}