{
  "transfersout": 0,
  "code": 41262,
  "eventtotal": 0,
  "lastseasonpoints": 0,
  "squadnumber": null,
  "transfersbalance": 0,
  "eventcost": 4.5,
  "indreamteam": false,
  "id": 314,
  "firstname": "Elliott",
  "transfersoutevent": 0,
  "maxcost": 4.5,
  "eventexplain": [],
  "selected": 1740,
  "mincost": 4.5,
  "totalpoints": 47,
  "typename": "Midfielder",
  "teamname": "Norwich",
  "status": "a",
  "added": "2013-07-15T13:21:15 UTC+0000",
  "form": 0,
  "currentfixture": "",
  "pointspergame": 0,
  "transfersin": 0,
  "news": "",
  "originalcost": 4.5,
  "eventpoints": 0,
  "fixturehistory": {
    "all": [],
    "summary": []
  },
  "nextfixture": "Everton (H)",
  "transfersinevent": 0,
  "selectedby": "0.2",
  "teamid": 13,
  "secondname": "Bennett",
  "name": "Bennett",
  "cost": 4.5,
  

"seasonhistory": [
    [
      "2011/12",
      2013,
      1,
      5,
      3,
      37,
      0,
      0,
      0,
      5,
      0,
      0,
      5,
      268,
      0,
      48,
      76
    ],
    [
      "2012/13",
      948,
      1,
      2,
      3,
      19,
      0,
      0,
      0,
      3,
      0,
      0,
      2,
      59,
      0,
      47,
      47
    ]
  ]
}