{
  "transfersout": 0,
  "code": 38297,
  "eventtotal": 0,
  "lastseasonpoints": 0,
  "squadnumber": null,
  "transfersbalance": 0,
  "eventcost": 5,
  "indreamteam": false,
  "id": 315,
  "firstname": "Jonathan",
  "transfersoutevent": 0,
  "maxcost": 5,
  "eventexplain": [],
  "selected": 1410,
  "mincost": 5,
  "totalpoints": 70,
  "typename": "Midfielder",
  "teamname": "Norwich",
  "status": "a",
  "added": "2013-07-15T13:21:16 UTC+0000",
  "form": 0,
  "currentfixture": "",
  "pointspergame": 0,
  "transfersin": 0,
  "news": "",
  "originalcost": 5,
  "eventpoints": 0,
  "fixturehistory": {
    "all": [],
    "summary": []
  },
  "nextfixture": "Everton (H)",
  "transfersinevent": 0,
  "selectedby": "0.2",
  "teamid": 13,
  "secondname": "Howson",
  "name": "Howson",
  "cost": 5,
  

"seasonhistory": [
    [
      "2011/12",
      945,
      1,
      1,
      1,
      22,
      0,
      0,
      0,
      3,
      0,
      0,
      2,
      109,
      0,
      50,
      30
    ],
    [
      "2012/13",
      2046,
      2,
      1,
      3,
      47,
      0,
      0,
      0,
      2,
      0,
      0,
      4,
      207,
      0,
      45,
      70
    ]
  ]
}