{
  "transfersout": 0,
  "code": 18987,
  "eventtotal": 0,
  "lastseasonpoints": 0,
  "squadnumber": null,
  "transfersbalance": 0,
  "eventcost": 6.5,
  "indreamteam": false,
  "id": 316,
  "firstname": "Robert",
  "transfersoutevent": 0,
  "maxcost": 6.5,
  "eventexplain": [],
  "selected": 121242,
  "mincost": 6.5,
  "totalpoints": 152,
  "typename": "Midfielder",
  "teamname": "Norwich",
  "status": "a",
  "added": "2013-07-15T13:21:16 UTC+0000",
  "form": 0,
  "currentfixture": "",
  "pointspergame": 0,
  "transfersin": 0,
  "news": "",
  "originalcost": 6.5,
  "eventpoints": 0,
  "fixturehistory": {
    "all": [],
    "summary": []
  },
  "nextfixture": "Everton (H)",
  "transfersinevent": 0,
  "selectedby": "15.6",
  "teamid": 13,
  "secondname": "Snodgrass",
  "name": "Snodgrass",
  "cost": 6.5,
  

"seasonhistory": [
    [
      "2012/13",
      3050,
      6,
      9,
      9,
      47,
      0,
      0,
      0,
      8,
      0,
      0,
      23,
      485,
      0,
      62,
      152
    ]
  ]
}