{
  "transfersout": 0,
  "code": 18665,
  "eventtotal": 0,
  "lastseasonpoints": 0,
  "squadnumber": null,
  "transfersbalance": 0,
  "eventcost": 4.5,
  "indreamteam": false,
  "id": 317,
  "firstname": "Alexander",
  "transfersoutevent": 0,
  "maxcost": 4.5,
  "eventexplain": [],
  "selected": 4472,
  "mincost": 4.5,
  "totalpoints": 58,
  "typename": "Midfielder",
  "teamname": "Norwich",
  "status": "a",
  "added": "2013-07-15T13:21:16 UTC+0000",
  "form": 0,
  "currentfixture": "",
  "pointspergame": 0,
  "transfersin": 0,
  "news": "",
  "originalcost": 4.5,
  "eventpoints": 0,
  "fixturehistory": {
    "all": [],
    "summary": []
  },
  "nextfixture": "Everton (H)",
  "transfersinevent": 0,
  "selectedby": "0.6",
  "teamid": 13,
  "secondname": "Tettey",
  "name": "Tettey",
  "cost": 4.5,
  

"seasonhistory": [
    [
      "2012/13",
      1904,
      0,
      1,
      7,
      27,
      0,
      0,
      0,
      4,
      0,
      0,
      5,
      169,
      0,
      43,
      58
    ]
  ]
}