{
  "transfersout": 0,
  "code": 19791,
  "eventtotal": 0,
  "lastseasonpoints": 0,
  "squadnumber": null,
  "transfersbalance": 0,
  "eventcost": 5,
  "indreamteam": false,
  "id": 319,
  "firstname": "Luciano",
  "transfersoutevent": 0,
  "maxcost": 5,
  "eventexplain": [],
  "selected": 3728,
  "mincost": 5,
  "totalpoints": 12,
  "typename": "Forward",
  "teamname": "Norwich",
  "status": "a",
  "added": "2013-07-15T13:21:16 UTC+0000",
  "form": 0,
  "currentfixture": "",
  "pointspergame": 0,
  "transfersin": 0,
  "news": "",
  "originalcost": 5,
  "eventpoints": 0,
  "fixturehistory": {
    "all": [],
    "summary": []
  },
  "nextfixture": "Everton (H)",
  "transfersinevent": 0,
  "selectedby": "0.5",
  "teamid": 13,
  "secondname": "Becchio",
  "name": "Becchio",
  "cost": 5,
  

"seasonhistory": [
    [
      "2012/13",
      169,
      0,
      1,
      1,
      1,
      0,
      0,
      0,
      0,
      0,
      0,
      0,
      20,
      0,
      42,
      12
    ]
  ]
}