{
  "transfersout": 0,
  "code": 56981,
  "eventtotal": 0,
  "lastseasonpoints": 0,
  "squadnumber": null,
  "transfersbalance": 0,
  "eventcost": 4.5,
  "indreamteam": false,
  "id": 32,
  "firstname": "Joe",
  "transfersoutevent": 0,
  "maxcost": 4.5,
  "eventexplain": [],
  "selected": 1247,
  "mincost": 4.5,
  "totalpoints": 28,
  "typename": "Defender",
  "teamname": "Aston Villa",
  "status": "a",
  "added": "2013-07-15T13:21:12 UTC+0000",
  "form": 0,
  "currentfixture": "",
  "pointspergame": 0,
  "transfersin": 0,
  "news": "",
  "originalcost": 4.5,
  "eventpoints": 0,
  "fixturehistory": {
    "all": [],
    "summary": []
  },
  "nextfixture": "Arsenal (A), Chelsea (A)",
  "transfersinevent": 0,
  "selectedby": "0.2",
  "teamid": 2,
  "secondname": "Bennett",
  "name": "Bennett",
  "cost": 4.5,
  

"seasonhistory": [
    [
      "2008/09",
      45,
      0,
      0,
      0,
      1,
      0,
      0,
      0,
      0,
      0,
      0,
      0,
      0,
      0,
      40,
      1
    ],
    [
      "2012/13",
      1856,
      0,
      2,
      0,
      46,
      0,
      0,
      0,
      2,
      1,
      0,
      0,
      163,
      0,
      44,
      28
    ]
  ]
}