{
  "transfersout": 0,
  "code": 50165,
  "eventtotal": 0,
  "lastseasonpoints": 0,
  "squadnumber": null,
  "transfersbalance": 0,
  "eventcost": 7,
  "indreamteam": false,
  "id": 320,
  "firstname": "Ricky",
  "transfersoutevent": 0,
  "maxcost": 7,
  "eventexplain": [],
  "selected": 44066,
  "mincost": 7,
  "totalpoints": 0,
  "typename": "Forward",
  "teamname": "Norwich",
  "status": "a",
  "added": "2013-07-15T13:21:16 UTC+0000",
  "form": 0,
  "currentfixture": "",
  "pointspergame": 0,
  "transfersin": 0,
  "news": "",
  "originalcost": 7,
  "eventpoints": 0,
  "fixturehistory": {
    "all": [],
    "summary": []
  },
  "nextfixture": "Everton (H)",
  "transfersinevent": 0,
  "selectedby": "5.7",
  "teamid": 13,
  "secondname": "van Wolfswinkel",
  "name": "van Wolfswinkel",
  "cost": 7,
  

"seasonhistory": []
}