{
  "transfersout": 0,
  "code": 3673,
  "eventtotal": 0,
  "lastseasonpoints": 0,
  "squadnumber": null,
  "transfersbalance": 0,
  "eventcost": 4,
  "indreamteam": false,
  "id": 321,
  "firstname": "Kelvin",
  "transfersoutevent": 0,
  "maxcost": 4,
  "eventexplain": [],
  "selected": 128223,
  "mincost": 4,
  "totalpoints": 31,
  "typename": "Goalkeeper",
  "teamname": "Southampton",
  "status": "a",
  "added": "2013-07-15T13:21:16 UTC+0000",
  "form": 0,
  "currentfixture": "",
  "pointspergame": 0,
  "transfersin": 0,
  "news": "",
  "originalcost": 4,
  "eventpoints": 0,
  "fixturehistory": {
    "all": [],
    "summary": []
  },
  "nextfixture": "West Brom (A)",
  "transfersinevent": 0,
  "selectedby": "16.5",
  "teamid": 14,
  "secondname": "Davis",
  "name": "Davis",
  "cost": 4,
  

"seasonhistory": [
    [
      "2012/13",
      855,
      0,
      0,
      1,
      20,
      0,
      2,
      0,
      0,
      0,
      28,
      0,
      75,
      0,
      41,
      31
    ]
  ]
}