{
  "transfersout": 0,
  "code": 102884,
  "eventtotal": 0,
  "lastseasonpoints": 0,
  "squadnumber": null,
  "transfersbalance": 0,
  "eventcost": 4,
  "indreamteam": false,
  "id": 322,
  "firstname": "Paulo",
  "transfersoutevent": 0,
  "maxcost": 4,
  "eventexplain": [],
  "selected": 19556,
  "mincost": 4,
  "totalpoints": 26,
  "typename": "Goalkeeper",
  "teamname": "Southampton",
  "status": "a",
  "added": "2013-07-15T13:21:16 UTC+0000",
  "form": 0,
  "currentfixture": "",
  "pointspergame": 0,
  "transfersin": 0,
  "news": "",
  "originalcost": 4,
  "eventpoints": 0,
  "fixturehistory": {
    "all": [],
    "summary": []
  },
  "nextfixture": "West Brom (A)",
  "transfersinevent": 0,
  "selectedby": "2.5",
  "teamid": 14,
  "secondname": "Gazzaniga",
  "name": "Gazzaniga",
  "cost": 4,
  

"seasonhistory": [
    [
      "2012/13",
      810,
      0,
      0,
      1,
      12,
      0,
      0,
      0,
      0,
      0,
      31,
      0,
      92,
      0,
      40,
      26
    ]
  ]
}