{
  "transfersout": 0,
  "code": 18726,
  "eventtotal": 0,
  "lastseasonpoints": 0,
  "squadnumber": null,
  "transfersbalance": 0,
  "eventcost": 4.5,
  "indreamteam": false,
  "id": 323,
  "firstname": "Artur",
  "transfersoutevent": 0,
  "maxcost": 4.5,
  "eventexplain": [],
  "selected": 80408,
  "mincost": 4.5,
  "totalpoints": 63,
  "typename": "Goalkeeper",
  "teamname": "Southampton",
  "status": "a",
  "added": "2013-07-15T13:21:16 UTC+0000",
  "form": 0,
  "currentfixture": "",
  "pointspergame": 0,
  "transfersin": 0,
  "news": "",
  "originalcost": 4.5,
  "eventpoints": 0,
  "fixturehistory": {
    "all": [],
    "summary": []
  },
  "nextfixture": "West Brom (A)",
  "transfersinevent": 0,
  "selectedby": "10.3",
  "teamid": 14,
  "secondname": "Boruc",
  "name": "Boruc",
  "cost": 4.5,
  

"seasonhistory": [
    [
      "2012/13",
      1755,
      0,
      0,
      5,
      28,
      0,
      1,
      0,
      1,
      0,
      46,
      2,
      191,
      0,
      45,
      63
    ]
  ]
}