{
  "transfersout": 0,
  "code": 18421,
  "eventtotal": 0,
  "lastseasonpoints": 0,
  "squadnumber": null,
  "transfersbalance": 0,
  "eventcost": 4.5,
  "indreamteam": false,
  "id": 324,
  "firstname": "Daniel",
  "transfersoutevent": 0,
  "maxcost": 4.5,
  "eventexplain": [],
  "selected": 1113,
  "mincost": 4.5,
  "totalpoints": 29,
  "typename": "Defender",
  "teamname": "Southampton",
  "status": "a",
  "added": "2013-07-15T13:21:16 UTC+0000",
  "form": 0,
  "currentfixture": "",
  "pointspergame": 0,
  "transfersin": 0,
  "news": "",
  "originalcost": 4.5,
  "eventpoints": 0,
  "fixturehistory": {
    "all": [],
    "summary": []
  },
  "nextfixture": "West Brom (A)",
  "transfersinevent": 0,
  "selectedby": "0.1",
  "teamid": 14,
  "secondname": "Fox",
  "name": "Fox",
  "cost": 4.5,
  

"seasonhistory": [
    [
      "2009/10",
      1147,
      1,
      1,
      0,
      33,
      0,
      0,
      0,
      3,
      0,
      0,
      3,
      0,
      0,
      40,
      22
    ],
    [
      "2012/13",
      1216,
      1,
      1,
      1,
      32,
      0,
      0,
      0,
      2,
      1,
      0,
      1,
      142,
      0,
      40,
      29
    ]
  ]
}