{
  "transfersout": 0,
  "code": 15976,
  "eventtotal": 0,
  "lastseasonpoints": 0,
  "squadnumber": null,
  "transfersbalance": 0,
  "eventcost": 4.5,
  "indreamteam": false,
  "id": 325,
  "firstname": "Jos",
  "transfersoutevent": 0,
  "maxcost": 4.5,
  "eventexplain": [],
  "selected": 1203,
  "mincost": 4.5,
  "totalpoints": 46,
  "typename": "Defender",
  "teamname": "Southampton",
  "status": "a",
  "added": "2013-07-15T13:21:16 UTC+0000",
  "form": 0,
  "currentfixture": "",
  "pointspergame": 0,
  "transfersin": 0,
  "news": "",
  "originalcost": 4.5,
  "eventpoints": 0,
  "fixturehistory": {
    "all": [],
    "summary": []
  },
  "nextfixture": "West Brom (A)",
  "transfersinevent": 0,
  "selectedby": "0.2",
  "teamid": 14,
  "secondname": "Hooiveld",
  "name": "Hooiveld",
  "cost": 4.5,
  

"seasonhistory": [
    [
      "2012/13",
      2031,
      0,
      0,
      5,
      37,
      3,
      0,
      0,
      5,
      0,
      0,
      3,
      202,
      0,
      40,
      46
    ]
  ]
}