{
  "transfersout": 0,
  "code": 38580,
  "eventtotal": 0,
  "lastseasonpoints": 0,
  "squadnumber": null,
  "transfersbalance": 0,
  "eventcost": 4.5,
  "indreamteam": false,
  "id": 326,
  "firstname": "Jose",
  "transfersoutevent": 0,
  "maxcost": 4.5,
  "eventexplain": [],
  "selected": 5669,
  "mincost": 4.5,
  "totalpoints": 68,
  "typename": "Defender",
  "teamname": "Southampton",
  "status": "a",
  "added": "2013-07-15T13:21:16 UTC+0000",
  "form": 0,
  "currentfixture": "",
  "pointspergame": 0,
  "transfersin": 0,
  "news": "",
  "originalcost": 4.5,
  "eventpoints": 0,
  "fixturehistory": {
    "all": [],
    "summary": []
  },
  "nextfixture": "West Brom (A)",
  "transfersinevent": 0,
  "selectedby": "0.7",
  "teamid": 14,
  "secondname": "Fonte",
  "name": "Fonte",
  "cost": 4.5,
  

"seasonhistory": [
    [
      "2012/13",
      2316,
      2,
      2,
      3,
      44,
      0,
      0,
      0,
      5,
      0,
      0,
      4,
      262,
      0,
      40,
      68
    ]
  ]
}