{
  "transfersout": 0,
  "code": 57328,
  "eventtotal": 0,
  "lastseasonpoints": 0,
  "squadnumber": null,
  "transfersbalance": 0,
  "eventcost": 4.5,
  "indreamteam": false,
  "id": 327,
  "firstname": "Nathaniel",
  "transfersoutevent": 0,
  "maxcost": 4.5,
  "eventexplain": [],
  "selected": 71251,
  "mincost": 4.5,
  "totalpoints": 89,
  "typename": "Defender",
  "teamname": "Southampton",
  "status": "a",
  "added": "2013-07-15T13:21:16 UTC+0000",
  "form": 0,
  "currentfixture": "",
  "pointspergame": 0,
  "transfersin": 0,
  "news": "",
  "originalcost": 4.5,
  "eventpoints": 0,
  "fixturehistory": {
    "all": [],
    "summary": []
  },
  "nextfixture": "West Brom (A)",
  "transfersinevent": 0,
  "selectedby": "9.1",
  "teamid": 14,
  "secondname": "Clyne",
  "name": "Clyne",
  "cost": 4.5,
  

"seasonhistory": [
    [
      "2012/13",
      3019,
      1,
      3,
      6,
      53,
      1,
      0,
      0,
      2,
      0,
      0,
      4,
      386,
      0,
      41,
      89
    ]
  ]
}