{
  "transfersout": 0,
  "code": 106760,
  "eventtotal": 0,
  "lastseasonpoints": 0,
  "squadnumber": null,
  "transfersbalance": 0,
  "eventcost": 4.5,
  "indreamteam": false,
  "id": 328,
  "firstname": "Luke",
  "transfersoutevent": 0,
  "maxcost": 4.5,
  "eventexplain": [],
  "selected": 53801,
  "mincost": 4.5,
  "totalpoints": 66,
  "typename": "Defender",
  "teamname": "Southampton",
  "status": "a",
  "added": "2013-07-15T13:21:16 UTC+0000",
  "form": 0,
  "currentfixture": "",
  "pointspergame": 0,
  "transfersin": 0,
  "news": "",
  "originalcost": 4.5,
  "eventpoints": 0,
  "fixturehistory": {
    "all": [],
    "summary": []
  },
  "nextfixture": "West Brom (A)",
  "transfersinevent": 0,
  "selectedby": "6.9",
  "teamid": 14,
  "secondname": "Shaw",
  "name": "Shaw",
  "cost": 4.5,
  

"seasonhistory": [
    [
      "2012/13",
      1949,
      0,
      0,
      6,
      21,
      0,
      0,
      0,
      2,
      0,
      0,
      2,
      251,
      0,
      40,
      66
    ]
  ]
}