{
  "transfersout": 0,
  "code": 80447,
  "eventtotal": 0,
  "lastseasonpoints": 0,
  "squadnumber": null,
  "transfersbalance": 0,
  "eventcost": 4.5,
  "indreamteam": false,
  "id": 329,
  "firstname": "Maya",
  "transfersoutevent": 0,
  "maxcost": 4.5,
  "eventexplain": [],
  "selected": 4406,
  "mincost": 4.5,
  "totalpoints": 74,
  "typename": "Defender",
  "teamname": "Southampton",
  "status": "a",
  "added": "2013-07-15T13:21:16 UTC+0000",
  "form": 0,
  "currentfixture": "",
  "pointspergame": 0,
  "transfersin": 0,
  "news": "",
  "originalcost": 4.5,
  "eventpoints": 0,
  "fixturehistory": {
    "all": [],
    "summary": []
  },
  "nextfixture": "West Brom (A)",
  "transfersinevent": 0,
  "selectedby": "0.6",
  "teamid": 14,
  "secondname": "Yoshida",
  "name": "Yoshida",
  "cost": 4.5,
  

"seasonhistory": [
    [
      "2012/13",
      2853,
      0,
      0,
      7,
      48,
      0,
      0,
      0,
      2,
      0,
      0,
      0,
      293,
      0,
      45,
      74
    ]
  ]
}