{
  "transfersout": 0,
  "code": 40145,
  "eventtotal": 0,
  "lastseasonpoints": 0,
  "squadnumber": null,
  "transfersbalance": 0,
  "eventcost": 4.5,
  "indreamteam": false,
  "id": 331,
  "firstname": "Jack",
  "transfersoutevent": 0,
  "maxcost": 4.5,
  "eventexplain": [],
  "selected": 15005,
  "mincost": 4.5,
  "totalpoints": 67,
  "typename": "Midfielder",
  "teamname": "Southampton",
  "status": "a",
  "added": "2013-07-15T13:21:16 UTC+0000",
  "form": 0,
  "currentfixture": "",
  "pointspergame": 0,
  "transfersin": 0,
  "news": "",
  "originalcost": 4.5,
  "eventpoints": 0,
  "fixturehistory": {
    "all": [],
    "summary": []
  },
  "nextfixture": "West Brom (A)",
  "transfersinevent": 0,
  "selectedby": "1.9",
  "teamid": 14,
  "secondname": "Cork",
  "name": "Cork",
  "cost": 4.5,
  

"seasonhistory": [
    [
      "2009/10",
      773,
      1,
      3,
      0,
      22,
      0,
      0,
      0,
      1,
      0,
      0,
      0,
      0,
      0,
      40,
      24
    ],
    [
      "2012/13",
      2426,
      0,
      1,
      7,
      30,
      0,
      0,
      0,
      1,
      0,
      0,
      3,
      287,
      0,
      44,
      67
    ]
  ]
}