{
  "transfersout": 0,
  "code": 17291,
  "eventtotal": 0,
  "lastseasonpoints": 0,
  "squadnumber": null,
  "transfersbalance": 0,
  "eventcost": 4.5,
  "indreamteam": false,
  "id": 332,
  "firstname": "Guly",
  "transfersoutevent": 0,
  "maxcost": 4.5,
  "eventexplain": [],
  "selected": 860,
  "mincost": 4.5,
  "totalpoints": 32,
  "typename": "Midfielder",
  "teamname": "Southampton",
  "status": "a",
  "added": "2013-07-15T13:21:16 UTC+0000",
  "form": 0,
  "currentfixture": "",
  "pointspergame": 0,
  "transfersin": 0,
  "news": "",
  "originalcost": 4.5,
  "eventpoints": 0,
  "fixturehistory": {
    "all": [],
    "summary": []
  },
  "nextfixture": "West Brom (A)",
  "transfersinevent": 0,
  "selectedby": "0.1",
  "teamid": 14,
  "secondname": "Do Prado",
  "name": "Guly",
  "cost": 4.5,
  

"seasonhistory": [
    [
      "2012/13",
      764,
      0,
      2,
      2,
      19,
      1,
      0,
      0,
      0,
      0,
      0,
      0,
      54,
      0,
      47,
      32
    ]
  ]
}