{
  "transfersout": 0,
  "code": 39155,
  "eventtotal": 0,
  "lastseasonpoints": 0,
  "squadnumber": null,
  "transfersbalance": 0,
  "eventcost": 6,
  "indreamteam": false,
  "id": 333,
  "firstname": "Adam",
  "transfersoutevent": 0,
  "maxcost": 6,
  "eventexplain": [],
  "selected": 9479,
  "mincost": 6,
  "totalpoints": 93,
  "typename": "Midfielder",
  "teamname": "Southampton",
  "status": "a",
  "added": "2013-07-15T13:21:16 UTC+0000",
  "form": 0,
  "currentfixture": "",
  "pointspergame": 0,
  "transfersin": 0,
  "news": "",
  "originalcost": 6,
  "eventpoints": 0,
  "fixturehistory": {
    "all": [],
    "summary": []
  },
  "nextfixture": "West Brom (A)",
  "transfersinevent": 0,
  "selectedby": "1.2",
  "teamid": 14,
  "secondname": "Lallana",
  "name": "Lallana",
  "cost": 6,
  

"seasonhistory": [
    [
      "2012/13",
      2230,
      3,
      5,
      4,
      42,
      0,
      0,
      0,
      2,
      0,
      0,
      7,
      270,
      0,
      56,
      93
    ]
  ]
}