{
  "transfersout": 0,
  "code": 42774,
  "eventtotal": 0,
  "lastseasonpoints": 0,
  "squadnumber": null,
  "transfersbalance": 0,
  "eventcost": 5.5,
  "indreamteam": false,
  "id": 334,
  "firstname": "Morgan",
  "transfersoutevent": 0,
  "maxcost": 5.5,
  "eventexplain": [],
  "selected": 31017,
  "mincost": 5.5,
  "totalpoints": 108,
  "typename": "Midfielder",
  "teamname": "Southampton",
  "status": "a",
  "added": "2013-07-15T13:21:16 UTC+0000",
  "form": 0,
  "currentfixture": "",
  "pointspergame": 0,
  "transfersin": 0,
  "news": "",
  "originalcost": 5.5,
  "eventpoints": 0,
  "fixturehistory": {
    "all": [],
    "summary": []
  },
  "nextfixture": "West Brom (A)",
  "transfersinevent": 0,
  "selectedby": "4.0",
  "teamid": 14,
  "secondname": "Schneiderlin",
  "name": "Schneiderlin",
  "cost": 5.5,
  

"seasonhistory": [
    [
      "2012/13",
      3208,
      5,
      1,
      7,
      56,
      0,
      0,
      0,
      9,
      0,
      0,
      11,
      374,
      0,
      48,
      108
    ]
  ]
}