{
  "transfersout": 0,
  "code": 19197,
  "eventtotal": 0,
  "lastseasonpoints": 0,
  "squadnumber": null,
  "transfersbalance": 0,
  "eventcost": 5.5,
  "indreamteam": false,
  "id": 335,
  "firstname": "Jason",
  "transfersoutevent": 0,
  "maxcost": 5.5,
  "eventexplain": [],
  "selected": 35508,
  "mincost": 5.5,
  "totalpoints": 110,
  "typename": "Midfielder",
  "teamname": "Southampton",
  "status": "a",
  "added": "2013-07-15T13:21:16 UTC+0000",
  "form": 0,
  "currentfixture": "",
  "pointspergame": 0,
  "transfersin": 0,
  "news": "",
  "originalcost": 5.5,
  "eventpoints": 0,
  "fixturehistory": {
    "all": [],
    "summary": []
  },
  "nextfixture": "West Brom (A)",
  "transfersinevent": 0,
  "selectedby": "4.6",
  "teamid": 14,
  "secondname": "Puncheon",
  "name": "Puncheon",
  "cost": 5.5,
  

"seasonhistory": [
    [
      "2010/11",
      647,
      3,
      0,
      0,
      19,
      0,
      0,
      0,
      0,
      0,
      0,
      0,
      0,
      0,
      50,
      32
    ],
    [
      "2011/12",
      18,
      0,
      0,
      0,
      0,
      0,
      0,
      0,
      0,
      0,
      0,
      0,
      1,
      0,
      48,
      2
    ],
    [
      "2012/13",
      2057,
      5,
      6,
      5,
      34,
      0,
      0,
      0,
      1,
      0,
      0,
      8,
      279,
      0,
      47,
      110
    ]
  ]
}