{
  "transfersout": 0,
  "code": 17339,
  "eventtotal": 0,
  "lastseasonpoints": 0,
  "squadnumber": null,
  "transfersbalance": 0,
  "eventcost": 5,
  "indreamteam": false,
  "id": 337,
  "firstname": "Steven",
  "transfersoutevent": 0,
  "maxcost": 5,
  "eventexplain": [],
  "selected": 1622,
  "mincost": 5,
  "totalpoints": 75,
  "typename": "Midfielder",
  "teamname": "Southampton",
  "status": "a",
  "added": "2013-07-15T13:21:16 UTC+0000",
  "form": 0,
  "currentfixture": "",
  "pointspergame": 0,
  "transfersin": 0,
  "news": "",
  "originalcost": 5,
  "eventpoints": 0,
  "fixturehistory": {
    "all": [],
    "summary": []
  },
  "nextfixture": "West Brom (A)",
  "transfersinevent": 0,
  "selectedby": "0.2",
  "teamid": 14,
  "secondname": "Davis",
  "name": "Davis",
  "cost": 5,
  

"seasonhistory": [
    [
      "2006/07",
      1652,
      0,
      1,
      0,
      19,
      0,
      0,
      0,
      1,
      0,
      0,
      0,
      0,
      0,
      57,
      53
    ],
    [
      "2007/08",
      1843,
      0,
      0,
      0,
      34,
      0,
      0,
      0,
      2,
      0,
      0,
      0,
      0,
      0,
      49,
      43
    ],
    [
      "2012/13",
      2069,
      2,
      2,
      2,
      40,
      0,
      0,
      0,
      1,
      0,
      0,
      5,
      251,
      0,
      45,
      75
    ]
  ]
}