{
  "transfersout": 0,
  "code": 101178,
  "eventtotal": 0,
  "lastseasonpoints": 0,
  "squadnumber": null,
  "transfersbalance": 0,
  "eventcost": 4.5,
  "indreamteam": false,
  "id": 338,
  "firstname": "James",
  "transfersoutevent": 0,
  "maxcost": 4.5,
  "eventexplain": [],
  "selected": 1026,
  "mincost": 4.5,
  "totalpoints": 22,
  "typename": "Midfielder",
  "teamname": "Southampton",
  "status": "a",
  "added": "2013-07-15T13:21:16 UTC+0000",
  "form": 0,
  "currentfixture": "",
  "pointspergame": 0,
  "transfersin": 0,
  "news": "",
  "originalcost": 4.5,
  "eventpoints": 0,
  "fixturehistory": {
    "all": [],
    "summary": []
  },
  "nextfixture": "West Brom (A)",
  "transfersinevent": 0,
  "selectedby": "0.1",
  "teamid": 14,
  "secondname": "Ward-Prowse",
  "name": "Ward-Prowse",
  "cost": 4.5,
  

"seasonhistory": [
    [
      "2012/13",
      493,
      0,
      1,
      0,
      16,
      0,
      0,
      0,
      0,
      0,
      0,
      0,
      28,
      0,
      43,
      22
    ]
  ]
}