{
  "transfersout": 0,
  "code": 78091,
  "eventtotal": 0,
  "lastseasonpoints": 0,
  "squadnumber": null,
  "transfersbalance": 0,
  "eventcost": 6,
  "indreamteam": false,
  "id": 339,
  "firstname": "Gaston",
  "transfersoutevent": 0,
  "maxcost": 6,
  "eventexplain": [],
  "selected": 14979,
  "mincost": 6,
  "totalpoints": 88,
  "typename": "Midfielder",
  "teamname": "Southampton",
  "status": "a",
  "added": "2013-07-15T13:21:16 UTC+0000",
  "form": 0,
  "currentfixture": "",
  "pointspergame": 0,
  "transfersin": 0,
  "news": "",
  "originalcost": 6,
  "eventpoints": 0,
  "fixturehistory": {
    "all": [],
    "summary": []
  },
  "nextfixture": "West Brom (A)",
  "transfersinevent": 0,
  "selectedby": "1.9",
  "teamid": 14,
  "secondname": "Ramirez",
  "name": "Ramirez",
  "cost": 6,
  

"seasonhistory": [
    [
      "2012/13",
      1679,
      5,
      4,
      5,
      25,
      0,
      0,
      0,
      2,
      1,
      0,
      8,
      222,
      0,
      52,
      88
    ]
  ]
}