{
  "transfersout": 0,
  "code": 11037,
  "eventtotal": 0,
  "lastseasonpoints": 0,
  "squadnumber": null,
  "transfersbalance": 0,
  "eventcost": 7.5,
  "indreamteam": false,
  "id": 342,
  "firstname": "Rickie",
  "transfersoutevent": 0,
  "maxcost": 7.5,
  "eventexplain": [],
  "selected": 134618,
  "mincost": 7.5,
  "totalpoints": 187,
  "typename": "Forward",
  "teamname": "Southampton",
  "status": "a",
  "added": "2013-07-15T13:21:16 UTC+0000",
  "form": 0,
  "currentfixture": "",
  "pointspergame": 0,
  "transfersin": 0,
  "news": "",
  "originalcost": 7.5,
  "eventpoints": 0,
  "fixturehistory": {
    "all": [],
    "summary": []
  },
  "nextfixture": "West Brom (A)",
  "transfersinevent": 0,
  "selectedby": "17.3",
  "teamid": 14,
  "secondname": "Lambert",
  "name": "Lambert",
  "cost": 7.5,
  

"seasonhistory": [
    [
      "2012/13",
      3126,
      15,
      8,
      8,
      50,
      0,
      0,
      0,
      2,
      0,
      0,
      32,
      510,
      0,
      68,
      187
    ]
  ]
}