{
  "transfersout": 0,
  "code": 44683,
  "eventtotal": 0,
  "lastseasonpoints": 0,
  "squadnumber": null,
  "transfersbalance": 0,
  "eventcost": 6,
  "indreamteam": false,
  "id": 343,
  "firstname": "Jay",
  "transfersoutevent": 0,
  "maxcost": 6,
  "eventexplain": [],
  "selected": 25904,
  "mincost": 6,
  "totalpoints": 108,
  "typename": "Forward",
  "teamname": "Southampton",
  "status": "a",
  "added": "2013-07-15T13:21:16 UTC+0000",
  "form": 0,
  "currentfixture": "",
  "pointspergame": 0,
  "transfersin": 0,
  "news": "",
  "originalcost": 6,
  "eventpoints": 0,
  "fixturehistory": {
    "all": [],
    "summary": []
  },
  "nextfixture": "West Brom (A)",
  "transfersinevent": 0,
  "selectedby": "3.3",
  "teamid": 14,
  "secondname": "Rodriguez",
  "name": "Rodriguez",
  "cost": 6,
  

"seasonhistory": [
    [
      "2009/10",
      0,
      0,
      0,
      0,
      0,
      0,
      0,
      0,
      0,
      0,
      0,
      0,
      0,
      0,
      42,
      0
    ],
    [
      "2012/13",
      2180,
      6,
      8,
      5,
      39,
      0,
      0,
      0,
      4,
      0,
      0,
      7,
      249,
      0,
      52,
      108
    ]
  ]
}