{
  "transfersout": 0,
  "code": 49596,
  "eventtotal": 0,
  "lastseasonpoints": 0,
  "squadnumber": null,
  "transfersbalance": 0,
  "eventcost": 5,
  "indreamteam": false,
  "id": 344,
  "firstname": "Emmanuel",
  "transfersoutevent": 0,
  "maxcost": 5,
  "eventexplain": [],
  "selected": 1144,
  "mincost": 5,
  "totalpoints": 14,
  "typename": "Forward",
  "teamname": "Southampton",
  "status": "a",
  "added": "2013-07-15T13:21:16 UTC+0000",
  "form": 0,
  "currentfixture": "",
  "pointspergame": 0,
  "transfersin": 0,
  "news": "",
  "originalcost": 5,
  "eventpoints": 0,
  "fixturehistory": {
    "all": [],
    "summary": []
  },
  "nextfixture": "West Brom (A)",
  "transfersinevent": 0,
  "selectedby": "0.1",
  "teamid": 14,
  "secondname": "Mayuka",
  "name": "Mayuka",
  "cost": 5,
  

"seasonhistory": [
    [
      "2012/13",
      233,
      0,
      1,
      0,
      7,
      0,
      0,
      0,
      0,
      0,
      0,
      0,
      23,
      0,
      48,
      14
    ]
  ]
}