{
  "transfersout": 0,
  "code": 40349,
  "eventtotal": 0,
  "lastseasonpoints": 0,
  "squadnumber": null,
  "transfersbalance": 0,
  "eventcost": 5.5,
  "indreamteam": false,
  "id": 345,
  "firstname": "Asmir",
  "transfersoutevent": 0,
  "maxcost": 5.5,
  "eventexplain": [],
  "selected": 100224,
  "mincost": 5.5,
  "totalpoints": 144,
  "typename": "Goalkeeper",
  "teamname": "Stoke City",
  "status": "a",
  "added": "2013-07-15T13:21:16 UTC+0000",
  "form": 0,
  "currentfixture": "",
  "pointspergame": 0,
  "transfersin": 0,
  "news": "",
  "originalcost": 5.5,
  "eventpoints": 0,
  "fixturehistory": {
    "all": [],
    "summary": []
  },
  "nextfixture": "Liverpool (A)",
  "transfersinevent": 0,
  "selectedby": "12.9",
  "teamid": 15,
  "secondname": "Begovic",
  "name": "Begovic",
  "cost": 5.5,
  

"seasonhistory": [
    [
      "2007/08",
      0,
      0,
      0,
      0,
      0,
      0,
      0,
      0,
      0,
      0,
      0,
      0,
      0,
      0,
      39,
      0
    ],
    [
      "2008/09",
      180,
      0,
      0,
      0,
      2,
      0,
      0,
      0,
      0,
      0,
      12,
      0,
      0,
      0,
      40,
      8
    ],
    [
      "2009/10",
      1062,
      0,
      0,
      0,
      23,
      0,
      0,
      0,
      0,
      0,
      41,
      0,
      0,
      0,
      40,
      41
    ],
    [
      "2010/11",
      2520,
      0,
      0,
      8,
      32,
      0,
      1,
      0,
      3,
      0,
      97,
      5,
      0,
      0,
      44,
      108
    ],
    [
      "2011/12",
      1998,
      0,
      0,
      6,
      31,
      0,
      0,
      0,
      0,
      0,
      84,
      5,
      239,
      0,
      45,
      87
    ],
    [
      "2012/13",
      3420,
      0,
      0,
      12,
      45,
      0,
      0,
      0,
      3,
      0,
      117,
      8,
      379,
      0,
      56,
      144
    ]
  ]
}