{
  "transfersout": 0,
  "code": 1945,
  "eventtotal": 0,
  "lastseasonpoints": 0,
  "squadnumber": null,
  "transfersbalance": 0,
  "eventcost": 4.5,
  "indreamteam": false,
  "id": 346,
  "firstname": "Thomas",
  "transfersoutevent": 0,
  "maxcost": 4.5,
  "eventexplain": [],
  "selected": 2946,
  "mincost": 4.5,
  "totalpoints": 0,
  "typename": "Goalkeeper",
  "teamname": "Stoke City",
  "status": "a",
  "added": "2013-07-15T13:21:16 UTC+0000",
  "form": 0,
  "currentfixture": "",
  "pointspergame": 0,
  "transfersin": 0,
  "news": "",
  "originalcost": 4.5,
  "eventpoints": 0,
  "fixturehistory": {
    "all": [],
    "summary": []
  },
  "nextfixture": "Liverpool (A)",
  "transfersinevent": 0,
  "selectedby": "0.4",
  "teamid": 15,
  "secondname": "Sorensen",
  "name": "Sorensen",
  "cost": 4.5,
  

"seasonhistory": [
    [
      "2006/07",
      2544,
      0,
      0,
      0,
      24,
      0,
      0,
      0,
      0,
      0,
      71,
      5,
      0,
      0,
      44,
      119
    ],
    [
      "2007/08",
      0,
      0,
      0,
      0,
      0,
      0,
      0,
      0,
      0,
      0,
      0,
      0,
      0,
      0,
      41,
      0
    ],
    [
      "2008/09",
      3150,
      0,
      0,
      0,
      46,
      0,
      0,
      0,
      0,
      0,
      120,
      10,
      0,
      0,
      42,
      143
    ],
    [
      "2009/10",
      2864,
      0,
      0,
      0,
      35,
      0,
      3,
      0,
      0,
      0,
      111,
      5,
      0,
      0,
      44,
      145
    ],
    [
      "2010/11",
      900,
      0,
      0,
      1,
      16,
      0,
      1,
      0,
      0,
      0,
      25,
      0,
      0,
      0,
      42,
      27
    ],
    [
      "2011/12",
      1422,
      0,
      0,
      3,
      22,
      1,
      0,
      0,
      1,
      0,
      49,
      2,
      158,
      0,
      40,
      47
    ],
    [
      "2012/13",
      0,
      0,
      0,
      0,
      0,
      0,
      0,
      0,
      0,
      0,
      0,
      0,
      0,
      0,
      42,
      0
    ]
  ]
}