{
  "transfersout": 0,
  "code": 19714,
  "eventtotal": 0,
  "lastseasonpoints": 0,
  "squadnumber": null,
  "transfersbalance": 0,
  "eventcost": 4.5,
  "indreamteam": false,
  "id": 347,
  "firstname": "Andy",
  "transfersoutevent": 0,
  "maxcost": 4.5,
  "eventexplain": [],
  "selected": 2129,
  "mincost": 4.5,
  "totalpoints": 47,
  "typename": "Defender",
  "teamname": "Stoke City",
  "status": "a",
  "added": "2013-07-15T13:21:16 UTC+0000",
  "form": 0,
  "currentfixture": "",
  "pointspergame": 0,
  "transfersin": 0,
  "news": "",
  "originalcost": 4.5,
  "eventpoints": 0,
  "fixturehistory": {
    "all": [],
    "summary": []
  },
  "nextfixture": "Liverpool (A)",
  "transfersinevent": 0,
  "selectedby": "0.3",
  "teamid": 15,
  "secondname": "Wilkinson",
  "name": "Wilkinson",
  "cost": 4.5,
  

"seasonhistory": [
    [
      "2008/09",
      1575,
      0,
      0,
      0,
      26,
      0,
      0,
      0,
      6,
      1,
      0,
      0,
      0,
      0,
      38,
      44
    ],
    [
      "2009/10",
      2038,
      0,
      0,
      0,
      27,
      0,
      0,
      0,
      5,
      1,
      0,
      2,
      0,
      0,
      38,
      76
    ],
    [
      "2010/11",
      1746,
      0,
      1,
      7,
      22,
      0,
      0,
      0,
      4,
      0,
      0,
      1,
      0,
      0,
      42,
      62
    ],
    [
      "2011/12",
      1709,
      0,
      0,
      2,
      32,
      0,
      0,
      0,
      5,
      0,
      0,
      0,
      157,
      0,
      39,
      35
    ],
    [
      "2012/13",
      1728,
      0,
      0,
      4,
      25,
      1,
      0,
      0,
      6,
      0,
      0,
      3,
      146,
      0,
      40,
      47
    ]
  ]
}