{
  "transfersout": 0,
  "code": 37869,
  "eventtotal": 0,
  "lastseasonpoints": 0,
  "squadnumber": null,
  "transfersbalance": 0,
  "eventcost": 5.5,
  "indreamteam": false,
  "id": 348,
  "firstname": "Ryan",
  "transfersoutevent": 0,
  "maxcost": 5.5,
  "eventexplain": [],
  "selected": 95651,
  "mincost": 5.5,
  "totalpoints": 123,
  "typename": "Defender",
  "teamname": "Stoke City",
  "status": "a",
  "added": "2013-07-15T13:21:16 UTC+0000",
  "form": 0,
  "currentfixture": "",
  "pointspergame": 0,
  "transfersin": 0,
  "news": "",
  "originalcost": 5.5,
  "eventpoints": 0,
  "fixturehistory": {
    "all": [],
    "summary": []
  },
  "nextfixture": "Liverpool (A)",
  "transfersinevent": 0,
  "selectedby": "12.3",
  "teamid": 15,
  "secondname": "Shawcross",
  "name": "Shawcross",
  "cost": 5.5,
  

"seasonhistory": [
    [
      "2008/09",
      2452,
      3,
      1,
      0,
      38,
      0,
      0,
      0,
      4,
      0,
      0,
      10,
      0,
      0,
      43,
      110
    ],
    [
      "2009/10",
      2447,
      2,
      3,
      0,
      38,
      0,
      0,
      0,
      8,
      1,
      0,
      21,
      0,
      0,
      52,
      108
    ],
    [
      "2010/11",
      3196,
      1,
      0,
      9,
      44,
      0,
      0,
      0,
      7,
      2,
      0,
      6,
      0,
      0,
      47,
      92
    ],
    [
      "2011/12",
      3168,
      2,
      2,
      9,
      43,
      0,
      0,
      0,
      8,
      0,
      0,
      13,
      381,
      0,
      53,
      118
    ],
    [
      "2012/13",
      3330,
      1,
      1,
      12,
      42,
      1,
      0,
      0,
      9,
      0,
      0,
      15,
      406,
      0,
      56,
      123
    ]
  ]
}