{
  "transfersout": 0,
  "code": 12413,
  "eventtotal": 0,
  "lastseasonpoints": 0,
  "squadnumber": null,
  "transfersbalance": 0,
  "eventcost": 5.5,
  "indreamteam": false,
  "id": 349,
  "firstname": "Robert",
  "transfersoutevent": 0,
  "maxcost": 5.5,
  "eventexplain": [],
  "selected": 18967,
  "mincost": 5.5,
  "totalpoints": 112,
  "typename": "Defender",
  "teamname": "Stoke City",
  "status": "a",
  "added": "2013-07-15T13:21:16 UTC+0000",
  "form": 0,
  "currentfixture": "",
  "pointspergame": 0,
  "transfersin": 0,
  "news": "",
  "originalcost": 5.5,
  "eventpoints": 0,
  "fixturehistory": {
    "all": [],
    "summary": []
  },
  "nextfixture": "Liverpool (A)",
  "transfersinevent": 0,
  "selectedby": "2.4",
  "teamid": 15,
  "secondname": "Huth",
  "name": "Huth",
  "cost": 5.5,
  

"seasonhistory": [
    [
      "2006/07",
      795,
      1,
      0,
      0,
      11,
      0,
      0,
      0,
      3,
      0,
      0,
      3,
      0,
      0,
      53,
      22
    ],
    [
      "2007/08",
      923,
      1,
      0,
      0,
      10,
      0,
      0,
      0,
      3,
      0,
      0,
      9,
      0,
      0,
      46,
      45
    ],
    [
      "2008/09",
      2074,
      0,
      0,
      0,
      36,
      0,
      0,
      0,
      4,
      0,
      0,
      5,
      0,
      0,
      43,
      51
    ],
    [
      "2009/10",
      2744,
      3,
      1,
      0,
      39,
      0,
      0,
      0,
      6,
      0,
      1,
      2,
      0,
      0,
      46,
      105
    ],
    [
      "2010/11",
      3110,
      6,
      3,
      8,
      43,
      0,
      0,
      0,
      7,
      0,
      0,
      14,
      0,
      0,
      59,
      138
    ],
    [
      "2011/12",
      2833,
      3,
      1,
      7,
      44,
      0,
      0,
      0,
      5,
      1,
      0,
      8,
      286,
      0,
      56,
      101
    ],
    [
      "2012/13",
      3150,
      1,
      0,
      11,
      42,
      0,
      0,
      0,
      5,
      0,
      0,
      9,
      336,
      0,
      55,
      112
    ]
  ]
}