{
  "transfersout": 0,
  "code": 59013,
  "eventtotal": 0,
  "lastseasonpoints": 0,
  "squadnumber": null,
  "transfersbalance": 0,
  "eventcost": 5,
  "indreamteam": false,
  "id": 35,
  "firstname": "Barry",
  "transfersoutevent": 0,
  "maxcost": 5,
  "eventexplain": [],
  "selected": 2655,
  "mincost": 5,
  "totalpoints": 61,
  "typename": "Midfielder",
  "teamname": "Aston Villa",
  "status": "a",
  "added": "2013-07-15T13:21:12 UTC+0000",
  "form": 0,
  "currentfixture": "",
  "pointspergame": 0,
  "transfersin": 0,
  "news": "",
  "originalcost": 5,
  "eventpoints": 0,
  "fixturehistory": {
    "all": [],
    "summary": []
  },
  "nextfixture": "Arsenal (A), Chelsea (A)",
  "transfersinevent": 0,
  "selectedby": "0.3",
  "teamid": 2,
  "secondname": "Bannan",
  "name": "Bannan",
  "cost": 5,
  

"seasonhistory": [
    [
      "2010/11",
      640,
      0,
      1,
      1,
      14,
      0,
      0,
      0,
      1,
      0,
      0,
      0,
      0,
      0,
      44,
      21
    ],
    [
      "2011/12",
      1261,
      1,
      3,
      3,
      20,
      0,
      0,
      0,
      2,
      0,
      0,
      5,
      136,
      0,
      44,
      59
    ],
    [
      "2012/13",
      1625,
      0,
      3,
      6,
      34,
      0,
      0,
      0,
      3,
      0,
      0,
      7,
      211,
      0,
      46,
      61
    ]
  ]
}