{
  "transfersout": 0,
  "code": 32318,
  "eventtotal": 0,
  "lastseasonpoints": 0,
  "squadnumber": null,
  "transfersbalance": 0,
  "eventcost": 4.5,
  "indreamteam": false,
  "id": 350,
  "firstname": "Marc",
  "transfersoutevent": 0,
  "maxcost": 4.5,
  "eventexplain": [],
  "selected": 2371,
  "mincost": 4.5,
  "totalpoints": 46,
  "typename": "Defender",
  "teamname": "Stoke City",
  "status": "a",
  "added": "2013-07-15T13:21:16 UTC+0000",
  "form": 0,
  "currentfixture": "",
  "pointspergame": 0,
  "transfersin": 0,
  "news": "",
  "originalcost": 4.5,
  "eventpoints": 0,
  "fixturehistory": {
    "all": [],
    "summary": []
  },
  "nextfixture": "Liverpool (A)",
  "transfersinevent": 0,
  "selectedby": "0.3",
  "teamid": 15,
  "secondname": "Wilson",
  "name": "Wilson",
  "cost": 4.5,
  

"seasonhistory": [
    [
      "2007/08",
      0,
      0,
      0,
      0,
      0,
      0,
      0,
      0,
      0,
      0,
      0,
      0,
      0,
      0,
      42,
      0
    ],
    [
      "2008/09",
      183,
      0,
      0,
      0,
      5,
      0,
      0,
      0,
      1,
      0,
      0,
      0,
      0,
      0,
      39,
      2
    ],
    [
      "2009/10",
      2408,
      0,
      1,
      0,
      48,
      1,
      0,
      0,
      2,
      0,
      0,
      5,
      0,
      0,
      40,
      62
    ],
    [
      "2010/11",
      1855,
      1,
      1,
      4,
      28,
      0,
      0,
      0,
      7,
      0,
      0,
      2,
      0,
      0,
      45,
      56
    ],
    [
      "2011/12",
      2902,
      0,
      1,
      8,
      39,
      0,
      0,
      0,
      8,
      0,
      0,
      0,
      253,
      0,
      50,
      68
    ],
    [
      "2012/13",
      1488,
      0,
      0,
      5,
      17,
      0,
      0,
      0,
      3,
      0,
      0,
      0,
      63,
      0,
      39,
      46
    ]
  ]
}