{
  "transfersout": 0,
  "code": 50089,
  "eventtotal": 0,
  "lastseasonpoints": 0,
  "squadnumber": null,
  "transfersbalance": 0,
  "eventcost": 5,
  "indreamteam": false,
  "id": 351,
  "firstname": "Geoff",
  "transfersoutevent": 0,
  "maxcost": 5,
  "eventexplain": [],
  "selected": 3354,
  "mincost": 5,
  "totalpoints": 92,
  "typename": "Defender",
  "teamname": "Stoke City",
  "status": "a",
  "added": "2013-07-15T13:21:16 UTC+0000",
  "form": 0,
  "currentfixture": "",
  "pointspergame": 0,
  "transfersin": 0,
  "news": "",
  "originalcost": 5,
  "eventpoints": 0,
  "fixturehistory": {
    "all": [],
    "summary": []
  },
  "nextfixture": "Liverpool (A)",
  "transfersinevent": 0,
  "selectedby": "0.4",
  "teamid": 15,
  "secondname": "Cameron",
  "name": "Cameron",
  "cost": 5,
  

"seasonhistory": [
    [
      "2012/13",
      2637,
      0,
      1,
      10,
      37,
      0,
      0,
      0,
      5,
      0,
      0,
      2,
      249,
      0,
      43,
      92
    ]
  ]
}