{
  "transfersout": 0,
  "code": 61595,
  "eventtotal": 0,
  "lastseasonpoints": 0,
  "squadnumber": null,
  "transfersbalance": 0,
  "eventcost": 5,
  "indreamteam": false,
  "id": 353,
  "firstname": "Marc",
  "transfersoutevent": 0,
  "maxcost": 5,
  "eventexplain": [],
  "selected": 3832,
  "mincost": 5,
  "totalpoints": 0,
  "typename": "Defender",
  "teamname": "Stoke City",
  "status": "a",
  "added": "2013-07-15T13:21:16 UTC+0000",
  "form": 0,
  "currentfixture": "",
  "pointspergame": 0,
  "transfersin": 0,
  "news": "",
  "originalcost": 5,
  "eventpoints": 0,
  "fixturehistory": {
    "all": [],
    "summary": []
  },
  "nextfixture": "Liverpool (A)",
  "transfersinevent": 0,
  "selectedby": "0.5",
  "teamid": 15,
  "secondname": "Muniesa",
  "name": "Muniesa",
  "cost": 5,
  

"seasonhistory": []
}