{
  "transfersout": 0,
  "code": 20208,
  "eventtotal": 0,
  "lastseasonpoints": 0,
  "squadnumber": null,
  "transfersbalance": 0,
  "eventcost": 6,
  "indreamteam": false,
  "id": 354,
  "firstname": "Charlie",
  "transfersoutevent": 0,
  "maxcost": 6,
  "eventexplain": [],
  "selected": 3188,
  "mincost": 6,
  "totalpoints": 85,
  "typename": "Midfielder",
  "teamname": "Stoke City",
  "status": "a",
  "added": "2013-07-15T13:21:16 UTC+0000",
  "form": 0,
  "currentfixture": "",
  "pointspergame": 0,
  "transfersin": 0,
  "news": "",
  "originalcost": 6,
  "eventpoints": 0,
  "fixturehistory": {
    "all": [],
    "summary": []
  },
  "nextfixture": "Liverpool (A)",
  "transfersinevent": 0,
  "selectedby": "0.4",
  "teamid": 15,
  "secondname": "Adam",
  "name": "Adam",
  "cost": 6,
  

"seasonhistory": [
    [
      "2010/11",
      3049,
      12,
      9,
      5,
      68,
      1,
      0,
      1,
      10,
      0,
      0,
      45,
      0,
      0,
      60,
      192
    ],
    [
      "2011/12",
      2167,
      2,
      11,
      10,
      23,
      1,
      0,
      1,
      4,
      1,
      0,
      8,
      323,
      0,
      83,
      101
    ],
    [
      "2012/13",
      1758,
      3,
      6,
      9,
      27,
      0,
      0,
      0,
      7,
      1,
      0,
      5,
      189,
      0,
      65,
      85
    ]
  ]
}