{
  "transfersout": 0,
  "code": 2570,
  "eventtotal": 0,
  "lastseasonpoints": 0,
  "squadnumber": null,
  "transfersbalance": 0,
  "eventcost": 5.5,
  "indreamteam": false,
  "id": 355,
  "firstname": "Matthew",
  "transfersoutevent": 0,
  "maxcost": 5.5,
  "eventexplain": [],
  "selected": 964,
  "mincost": 5.5,
  "totalpoints": 54,
  "typename": "Midfielder",
  "teamname": "Stoke City",
  "status": "a",
  "added": "2013-07-15T13:21:16 UTC+0000",
  "form": 0,
  "currentfixture": "",
  "pointspergame": 0,
  "transfersin": 0,
  "news": "",
  "originalcost": 5.5,
  "eventpoints": 0,
  "fixturehistory": {
    "all": [],
    "summary": []
  },
  "nextfixture": "Liverpool (A)",
  "transfersinevent": 0,
  "selectedby": "0.1",
  "teamid": 15,
  "secondname": "Etherington",
  "name": "Etherington",
  "cost": 5.5,
  

"seasonhistory": [
    [
      "2006/07",
      2019,
      0,
      2,
      0,
      28,
      0,
      0,
      0,
      2,
      0,
      0,
      4,
      0,
      0,
      61,
      63
    ],
    [
      "2007/08",
      1305,
      3,
      1,
      0,
      13,
      0,
      0,
      0,
      2,
      0,
      0,
      8,
      0,
      0,
      55,
      59
    ],
    [
      "2008/09",
      1785,
      2,
      4,
      0,
      25,
      0,
      0,
      0,
      4,
      1,
      0,
      9,
      0,
      0,
      47,
      78
    ],
    [
      "2009/10",
      2888,
      5,
      9,
      0,
      40,
      0,
      0,
      0,
      1,
      0,
      0,
      13,
      0,
      0,
      57,
      146
    ],
    [
      "2010/11",
      2519,
      5,
      7,
      7,
      37,
      0,
      0,
      0,
      5,
      0,
      0,
      16,
      0,
      0,
      57,
      124
    ],
    [
      "2011/12",
      2361,
      3,
      8,
      9,
      32,
      0,
      0,
      0,
      1,
      0,
      0,
      15,
      419,
      0,
      65,
      121
    ],
    [
      "2012/13",
      1720,
      0,
      0,
      6,
      24,
      0,
      0,
      0,
      2,
      0,
      0,
      3,
      191,
      0,
      59,
      54
    ]
  ]
}