{
  "transfersout": 0,
  "code": 12150,
  "eventtotal": 0,
  "lastseasonpoints": 0,
  "squadnumber": null,
  "transfersbalance": 0,
  "eventcost": 5.5,
  "indreamteam": false,
  "id": 356,
  "firstname": "Glenn",
  "transfersoutevent": 0,
  "maxcost": 5.5,
  "eventexplain": [],
  "selected": 1030,
  "mincost": 5.5,
  "totalpoints": 93,
  "typename": "Midfielder",
  "teamname": "Stoke City",
  "status": "a",
  "added": "2013-07-15T13:21:16 UTC+0000",
  "form": 0,
  "currentfixture": "",
  "pointspergame": 0,
  "transfersin": 0,
  "news": "",
  "originalcost": 5.5,
  "eventpoints": 0,
  "fixturehistory": {
    "all": [],
    "summary": []
  },
  "nextfixture": "Liverpool (A)",
  "transfersinevent": 0,
  "selectedby": "0.1",
  "teamid": 15,
  "secondname": "Whelan",
  "name": "Whelan",
  "cost": 5.5,
  

"seasonhistory": [
    [
      "2008/09",
      1985,
      1,
      2,
      0,
      30,
      0,
      0,
      0,
      4,
      0,
      0,
      5,
      0,
      0,
      44,
      67
    ],
    [
      "2009/10",
      2358,
      2,
      2,
      0,
      39,
      0,
      0,
      0,
      9,
      0,
      0,
      9,
      0,
      0,
      45,
      83
    ],
    [
      "2010/11",
      1357,
      0,
      1,
      3,
      25,
      0,
      0,
      0,
      2,
      0,
      0,
      4,
      0,
      0,
      43,
      50
    ],
    [
      "2011/12",
      2486,
      1,
      1,
      7,
      34,
      0,
      0,
      0,
      5,
      0,
      0,
      8,
      292,
      0,
      49,
      76
    ],
    [
      "2012/13",
      2586,
      0,
      5,
      10,
      32,
      0,
      0,
      0,
      4,
      0,
      0,
      11,
      309,
      0,
      49,
      93
    ]
  ]
}