{
  "transfersout": 0,
  "code": 34296,
  "eventtotal": 0,
  "lastseasonpoints": 0,
  "squadnumber": null,
  "transfersbalance": 0,
  "eventcost": 4.5,
  "indreamteam": false,
  "id": 357,
  "firstname": "Wilson",
  "transfersoutevent": 0,
  "maxcost": 4.5,
  "eventexplain": [],
  "selected": 1792,
  "mincost": 4.5,
  "totalpoints": 4,
  "typename": "Midfielder",
  "teamname": "Stoke City",
  "status": "a",
  "added": "2013-07-15T13:21:16 UTC+0000",
  "form": 0,
  "currentfixture": "",
  "pointspergame": 0,
  "transfersin": 0,
  "news": "",
  "originalcost": 4.5,
  "eventpoints": 0,
  "fixturehistory": {
    "all": [],
    "summary": []
  },
  "nextfixture": "Liverpool (A)",
  "transfersinevent": 0,
  "selectedby": "0.2",
  "teamid": 15,
  "secondname": "Palacios",
  "name": "Palacios",
  "cost": 4.5,
  

"seasonhistory": [
    [
      "2007/08",
      1730,
      0,
      1,
      0,
      16,
      0,
      0,
      0,
      6,
      1,
      0,
      3,
      0,
      0,
      45,
      49
    ],
    [
      "2008/09",
      2795,
      0,
      2,
      0,
      35,
      0,
      0,
      0,
      11,
      1,
      0,
      15,
      0,
      0,
      52,
      83
    ],
    [
      "2009/10",
      2531,
      1,
      1,
      0,
      33,
      0,
      0,
      0,
      8,
      0,
      0,
      6,
      0,
      0,
      51,
      72
    ],
    [
      "2010/11",
      1226,
      0,
      0,
      3,
      15,
      0,
      0,
      0,
      5,
      0,
      0,
      2,
      0,
      0,
      48,
      32
    ],
    [
      "2011/12",
      807,
      0,
      0,
      2,
      14,
      0,
      0,
      0,
      3,
      0,
      0,
      0,
      40,
      0,
      47,
      24
    ],
    [
      "2012/13",
      49,
      0,
      0,
      0,
      1,
      0,
      0,
      0,
      0,
      0,
      0,
      0,
      0,
      0,
      41,
      4
    ]
  ]
}