{
  "transfersout": 0,
  "code": 45158,
  "eventtotal": 0,
  "lastseasonpoints": 0,
  "squadnumber": null,
  "transfersbalance": 0,
  "eventcost": 5,
  "indreamteam": false,
  "id": 358,
  "firstname": "Ryan",
  "transfersoutevent": 0,
  "maxcost": 5,
  "eventexplain": [],
  "selected": 373,
  "mincost": 5,
  "totalpoints": 48,
  "typename": "Midfielder",
  "teamname": "Stoke City",
  "status": "a",
  "added": "2013-07-15T13:21:16 UTC+0000",
  "form": 0,
  "currentfixture": "",
  "pointspergame": 0,
  "transfersin": 0,
  "news": "",
  "originalcost": 5,
  "eventpoints": 0,
  "fixturehistory": {
    "all": [],
    "summary": []
  },
  "nextfixture": "Liverpool (A)",
  "transfersinevent": 0,
  "selectedby": "0.0",
  "teamid": 15,
  "secondname": "Shotton",
  "name": "Shotton",
  "cost": 5,
  

"seasonhistory": [
    [
      "2010/11",
      52,
      0,
      0,
      0,
      0,
      0,
      0,
      0,
      0,
      0,
      0,
      0,
      0,
      0,
      40,
      2
    ],
    [
      "2011/12",
      1396,
      1,
      1,
      4,
      17,
      0,
      0,
      0,
      2,
      0,
      0,
      7,
      194,
      0,
      40,
      64
    ],
    [
      "2012/13",
      1821,
      0,
      1,
      7,
      18,
      0,
      0,
      0,
      4,
      1,
      0,
      2,
      204,
      0,
      46,
      48
    ]
  ]
}