{
  "transfersout": 0,
  "code": 12813,
  "eventtotal": 0,
  "lastseasonpoints": 0,
  "squadnumber": null,
  "transfersbalance": 0,
  "eventcost": 6.5,
  "indreamteam": false,
  "id": 359,
  "firstname": "Jonathan",
  "transfersoutevent": 0,
  "maxcost": 6.5,
  "eventexplain": [],
  "selected": 30266,
  "mincost": 6.5,
  "totalpoints": 141,
  "typename": "Midfielder",
  "teamname": "Stoke City",
  "status": "a",
  "added": "2013-07-15T13:21:16 UTC+0000",
  "form": 0,
  "currentfixture": "",
  "pointspergame": 0,
  "transfersin": 0,
  "news": "",
  "originalcost": 6.5,
  "eventpoints": 0,
  "fixturehistory": {
    "all": [],
    "summary": []
  },
  "nextfixture": "Liverpool (A)",
  "transfersinevent": 0,
  "selectedby": "3.9",
  "teamid": 15,
  "secondname": "Walters",
  "name": "Walters",
  "cost": 6.5,
  

"seasonhistory": [
    [
      "2010/11",
      2341,
      6,
      3,
      5,
      34,
      0,
      0,
      0,
      4,
      0,
      0,
      8,
      0,
      0,
      54,
      109
    ],
    [
      "2011/12",
      3332,
      7,
      5,
      9,
      52,
      0,
      0,
      2,
      3,
      0,
      0,
      12,
      312,
      0,
      60,
      140
    ],
    [
      "2012/13",
      3303,
      8,
      3,
      12,
      45,
      2,
      0,
      2,
      4,
      0,
      0,
      16,
      383,
      0,
      63,
      141
    ]
  ]
}