{
  "transfersout": 0,
  "code": 49493,
  "eventtotal": 0,
  "lastseasonpoints": 0,
  "squadnumber": null,
  "transfersbalance": 0,
  "eventcost": 4.5,
  "indreamteam": false,
  "id": 36,
  "firstname": "Chris",
  "transfersoutevent": 0,
  "maxcost": 4.5,
  "eventexplain": [],
  "selected": 509,
  "mincost": 4.5,
  "totalpoints": 17,
  "typename": "Midfielder",
  "teamname": "Aston Villa",
  "status": "a",
  "added": "2013-07-15T13:21:12 UTC+0000",
  "form": 0,
  "currentfixture": "",
  "pointspergame": 0,
  "transfersin": 0,
  "news": "",
  "originalcost": 4.5,
  "eventpoints": 0,
  "fixturehistory": {
    "all": [],
    "summary": []
  },
  "nextfixture": "Arsenal (A), Chelsea (A)",
  "transfersinevent": 0,
  "selectedby": "0.1",
  "teamid": 2,
  "secondname": "Herd",
  "name": "Herd",
  "cost": 4.5,
  

"seasonhistory": [
    [
      "2010/11",
      110,
      0,
      0,
      0,
      2,
      0,
      0,
      0,
      0,
      0,
      0,
      0,
      0,
      0,
      45,
      7
    ],
    [
      "2011/12",
      1465,
      1,
      0,
      7,
      20,
      0,
      0,
      0,
      2,
      1,
      0,
      4,
      168,
      0,
      44,
      45
    ],
    [
      "2012/13",
      753,
      0,
      0,
      1,
      23,
      0,
      0,
      0,
      1,
      0,
      0,
      0,
      45,
      0,
      43,
      17
    ]
  ]
}