{
  "transfersout": 0,
  "code": 15944,
  "eventtotal": 0,
  "lastseasonpoints": 0,
  "squadnumber": null,
  "transfersbalance": 0,
  "eventcost": 5.5,
  "indreamteam": false,
  "id": 360,
  "firstname": "Michael",
  "transfersoutevent": 0,
  "maxcost": 5.5,
  "eventexplain": [],
  "selected": 523,
  "mincost": 5.5,
  "totalpoints": 64,
  "typename": "Midfielder",
  "teamname": "Stoke City",
  "status": "a",
  "added": "2013-07-15T13:21:16 UTC+0000",
  "form": 0,
  "currentfixture": "",
  "pointspergame": 0,
  "transfersin": 0,
  "news": "",
  "originalcost": 5.5,
  "eventpoints": 0,
  "fixturehistory": {
    "all": [],
    "summary": []
  },
  "nextfixture": "Liverpool (A)",
  "transfersinevent": 0,
  "selectedby": "0.1",
  "teamid": 15,
  "secondname": "Kightly",
  "name": "Kightly",
  "cost": 5.5,
  

"seasonhistory": [
    [
      "2009/10",
      426,
      0,
      1,
      0,
      9,
      0,
      0,
      0,
      3,
      0,
      0,
      0,
      0,
      0,
      51,
      11
    ],
    [
      "2010/11",
      162,
      0,
      0,
      0,
      4,
      0,
      0,
      0,
      1,
      0,
      0,
      0,
      0,
      0,
      50,
      4
    ],
    [
      "2011/12",
      1189,
      3,
      1,
      2,
      30,
      0,
      0,
      0,
      3,
      0,
      0,
      0,
      93,
      0,
      54,
      48
    ],
    [
      "2012/13",
      1190,
      3,
      1,
      7,
      15,
      0,
      0,
      0,
      2,
      0,
      0,
      5,
      161,
      0,
      51,
      64
    ]
  ]
}