{
  "transfersout": 0,
  "code": 49323,
  "eventtotal": 0,
  "lastseasonpoints": 0,
  "squadnumber": null,
  "transfersbalance": 0,
  "eventcost": 5,
  "indreamteam": false,
  "id": 362,
  "firstname": "Steven",
  "transfersoutevent": 0,
  "maxcost": 5,
  "eventexplain": [],
  "selected": 4708,
  "mincost": 5,
  "totalpoints": 81,
  "typename": "Midfielder",
  "teamname": "Stoke City",
  "status": "a",
  "added": "2013-07-15T13:21:16 UTC+0000",
  "form": 0,
  "currentfixture": "",
  "pointspergame": 0,
  "transfersin": 0,
  "news": "",
  "originalcost": 5,
  "eventpoints": 0,
  "fixturehistory": {
    "all": [],
    "summary": []
  },
  "nextfixture": "Liverpool (A)",
  "transfersinevent": 0,
  "selectedby": "0.6",
  "teamid": 15,
  "secondname": "Nzonzi",
  "name": "Nzonzi",
  "cost": 5,
  

"seasonhistory": [
    [
      "2009/10",
      2863,
      2,
      0,
      0,
      47,
      0,
      0,
      0,
      6,
      0,
      0,
      0,
      0,
      0,
      45,
      79
    ],
    [
      "2010/11",
      1274,
      1,
      1,
      6,
      13,
      0,
      0,
      0,
      4,
      1,
      0,
      2,
      0,
      0,
      46,
      43
    ],
    [
      "2011/12",
      2811,
      2,
      5,
      2,
      67,
      0,
      0,
      0,
      7,
      0,
      0,
      7,
      272,
      0,
      50,
      90
    ],
    [
      "2012/13",
      3107,
      1,
      1,
      11,
      42,
      0,
      0,
      0,
      9,
      1,
      0,
      4,
      330,
      0,
      50,
      81
    ]
  ]
}