{
  "transfersout": 0,
  "code": 50067,
  "eventtotal": 0,
  "lastseasonpoints": 0,
  "squadnumber": null,
  "transfersbalance": 0,
  "eventcost": 5,
  "indreamteam": false,
  "id": 363,
  "firstname": "Brek",
  "transfersoutevent": 0,
  "maxcost": 5,
  "eventexplain": [],
  "selected": 738,
  "mincost": 5,
  "totalpoints": 3,
  "typename": "Midfielder",
  "teamname": "Stoke City",
  "status": "a",
  "added": "2013-07-15T13:21:16 UTC+0000",
  "form": 0,
  "currentfixture": "",
  "pointspergame": 0,
  "transfersin": 0,
  "news": "",
  "originalcost": 5,
  "eventpoints": 0,
  "fixturehistory": {
    "all": [],
    "summary": []
  },
  "nextfixture": "Liverpool (A)",
  "transfersinevent": 0,
  "selectedby": "0.1",
  "teamid": 15,
  "secondname": "Shea",
  "name": "Shea",
  "cost": 5,
  

"seasonhistory": [
    [
      "2012/13",
      92,
      0,
      0,
      0,
      1,
      0,
      0,
      0,
      0,
      0,
      0,
      0,
      1,
      0,
      45,
      3
    ]
  ]
}