{
  "transfersout": 0,
  "code": 18215,
  "eventtotal": 0,
  "lastseasonpoints": 0,
  "squadnumber": null,
  "transfersbalance": 0,
  "eventcost": 5,
  "indreamteam": false,
  "id": 364,
  "firstname": "Kenwyne",
  "transfersoutevent": 0,
  "maxcost": 5,
  "eventexplain": [],
  "selected": 7050,
  "mincost": 5,
  "totalpoints": 59,
  "typename": "Forward",
  "teamname": "Stoke City",
  "status": "a",
  "added": "2013-07-15T13:21:16 UTC+0000",
  "form": 0,
  "currentfixture": "",
  "pointspergame": 0,
  "transfersin": 0,
  "news": "",
  "originalcost": 5,
  "eventpoints": 0,
  "fixturehistory": {
    "all": [],
    "summary": []
  },
  "nextfixture": "Liverpool (A)",
  "transfersinevent": 0,
  "selectedby": "0.9",
  "teamid": 15,
  "secondname": "Jones",
  "name": "Jones",
  "cost": 5,
  

"seasonhistory": [
    [
      "2007/08",
      2818,
      7,
      10,
      0,
      48,
      0,
      0,
      0,
      2,
      0,
      0,
      18,
      0,
      0,
      55,
      138
    ],
    [
      "2008/09",
      2289,
      10,
      2,
      0,
      40,
      0,
      0,
      0,
      2,
      0,
      0,
      3,
      0,
      0,
      68,
      100
    ],
    [
      "2009/10",
      2183,
      9,
      3,
      0,
      32,
      0,
      0,
      0,
      1,
      1,
      0,
      9,
      0,
      0,
      68,
      104
    ],
    [
      "2010/11",
      2782,
      9,
      2,
      12,
      32,
      0,
      0,
      0,
      0,
      0,
      0,
      13,
      0,
      0,
      64,
      121
    ],
    [
      "2011/12",
      980,
      1,
      0,
      3,
      16,
      0,
      0,
      0,
      0,
      0,
      0,
      3,
      37,
      0,
      59,
      37
    ],
    [
      "2012/13",
      1049,
      3,
      3,
      3,
      20,
      0,
      0,
      0,
      0,
      0,
      0,
      3,
      121,
      0,
      50,
      59
    ]
  ]
}