{
  "transfersout": 0,
  "code": 3773,
  "eventtotal": 0,
  "lastseasonpoints": 0,
  "squadnumber": null,
  "transfersbalance": 0,
  "eventcost": 6,
  "indreamteam": false,
  "id": 365,
  "firstname": "Peter",
  "transfersoutevent": 0,
  "maxcost": 6,
  "eventexplain": [],
  "selected": 33344,
  "mincost": 6,
  "totalpoints": 128,
  "typename": "Forward",
  "teamname": "Stoke City",
  "status": "a",
  "added": "2013-07-15T13:21:16 UTC+0000",
  "form": 0,
  "currentfixture": "",
  "pointspergame": 0,
  "transfersin": 0,
  "news": "",
  "originalcost": 6,
  "eventpoints": 0,
  "fixturehistory": {
    "all": [],
    "summary": []
  },
  "nextfixture": "Liverpool (A)",
  "transfersinevent": 0,
  "selectedby": "4.3",
  "teamid": 15,
  "secondname": "Crouch",
  "name": "Crouch",
  "cost": 6,
  

"seasonhistory": [
    [
      "2006/07",
      1510,
      9,
      8,
      0,
      12,
      0,
      0,
      0,
      2,
      0,
      0,
      6,
      0,
      0,
      82,
      111
    ],
    [
      "2007/08",
      929,
      5,
      3,
      0,
      7,
      0,
      0,
      0,
      0,
      0,
      0,
      5,
      0,
      0,
      81,
      64
    ],
    [
      "2008/09",
      3360,
      10,
      5,
      0,
      57,
      0,
      0,
      0,
      3,
      0,
      0,
      10,
      0,
      0,
      77,
      138
    ],
    [
      "2009/10",
      2229,
      8,
      7,
      0,
      25,
      0,
      0,
      0,
      1,
      0,
      0,
      14,
      0,
      0,
      69,
      125
    ],
    [
      "2010/11",
      1945,
      4,
      7,
      4,
      28,
      1,
      0,
      0,
      0,
      0,
      0,
      5,
      0,
      0,
      65,
      92
    ],
    [
      "2011/12",
      2774,
      10,
      5,
      7,
      50,
      1,
      0,
      0,
      2,
      0,
      0,
      15,
      356,
      0,
      61,
      130
    ],
    [
      "2012/13",
      2322,
      7,
      6,
      11,
      22,
      0,
      0,
      0,
      2,
      0,
      0,
      24,
      337,
      0,
      60,
      128
    ]
  ]
}