{
  "transfersout": 0,
  "code": 18804,
  "eventtotal": 0,
  "lastseasonpoints": 0,
  "squadnumber": null,
  "transfersbalance": 0,
  "eventcost": 5,
  "indreamteam": false,
  "id": 366,
  "firstname": "Cameron",
  "transfersoutevent": 0,
  "maxcost": 5,
  "eventexplain": [],
  "selected": 3074,
  "mincost": 5,
  "totalpoints": 55,
  "typename": "Forward",
  "teamname": "Stoke City",
  "status": "a",
  "added": "2013-07-15T13:21:16 UTC+0000",
  "form": 0,
  "currentfixture": "",
  "pointspergame": 0,
  "transfersin": 0,
  "news": "",
  "originalcost": 5,
  "eventpoints": 0,
  "fixturehistory": {
    "all": [],
    "summary": []
  },
  "nextfixture": "Liverpool (A)",
  "transfersinevent": 0,
  "selectedby": "0.4",
  "teamid": 15,
  "secondname": "Jerome",
  "name": "Jerome",
  "cost": 5,
  

"seasonhistory": [
    [
      "2007/08",
      1992,
      7,
      1,
      0,
      34,
      0,
      0,
      0,
      3,
      0,
      0,
      9,
      0,
      0,
      49,
      91
    ],
    [
      "2009/10",
      2672,
      10,
      4,
      0,
      33,
      0,
      0,
      0,
      5,
      0,
      0,
      14,
      0,
      0,
      47,
      123
    ],
    [
      "2010/11",
      2647,
      3,
      7,
      5,
      47,
      0,
      0,
      0,
      2,
      0,
      0,
      4,
      0,
      0,
      55,
      98
    ],
    [
      "2011/12",
      848,
      4,
      2,
      2,
      20,
      0,
      0,
      0,
      0,
      0,
      0,
      1,
      83,
      0,
      54,
      51
    ],
    [
      "2012/13",
      1123,
      3,
      3,
      3,
      13,
      0,
      0,
      0,
      3,
      0,
      0,
      3,
      100,
      0,
      50,
      55
    ]
  ]
}