{
  "transfersout": 0,
  "code": 20531,
  "eventtotal": 0,
  "lastseasonpoints": 0,
  "squadnumber": null,
  "transfersbalance": 0,
  "eventcost": 4.5,
  "indreamteam": false,
  "id": 367,
  "firstname": "Keiren",
  "transfersoutevent": 0,
  "maxcost": 4.5,
  "eventexplain": [],
  "selected": 3918,
  "mincost": 4.5,
  "totalpoints": 0,
  "typename": "Goalkeeper",
  "teamname": "Sunderland",
  "status": "a",
  "added": "2013-07-15T13:21:16 UTC+0000",
  "form": 0,
  "currentfixture": "",
  "pointspergame": 0,
  "transfersin": 0,
  "news": "",
  "originalcost": 4.5,
  "eventpoints": 0,
  "fixturehistory": {
    "all": [],
    "summary": []
  },
  "nextfixture": "Fulham (H)",
  "transfersinevent": 0,
  "selectedby": "0.5",
  "teamid": 16,
  "secondname": "Westwood",
  "name": "Westwood",
  "cost": 4.5,
  

"seasonhistory": [
    [
      "2011/12",
      759,
      0,
      0,
      1,
      11,
      0,
      0,
      0,
      0,
      0,
      25,
      0,
      74,
      0,
      42,
      24
    ],
    [
      "2012/13",
      0,
      0,
      0,
      0,
      0,
      0,
      0,
      0,
      0,
      0,
      0,
      0,
      1,
      0,
      42,
      0
    ]
  ]
}