{
  "transfersout": 0,
  "code": 20487,
  "eventtotal": 0,
  "lastseasonpoints": 0,
  "squadnumber": null,
  "transfersbalance": 0,
  "eventcost": 4.5,
  "indreamteam": false,
  "id": 368,
  "firstname": "Vito",
  "transfersoutevent": 0,
  "maxcost": 4.5,
  "eventexplain": [],
  "selected": 51817,
  "mincost": 4.5,
  "totalpoints": 31,
  "typename": "Goalkeeper",
  "teamname": "Sunderland",
  "status": "a",
  "added": "2013-07-15T13:21:16 UTC+0000",
  "form": 0,
  "currentfixture": "",
  "pointspergame": 0,
  "transfersin": 0,
  "news": "",
  "originalcost": 4.5,
  "eventpoints": 0,
  "fixturehistory": {
    "all": [],
    "summary": []
  },
  "nextfixture": "Fulham (H)",
  "transfersinevent": 0,
  "selectedby": "6.7",
  "teamid": 16,
  "secondname": "Mannone",
  "name": "Mannone",
  "cost": 4.5,
  

"seasonhistory": [
    [
      "2006/07",
      0,
      0,
      0,
      0,
      0,
      0,
      0,
      0,
      0,
      0,
      0,
      0,
      0,
      0,
      40,
      0
    ],
    [
      "2007/08",
      0,
      0,
      0,
      0,
      0,
      0,
      0,
      0,
      0,
      0,
      0,
      0,
      0,
      0,
      45,
      0
    ],
    [
      "2008/09",
      90,
      0,
      0,
      0,
      1,
      0,
      0,
      0,
      0,
      0,
      1,
      0,
      0,
      0,
      45,
      2
    ],
    [
      "2009/10",
      450,
      0,
      0,
      0,
      5,
      0,
      0,
      0,
      1,
      0,
      18,
      0,
      0,
      0,
      44,
      19
    ],
    [
      "2010/11",
      0,
      0,
      0,
      0,
      0,
      0,
      0,
      0,
      0,
      0,
      0,
      0,
      0,
      0,
      43,
      0
    ],
    [
      "2012/13",
      810,
      0,
      0,
      3,
      10,
      0,
      0,
      0,
      0,
      0,
      25,
      0,
      88,
      0,
      40,
      31
    ]
  ]
}