{
  "transfersout": 0,
  "code": 17997,
  "eventtotal": 0,
  "lastseasonpoints": 0,
  "squadnumber": null,
  "transfersbalance": 0,
  "eventcost": 4.5,
  "indreamteam": false,
  "id": 369,
  "firstname": "Phil",
  "transfersoutevent": 0,
  "maxcost": 4.5,
  "eventexplain": [],
  "selected": 1977,
  "mincost": 4.5,
  "totalpoints": 26,
  "typename": "Defender",
  "teamname": "Sunderland",
  "status": "a",
  "added": "2013-07-15T13:21:16 UTC+0000",
  "form": 0,
  "currentfixture": "",
  "pointspergame": 0,
  "transfersin": 0,
  "news": "",
  "originalcost": 4.5,
  "eventpoints": 0,
  "fixturehistory": {
    "all": [],
    "summary": []
  },
  "nextfixture": "Fulham (H)",
  "transfersinevent": 0,
  "selectedby": "0.3",
  "teamid": 16,
  "secondname": "Bardsley",
  "name": "Bardsley",
  "cost": 4.5,
  

"seasonhistory": [
    [
      "2006/07",
      1145,
      0,
      1,
      0,
      11,
      0,
      0,
      0,
      1,
      0,
      0,
      0,
      0,
      0,
      48,
      46
    ],
    [
      "2007/08",
      990,
      0,
      0,
      0,
      10,
      0,
      0,
      0,
      3,
      0,
      0,
      1,
      0,
      0,
      41,
      34
    ],
    [
      "2008/09",
      2459,
      0,
      0,
      0,
      40,
      0,
      0,
      0,
      11,
      0,
      0,
      1,
      0,
      0,
      43,
      57
    ],
    [
      "2009/10",
      1704,
      0,
      0,
      0,
      34,
      0,
      0,
      0,
      8,
      0,
      0,
      0,
      0,
      0,
      43,
      38
    ],
    [
      "2010/11",
      2820,
      3,
      2,
      13,
      45,
      0,
      0,
      0,
      5,
      0,
      0,
      5,
      0,
      0,
      49,
      123
    ],
    [
      "2011/12",
      2474,
      1,
      3,
      9,
      32,
      0,
      0,
      0,
      3,
      1,
      0,
      4,
      267,
      0,
      47,
      97
    ],
    [
      "2012/13",
      984,
      1,
      0,
      1,
      22,
      0,
      0,
      0,
      5,
      0,
      0,
      1,
      86,
      0,
      44,
      26
    ]
  ]
}