{
  "transfersout": 0,
  "code": 41823,
  "eventtotal": 0,
  "lastseasonpoints": 0,
  "squadnumber": null,
  "transfersbalance": 0,
  "eventcost": 4.5,
  "indreamteam": false,
  "id": 37,
  "firstname": "Fabian",
  "transfersoutevent": 0,
  "maxcost": 4.5,
  "eventexplain": [],
  "selected": 5009,
  "mincost": 4.5,
  "totalpoints": 33,
  "typename": "Midfielder",
  "teamname": "Aston Villa",
  "status": "a",
  "added": "2013-07-15T13:21:12 UTC+0000",
  "form": 0,
  "currentfixture": "",
  "pointspergame": 0,
  "transfersin": 0,
  "news": "",
  "originalcost": 4.5,
  "eventpoints": 0,
  "fixturehistory": {
    "all": [],
    "summary": []
  },
  "nextfixture": "Arsenal (A), Chelsea (A)",
  "transfersinevent": 0,
  "selectedby": "0.6",
  "teamid": 2,
  "secondname": "Delph",
  "name": "Delph",
  "cost": 4.5,
  

"seasonhistory": [
    [
      "2009/10",
      291,
      0,
      0,
      0,
      6,
      0,
      0,
      0,
      3,
      0,
      0,
      0,
      0,
      0,
      50,
      8
    ],
    [
      "2010/11",
      414,
      0,
      0,
      0,
      7,
      0,
      0,
      0,
      1,
      0,
      0,
      0,
      0,
      0,
      50,
      9
    ],
    [
      "2011/12",
      848,
      0,
      0,
      4,
      11,
      0,
      0,
      0,
      3,
      0,
      0,
      0,
      77,
      0,
      50,
      22
    ],
    [
      "2012/13",
      1705,
      0,
      0,
      0,
      30,
      1,
      0,
      0,
      7,
      0,
      0,
      0,
      116,
      0,
      46,
      33
    ]
  ]
}