{
  "transfersout": 0,
  "code": 3736,
  "eventtotal": 0,
  "lastseasonpoints": 0,
  "squadnumber": null,
  "transfersbalance": 0,
  "eventcost": 5,
  "indreamteam": false,
  "id": 370,
  "firstname": "John",
  "transfersoutevent": 0,
  "maxcost": 5,
  "eventexplain": [],
  "selected": 45182,
  "mincost": 5,
  "totalpoints": 115,
  "typename": "Defender",
  "teamname": "Sunderland",
  "status": "a",
  "added": "2013-07-15T13:21:16 UTC+0000",
  "form": 0,
  "currentfixture": "",
  "pointspergame": 0,
  "transfersin": 0,
  "news": "",
  "originalcost": 5,
  "eventpoints": 0,
  "fixturehistory": {
    "all": [],
    "summary": []
  },
  "nextfixture": "Fulham (H)",
  "transfersinevent": 0,
  "selectedby": "5.8",
  "teamid": 16,
  "secondname": "O'Shea",
  "name": "O'Shea",
  "cost": 5,
  

"seasonhistory": [
    [
      "2006/07",
      1738,
      4,
      1,
      0,
      16,
      0,
      0,
      0,
      2,
      0,
      0,
      1,
      0,
      0,
      55,
      76
    ],
    [
      "2007/08",
      1147,
      0,
      2,
      0,
      9,
      0,
      0,
      0,
      1,
      0,
      0,
      0,
      0,
      0,
      55,
      48
    ],
    [
      "2008/09",
      1989,
      0,
      3,
      0,
      11,
      0,
      0,
      0,
      1,
      0,
      0,
      0,
      0,
      0,
      55,
      116
    ],
    [
      "2009/10",
      1119,
      1,
      1,
      0,
      12,
      0,
      0,
      0,
      0,
      0,
      0,
      3,
      0,
      0,
      51,
      56
    ],
    [
      "2010/11",
      1541,
      0,
      3,
      8,
      14,
      0,
      0,
      0,
      1,
      0,
      0,
      0,
      0,
      0,
      47,
      71
    ],
    [
      "2011/12",
      2435,
      0,
      0,
      10,
      29,
      0,
      0,
      0,
      5,
      0,
      0,
      5,
      306,
      0,
      48,
      85
    ],
    [
      "2012/13",
      2992,
      2,
      4,
      9,
      47,
      0,
      0,
      0,
      3,
      0,
      0,
      7,
      363,
      0,
      51,
      115
    ]
  ]
}