{
  "transfersout": 0,
  "code": 1841,
  "eventtotal": 0,
  "lastseasonpoints": 0,
  "squadnumber": null,
  "transfersbalance": 0,
  "eventcost": 4.5,
  "indreamteam": false,
  "id": 371,
  "firstname": "Wes",
  "transfersoutevent": 0,
  "maxcost": 4.5,
  "eventexplain": [],
  "selected": 6607,
  "mincost": 4.5,
  "totalpoints": 0,
  "typename": "Defender",
  "teamname": "Sunderland",
  "status": "a",
  "added": "2013-07-15T13:21:16 UTC+0000",
  "form": 0,
  "currentfixture": "",
  "pointspergame": 0,
  "transfersin": 0,
  "news": "",
  "originalcost": 4.5,
  "eventpoints": 0,
  "fixturehistory": {
    "all": [],
    "summary": []
  },
  "nextfixture": "Fulham (H)",
  "transfersinevent": 0,
  "selectedby": "0.8",
  "teamid": 16,
  "secondname": "Brown",
  "name": "Brown",
  "cost": 4.5,
  

"seasonhistory": [
    [
      "2006/07",
      1604,
      0,
      2,
      0,
      16,
      0,
      0,
      0,
      3,
      0,
      0,
      2,
      0,
      0,
      55,
      61
    ],
    [
      "2007/08",
      3028,
      1,
      2,
      0,
      21,
      0,
      0,
      0,
      8,
      0,
      0,
      4,
      0,
      0,
      62,
      142
    ],
    [
      "2008/09",
      596,
      1,
      0,
      0,
      4,
      0,
      0,
      0,
      3,
      0,
      0,
      1,
      0,
      0,
      55,
      29
    ],
    [
      "2009/10",
      1571,
      0,
      0,
      0,
      12,
      0,
      0,
      0,
      2,
      0,
      0,
      0,
      0,
      0,
      55,
      61
    ],
    [
      "2010/11",
      429,
      0,
      0,
      0,
      7,
      0,
      0,
      0,
      2,
      0,
      0,
      0,
      0,
      0,
      48,
      6
    ],
    [
      "2011/12",
      1735,
      1,
      1,
      5,
      22,
      1,
      0,
      0,
      2,
      0,
      0,
      4,
      249,
      0,
      43,
      60
    ],
    [
      "2012/13",
      0,
      0,
      0,
      0,
      0,
      0,
      0,
      0,
      0,
      0,
      0,
      0,
      0,
      0,
      46,
      0
    ]
  ]
}