{
  "transfersout": 0,
  "code": 17468,
  "eventtotal": 0,
  "lastseasonpoints": 0,
  "squadnumber": null,
  "transfersbalance": 0,
  "eventcost": 4.5,
  "indreamteam": false,
  "id": 372,
  "firstname": "Carlos",
  "transfersoutevent": 0,
  "maxcost": 4.5,
  "eventexplain": [],
  "selected": 13557,
  "mincost": 4.5,
  "totalpoints": 79,
  "typename": "Defender",
  "teamname": "Sunderland",
  "status": "a",
  "added": "2013-07-15T13:21:16 UTC+0000",
  "form": 0,
  "currentfixture": "",
  "pointspergame": 0,
  "transfersin": 0,
  "news": "",
  "originalcost": 4.5,
  "eventpoints": 0,
  "fixturehistory": {
    "all": [],
    "summary": []
  },
  "nextfixture": "Fulham (H)",
  "transfersinevent": 0,
  "selectedby": "1.7",
  "teamid": 16,
  "secondname": "Cuellar",
  "name": "Cuellar",
  "cost": 4.5,
  

"seasonhistory": [
    [
      "2008/09",
      2132,
      0,
      0,
      0,
      28,
      0,
      0,
      0,
      2,
      0,
      1,
      0,
      0,
      0,
      54,
      66
    ],
    [
      "2009/10",
      3239,
      2,
      2,
      0,
      30,
      0,
      0,
      0,
      6,
      1,
      0,
      11,
      0,
      0,
      63,
      145
    ],
    [
      "2010/11",
      894,
      0,
      1,
      1,
      15,
      0,
      0,
      0,
      2,
      0,
      0,
      1,
      0,
      0,
      62,
      23
    ],
    [
      "2011/12",
      1491,
      0,
      1,
      5,
      23,
      0,
      0,
      0,
      2,
      0,
      0,
      9,
      190,
      0,
      47,
      55
    ],
    [
      "2012/13",
      2256,
      1,
      2,
      8,
      37,
      1,
      0,
      0,
      5,
      0,
      0,
      4,
      290,
      0,
      43,
      79
    ]
  ]
}