{
  "transfersout": 0,
  "code": 43901,
  "eventtotal": 0,
  "lastseasonpoints": 0,
  "squadnumber": null,
  "transfersbalance": 0,
  "eventcost": 4,
  "indreamteam": false,
  "id": 373,
  "firstname": "Kader",
  "transfersoutevent": 0,
  "maxcost": 4,
  "eventexplain": [],
  "selected": 3939,
  "mincost": 4,
  "totalpoints": 2,
  "typename": "Defender",
  "teamname": "Sunderland",
  "status": "a",
  "added": "2013-07-15T13:21:16 UTC+0000",
  "form": 0,
  "currentfixture": "",
  "pointspergame": 0,
  "transfersin": 0,
  "news": "",
  "originalcost": 4,
  "eventpoints": 0,
  "fixturehistory": {
    "all": [],
    "summary": []
  },
  "nextfixture": "Fulham (H)",
  "transfersinevent": 0,
  "selectedby": "0.5",
  "teamid": 16,
  "secondname": "Mangane",
  "name": "Mangane",
  "cost": 4,
  

"seasonhistory": [
    [
      "2012/13",
      20,
      0,
      0,
      0,
      0,
      0,
      0,
      0,
      0,
      0,
      0,
      0,
      3,
      0,
      40,
      2
    ]
  ]
}