{
  "transfersout": 0,
  "code": 19959,
  "eventtotal": 0,
  "lastseasonpoints": 0,
  "squadnumber": null,
  "transfersbalance": 0,
  "eventcost": 7,
  "indreamteam": false,
  "id": 376,
  "firstname": "Adam",
  "transfersoutevent": 0,
  "maxcost": 7,
  "eventexplain": [],
  "selected": 40188,
  "mincost": 7,
  "totalpoints": 146,
  "typename": "Midfielder",
  "teamname": "Sunderland",
  "status": "a",
  "added": "2013-07-15T13:21:16 UTC+0000",
  "form": 0,
  "currentfixture": "",
  "pointspergame": 0,
  "transfersin": 0,
  "news": "",
  "originalcost": 7,
  "eventpoints": 0,
  "fixturehistory": {
    "all": [],
    "summary": []
  },
  "nextfixture": "Fulham (H)",
  "transfersinevent": 0,
  "selectedby": "5.2",
  "teamid": 16,
  "secondname": "Johnson",
  "name": "Johnson",
  "cost": 7,
  

"seasonhistory": [
    [
      "2006/07",
      353,
      0,
      1,
      0,
      4,
      0,
      0,
      0,
      1,
      0,
      0,
      0,
      0,
      0,
      41,
      17
    ],
    [
      "2007/08",
      475,
      1,
      0,
      0,
      9,
      0,
      0,
      0,
      2,
      0,
      0,
      0,
      0,
      0,
      38,
      25
    ],
    [
      "2008/09",
      1109,
      0,
      0,
      0,
      20,
      0,
      0,
      0,
      1,
      0,
      0,
      1,
      0,
      0,
      42,
      39
    ],
    [
      "2009/10",
      1168,
      1,
      8,
      0,
      8,
      0,
      0,
      0,
      1,
      0,
      0,
      12,
      0,
      0,
      63,
      74
    ],
    [
      "2010/11",
      1542,
      4,
      7,
      10,
      12,
      0,
      0,
      0,
      2,
      0,
      0,
      9,
      0,
      0,
      57,
      104
    ],
    [
      "2011/12",
      1147,
      6,
      6,
      8,
      7,
      0,
      0,
      0,
      1,
      0,
      0,
      10,
      298,
      0,
      70,
      101
    ],
    [
      "2012/13",
      2925,
      5,
      9,
      9,
      50,
      0,
      0,
      0,
      3,
      0,
      0,
      19,
      433,
      0,
      68,
      146
    ]
  ]
}