{
  "transfersout": 0,
  "code": 28448,
  "eventtotal": 0,
  "lastseasonpoints": 0,
  "squadnumber": null,
  "transfersbalance": 0,
  "eventcost": 4.5,
  "indreamteam": false,
  "id": 377,
  "firstname": "Lee",
  "transfersoutevent": 0,
  "maxcost": 4.5,
  "eventexplain": [],
  "selected": 267,
  "mincost": 4.5,
  "totalpoints": 16,
  "typename": "Midfielder",
  "teamname": "Sunderland",
  "status": "d",
  "added": "2013-07-15T13:21:16 UTC+0000",
  "form": 0,
  "currentfixture": "",
  "pointspergame": 0,
  "transfersin": 0,
  "news": "Knee injury - 50% chance of playing",
  "originalcost": 4.5,
  "eventpoints": 0,
  "fixturehistory": {
    "all": [],
    "summary": []
  },
  "nextfixture": "Fulham (H)",
  "transfersinevent": 0,
  "selectedby": "0.0",
  "teamid": 16,
  "secondname": "Cattermole",
  "name": "Cattermole",
  "cost": 4.5,
  

"seasonhistory": [
    [
      "2006/07",
      1959,
      1,
      2,
      0,
      23,
      0,
      0,
      0,
      10,
      0,
      0,
      1,
      0,
      0,
      53,
      57
    ],
    [
      "2007/08",
      1002,
      1,
      0,
      0,
      19,
      0,
      0,
      0,
      5,
      0,
      0,
      3,
      0,
      0,
      50,
      37
    ],
    [
      "2008/09",
      2810,
      1,
      2,
      0,
      34,
      0,
      0,
      0,
      10,
      2,
      0,
      16,
      0,
      0,
      50,
      86
    ],
    [
      "2009/10",
      1490,
      0,
      3,
      0,
      20,
      0,
      0,
      0,
      7,
      1,
      0,
      10,
      0,
      0,
      48,
      47
    ],
    [
      "2010/11",
      1921,
      0,
      0,
      9,
      35,
      0,
      0,
      0,
      8,
      2,
      0,
      5,
      0,
      0,
      54,
      44
    ],
    [
      "2011/12",
      1935,
      0,
      0,
      5,
      30,
      0,
      0,
      0,
      9,
      1,
      0,
      3,
      193,
      0,
      47,
      42
    ],
    [
      "2012/13",
      661,
      0,
      0,
      2,
      6,
      0,
      0,
      0,
      2,
      0,
      0,
      0,
      62,
      0,
      43,
      16
    ]
  ]
}