{
  "transfersout": 0,
  "code": 58771,
  "eventtotal": 0,
  "lastseasonpoints": 0,
  "squadnumber": null,
  "transfersbalance": 0,
  "eventcost": 4.5,
  "indreamteam": false,
  "id": 378,
  "firstname": "Jack",
  "transfersoutevent": 0,
  "maxcost": 4.5,
  "eventexplain": [],
  "selected": 92116,
  "mincost": 4.5,
  "totalpoints": 73,
  "typename": "Midfielder",
  "teamname": "Sunderland",
  "status": "a",
  "added": "2013-07-15T13:21:16 UTC+0000",
  "form": 0,
  "currentfixture": "",
  "pointspergame": 0,
  "transfersin": 0,
  "news": "",
  "originalcost": 4.5,
  "eventpoints": 0,
  "fixturehistory": {
    "all": [],
    "summary": []
  },
  "nextfixture": "Fulham (H)",
  "transfersinevent": 0,
  "selectedby": "11.8",
  "teamid": 16,
  "secondname": "Colback",
  "name": "Colback",
  "cost": 4.5,
  

"seasonhistory": [
    [
      "2008/09",
      0,
      0,
      0,
      0,
      0,
      0,
      0,
      0,
      0,
      0,
      0,
      0,
      0,
      0,
      45,
      0
    ],
    [
      "2009/10",
      17,
      0,
      0,
      0,
      1,
      0,
      0,
      0,
      0,
      1,
      0,
      0,
      0,
      0,
      45,
      -2
    ],
    [
      "2010/11",
      589,
      0,
      0,
      1,
      14,
      0,
      0,
      0,
      1,
      0,
      0,
      2,
      0,
      0,
      45,
      19
    ],
    [
      "2011/12",
      2672,
      1,
      1,
      10,
      36,
      0,
      0,
      0,
      3,
      0,
      0,
      6,
      293,
      0,
      49,
      85
    ],
    [
      "2012/13",
      2813,
      0,
      0,
      10,
      36,
      0,
      0,
      0,
      4,
      0,
      0,
      1,
      301,
      0,
      45,
      73
    ]
  ]
}