{
  "transfersout": 0,
  "code": 19057,
  "eventtotal": 0,
  "lastseasonpoints": 0,
  "squadnumber": null,
  "transfersbalance": 0,
  "eventcost": 6,
  "indreamteam": false,
  "id": 379,
  "firstname": "Sebastian",
  "transfersoutevent": 0,
  "maxcost": 6,
  "eventexplain": [],
  "selected": 15612,
  "mincost": 6,
  "totalpoints": 112,
  "typename": "Midfielder",
  "teamname": "Sunderland",
  "status": "a",
  "added": "2013-07-15T13:21:16 UTC+0000",
  "form": 0,
  "currentfixture": "",
  "pointspergame": 0,
  "transfersin": 0,
  "news": "",
  "originalcost": 6,
  "eventpoints": 0,
  "fixturehistory": {
    "all": [],
    "summary": []
  },
  "nextfixture": "Fulham (H)",
  "transfersinevent": 0,
  "selectedby": "2.0",
  "teamid": 16,
  "secondname": "Larsson",
  "name": "Larsson",
  "cost": 6,
  

"seasonhistory": [
    [
      "2006/07",
      0,
      0,
      0,
      0,
      0,
      0,
      0,
      0,
      0,
      0,
      0,
      0,
      0,
      0,
      60,
      0
    ],
    [
      "2007/08",
      2664,
      6,
      5,
      0,
      45,
      0,
      0,
      0,
      5,
      0,
      0,
      11,
      0,
      0,
      49,
      118
    ],
    [
      "2009/10",
      2377,
      4,
      3,
      0,
      29,
      0,
      0,
      0,
      3,
      0,
      0,
      1,
      0,
      0,
      49,
      94
    ],
    [
      "2010/11",
      2833,
      4,
      6,
      8,
      45,
      0,
      0,
      0,
      5,
      0,
      0,
      9,
      0,
      0,
      50,
      116
    ],
    [
      "2011/12",
      2695,
      7,
      4,
      12,
      36,
      0,
      0,
      1,
      7,
      0,
      0,
      15,
      463,
      0,
      66,
      128
    ],
    [
      "2012/13",
      2977,
      1,
      6,
      13,
      47,
      0,
      0,
      0,
      5,
      0,
      0,
      8,
      352,
      0,
      59,
      112
    ]
  ]
}