{
  "transfersout": 0,
  "code": 51938,
  "eventtotal": 0,
  "lastseasonpoints": 0,
  "squadnumber": null,
  "transfersbalance": 0,
  "eventcost": 5,
  "indreamteam": false,
  "id": 38,
  "firstname": "Marc",
  "transfersoutevent": 0,
  "maxcost": 5,
  "eventexplain": [],
  "selected": 1238,
  "mincost": 5,
  "totalpoints": 13,
  "typename": "Midfielder",
  "teamname": "Aston Villa",
  "status": "a",
  "added": "2013-07-15T13:21:12 UTC+0000",
  "form": 0,
  "currentfixture": "",
  "pointspergame": 0,
  "transfersin": 0,
  "news": "",
  "originalcost": 5,
  "eventpoints": 0,
  "fixturehistory": {
    "all": [],
    "summary": []
  },
  "nextfixture": "Arsenal (A), Chelsea (A)",
  "transfersinevent": 0,
  "selectedby": "0.2",
  "teamid": 2,
  "secondname": "Albrighton",
  "name": "Albrighton",
  "cost": 5,
  

"seasonhistory": [
    [
      "2008/09",
      0,
      0,
      0,
      0,
      0,
      0,
      0,
      0,
      0,
      0,
      0,
      0,
      0,
      0,
      45,
      0
    ],
    [
      "2009/10",
      61,
      0,
      0,
      0,
      1,
      0,
      0,
      0,
      0,
      0,
      0,
      0,
      0,
      0,
      42,
      3
    ],
    [
      "2010/11",
      1800,
      5,
      7,
      4,
      33,
      0,
      0,
      0,
      3,
      0,
      0,
      4,
      0,
      0,
      44,
      99
    ],
    [
      "2011/12",
      1499,
      2,
      2,
      4,
      22,
      0,
      0,
      0,
      3,
      0,
      0,
      4,
      226,
      0,
      59,
      62
    ],
    [
      "2012/13",
      429,
      0,
      0,
      0,
      11,
      0,
      0,
      0,
      0,
      0,
      0,
      0,
      40,
      0,
      52,
      13
    ]
  ]
}