{
  "transfersout": 0,
  "code": 28468,
  "eventtotal": 0,
  "lastseasonpoints": 0,
  "squadnumber": null,
  "transfersbalance": 0,
  "eventcost": 5.5,
  "indreamteam": false,
  "id": 380,
  "firstname": "Craig",
  "transfersoutevent": 0,
  "maxcost": 5.5,
  "eventexplain": [],
  "selected": 320,
  "mincost": 5.5,
  "totalpoints": 104,
  "typename": "Midfielder",
  "teamname": "Sunderland",
  "status": "s",
  "added": "2013-07-15T13:21:16 UTC+0000",
  "form": 0,
  "currentfixture": "",
  "pointspergame": 0,
  "transfersin": 0,
  "news": "Suspended - unknown return date",
  "originalcost": 5.5,
  "eventpoints": 0,
  "fixturehistory": {
    "all": [],
    "summary": []
  },
  "nextfixture": "Fulham (H)",
  "transfersinevent": 0,
  "selectedby": "0.0",
  "teamid": 16,
  "secondname": "Gardner",
  "name": "Gardner",
  "cost": 5.5,
  

"seasonhistory": [
    [
      "2006/07",
      971,
      2,
      0,
      0,
      13,
      0,
      0,
      0,
      1,
      0,
      0,
      0,
      0,
      0,
      42,
      35
    ],
    [
      "2007/08",
      1331,
      3,
      0,
      0,
      21,
      0,
      0,
      0,
      4,
      0,
      0,
      0,
      0,
      0,
      48,
      49
    ],
    [
      "2008/09",
      316,
      0,
      0,
      0,
      2,
      0,
      0,
      0,
      1,
      0,
      0,
      0,
      0,
      0,
      46,
      19
    ],
    [
      "2009/10",
      903,
      1,
      2,
      0,
      19,
      0,
      0,
      0,
      4,
      0,
      0,
      0,
      0,
      0,
      42,
      31
    ],
    [
      "2010/11",
      2216,
      8,
      0,
      6,
      34,
      0,
      0,
      0,
      5,
      2,
      0,
      5,
      0,
      0,
      49,
      92
    ],
    [
      "2011/12",
      2120,
      3,
      0,
      9,
      29,
      0,
      0,
      0,
      4,
      1,
      0,
      4,
      247,
      0,
      56,
      73
    ],
    [
      "2012/13",
      2828,
      6,
      2,
      9,
      49,
      0,
      0,
      0,
      10,
      1,
      0,
      8,
      263,
      0,
      49,
      104
    ]
  ]
}