{
  "transfersout": 0,
  "code": 7631,
  "eventtotal": 0,
  "lastseasonpoints": 0,
  "squadnumber": null,
  "transfersbalance": 0,
  "eventcost": 5,
  "indreamteam": false,
  "id": 381,
  "firstname": "David",
  "transfersoutevent": 0,
  "maxcost": 5,
  "eventexplain": [],
  "selected": 462,
  "mincost": 5,
  "totalpoints": 31,
  "typename": "Midfielder",
  "teamname": "Sunderland",
  "status": "a",
  "added": "2013-07-15T13:21:16 UTC+0000",
  "form": 0,
  "currentfixture": "",
  "pointspergame": 0,
  "transfersin": 0,
  "news": "",
  "originalcost": 5,
  "eventpoints": 0,
  "fixturehistory": {
    "all": [],
    "summary": []
  },
  "nextfixture": "Fulham (H)",
  "transfersinevent": 0,
  "selectedby": "0.1",
  "teamid": 16,
  "secondname": "Vaughan",
  "name": "Vaughan",
  "cost": 5,
  

"seasonhistory": [
    [
      "2010/11",
      3150,
      2,
      3,
      6,
      69,
      0,
      0,
      0,
      6,
      0,
      0,
      21,
      0,
      0,
      43,
      110
    ],
    [
      "2011/12",
      1482,
      2,
      2,
      4,
      19,
      0,
      0,
      0,
      3,
      0,
      0,
      4,
      196,
      0,
      50,
      60
    ],
    [
      "2012/13",
      737,
      1,
      0,
      2,
      10,
      1,
      0,
      0,
      1,
      1,
      0,
      0,
      98,
      0,
      49,
      31
    ]
  ]
}