{
  "transfersout": 0,
  "code": 63370,
  "eventtotal": 0,
  "lastseasonpoints": 0,
  "squadnumber": null,
  "transfersbalance": 0,
  "eventcost": 5.5,
  "indreamteam": false,
  "id": 382,
  "firstname": "James",
  "transfersoutevent": 0,
  "maxcost": 5.5,
  "eventexplain": [],
  "selected": 3690,
  "mincost": 5.5,
  "totalpoints": 97,
  "typename": "Midfielder",
  "teamname": "Sunderland",
  "status": "a",
  "added": "2013-07-15T13:21:16 UTC+0000",
  "form": 0,
  "currentfixture": "",
  "pointspergame": 0,
  "transfersin": 0,
  "news": "",
  "originalcost": 5.5,
  "eventpoints": 0,
  "fixturehistory": {
    "all": [],
    "summary": []
  },
  "nextfixture": "Fulham (H)",
  "transfersinevent": 0,
  "selectedby": "0.5",
  "teamid": 16,
  "secondname": "McClean",
  "name": "McClean",
  "cost": 5.5,
  

"seasonhistory": [
    [
      "2011/12",
      1845,
      5,
      3,
      8,
      24,
      0,
      0,
      0,
      2,
      0,
      0,
      18,
      322,
      0,
      48,
      101
    ],
    [
      "2012/13",
      2343,
      2,
      4,
      10,
      31,
      0,
      0,
      0,
      4,
      0,
      0,
      10,
      279,
      0,
      56,
      97
    ]
  ]
}