{
  "transfersout": 0,
  "code": 34392,
  "eventtotal": 0,
  "lastseasonpoints": 0,
  "squadnumber": null,
  "transfersbalance": 0,
  "eventcost": 7,
  "indreamteam": false,
  "id": 383,
  "firstname": "Stephane",
  "transfersoutevent": 0,
  "maxcost": 7,
  "eventexplain": [],
  "selected": 51052,
  "mincost": 7,
  "totalpoints": 141,
  "typename": "Midfielder",
  "teamname": "Sunderland",
  "status": "a",
  "added": "2013-07-15T13:21:16 UTC+0000",
  "form": 0,
  "currentfixture": "",
  "pointspergame": 0,
  "transfersin": 0,
  "news": "",
  "originalcost": 7,
  "eventpoints": 0,
  "fixturehistory": {
    "all": [],
    "summary": []
  },
  "nextfixture": "Fulham (H)",
  "transfersinevent": 0,
  "selectedby": "6.6",
  "teamid": 16,
  "secondname": "Sessegnon",
  "name": "Sessegnon",
  "cost": 7,
  

"seasonhistory": [
    [
      "2010/11",
      1183,
      3,
      2,
      2,
      29,
      0,
      0,
      0,
      2,
      0,
      0,
      3,
      0,
      0,
      58,
      51
    ],
    [
      "2011/12",
      3125,
      7,
      12,
      11,
      43,
      0,
      0,
      0,
      3,
      1,
      0,
      14,
      436,
      0,
      72,
      161
    ],
    [
      "2012/13",
      2887,
      7,
      5,
      11,
      47,
      0,
      0,
      0,
      1,
      1,
      0,
      16,
      376,
      0,
      67,
      141
    ]
  ]
}