{
  "transfersout": 0,
  "code": 49688,
  "eventtotal": 0,
  "lastseasonpoints": 0,
  "squadnumber": null,
  "transfersbalance": 0,
  "eventcost": 4.5,
  "indreamteam": false,
  "id": 384,
  "firstname": "Alfred",
  "transfersoutevent": 0,
  "maxcost": 4.5,
  "eventexplain": [],
  "selected": 910,
  "mincost": 4.5,
  "totalpoints": 34,
  "typename": "Midfielder",
  "teamname": "Sunderland",
  "status": "n",
  "added": "2013-07-15T13:21:16 UTC+0000",
  "form": 0,
  "currentfixture": "",
  "pointspergame": 0,
  "transfersin": 0,
  "news": "Joined Turkish side Eskisehirspor on season-long loan. - Expected back 12 May",
  "originalcost": 4.5,
  "eventpoints": 0,
  "fixturehistory": {
    "all": [],
    "summary": []
  },
  "nextfixture": "Fulham (H)",
  "transfersinevent": 0,
  "selectedby": "0.1",
  "teamid": 16,
  "secondname": "N'Diaye",
  "name": "N'Diaye",
  "cost": 4.5,
  

"seasonhistory": [
    [
      "2012/13",
      1295,
      0,
      1,
      3,
      23,
      0,
      0,
      0,
      3,
      0,
      0,
      0,
      82,
      0,
      42,
      34
    ]
  ]
}