{
  "transfersout": 0,
  "code": 59125,
  "eventtotal": 0,
  "lastseasonpoints": 0,
  "squadnumber": null,
  "transfersbalance": 0,
  "eventcost": 5,
  "indreamteam": false,
  "id": 387,
  "firstname": "Connor",
  "transfersoutevent": 0,
  "maxcost": 5,
  "eventexplain": [],
  "selected": 2867,
  "mincost": 5,
  "totalpoints": 15,
  "typename": "Forward",
  "teamname": "Sunderland",
  "status": "a",
  "added": "2013-07-15T13:21:16 UTC+0000",
  "form": 0,
  "currentfixture": "",
  "pointspergame": 0,
  "transfersin": 0,
  "news": "",
  "originalcost": 5,
  "eventpoints": 0,
  "fixturehistory": {
    "all": [],
    "summary": []
  },
  "nextfixture": "Fulham (H)",
  "transfersinevent": 0,
  "selectedby": "0.4",
  "teamid": 16,
  "secondname": "Wickham",
  "name": "Wickham",
  "cost": 5,
  

"seasonhistory": [
    [
      "2011/12",
      532,
      1,
      0,
      2,
      6,
      0,
      0,
      0,
      0,
      0,
      0,
      0,
      40,
      0,
      56,
      24
    ],
    [
      "2012/13",
      443,
      0,
      0,
      1,
      7,
      0,
      0,
      0,
      0,
      0,
      0,
      0,
      8,
      0,
      50,
      15
    ]
  ]
}