{
  "transfersout": 0,
  "code": 15398,
  "eventtotal": 0,
  "lastseasonpoints": 0,
  "squadnumber": null,
  "transfersbalance": 0,
  "eventcost": 5.5,
  "indreamteam": false,
  "id": 388,
  "firstname": "Danny",
  "transfersoutevent": 0,
  "maxcost": 5.5,
  "eventexplain": [],
  "selected": 23217,
  "mincost": 5.5,
  "totalpoints": 79,
  "typename": "Forward",
  "teamname": "Hull City",
  "status": "a",
  "added": "2013-07-15T13:21:16 UTC+0000",
  "form": 0,
  "currentfixture": "",
  "pointspergame": 0,
  "transfersin": 0,
  "news": "",
  "originalcost": 5.5,
  "eventpoints": 0,
  "fixturehistory": {
    "all": [],
    "summary": []
  },
  "nextfixture": "Chelsea (A)",
  "transfersinevent": 0,
  "selectedby": "3.0",
  "teamid": 8,
  "secondname": "Graham",
  "name": "Graham",
  "cost": 5.5,
  

"seasonhistory": [
    [
      "2006/07",
      11,
      0,
      0,
      0,
      0,
      0,
      0,
      0,
      0,
      0,
      0,
      0,
      0,
      0,
      54,
      1
    ],
    [
      "2011/12",
      2842,
      12,
      3,
      11,
      41,
      1,
      0,
      0,
      0,
      0,
      0,
      16,
      393,
      0,
      47,
      138
    ],
    [
      "2012/13",
      1853,
      3,
      4,
      5,
      32,
      0,
      0,
      0,
      0,
      0,
      0,
      5,
      216,
      0,
      54,
      79
    ]
  ]
}