{
  "transfersout": 0,
  "code": 18953,
  "eventtotal": 0,
  "lastseasonpoints": 0,
  "squadnumber": null,
  "transfersbalance": 0,
  "eventcost": 7.5,
  "indreamteam": false,
  "id": 389,
  "firstname": "Steven",
  "transfersoutevent": 0,
  "maxcost": 7.5,
  "eventexplain": [],
  "selected": 1793,
  "mincost": 7.5,
  "totalpoints": 131,
  "typename": "Forward",
  "teamname": "Sunderland",
  "status": "d",
  "added": "2013-07-15T13:21:16 UTC+0000",
  "form": 0,
  "currentfixture": "",
  "pointspergame": 0,
  "transfersin": 0,
  "news": "Ankle injury - 50% chance of playing",
  "originalcost": 7.5,
  "eventpoints": 0,
  "fixturehistory": {
    "all": [],
    "summary": []
  },
  "nextfixture": "Fulham (H)",
  "transfersinevent": 0,
  "selectedby": "0.2",
  "teamid": 16,
  "secondname": "Fletcher",
  "name": "Fletcher",
  "cost": 7.5,
  

"seasonhistory": [
    [
      "2009/10",
      2850,
      8,
      5,
      0,
      65,
      0,
      0,
      0,
      1,
      0,
      0,
      4,
      0,
      0,
      50,
      118
    ],
    [
      "2010/11",
      1395,
      10,
      3,
      2,
      31,
      0,
      0,
      0,
      1,
      0,
      0,
      7,
      0,
      0,
      49,
      97
    ],
    [
      "2011/12",
      2347,
      12,
      2,
      3,
      56,
      0,
      0,
      0,
      2,
      0,
      0,
      16,
      356,
      0,
      50,
      125
    ],
    [
      "2012/13",
      2367,
      11,
      4,
      9,
      36,
      0,
      0,
      0,
      3,
      0,
      0,
      24,
      414,
      0,
      67,
      131
    ]
  ]
}