{
  "transfersout": 0,
  "code": 20481,
  "eventtotal": 0,
  "lastseasonpoints": 0,
  "squadnumber": null,
  "transfersbalance": 0,
  "eventcost": 5,
  "indreamteam": false,
  "id": 39,
  "firstname": "Stephen",
  "transfersoutevent": 0,
  "maxcost": 5,
  "eventexplain": [],
  "selected": 1249,
  "mincost": 5,
  "totalpoints": 26,
  "typename": "Midfielder",
  "teamname": "Aston Villa",
  "status": "a",
  "added": "2013-07-15T13:21:12 UTC+0000",
  "form": 0,
  "currentfixture": "",
  "pointspergame": 0,
  "transfersin": 0,
  "news": "",
  "originalcost": 5,
  "eventpoints": 0,
  "fixturehistory": {
    "all": [],
    "summary": []
  },
  "nextfixture": "Arsenal (A), Chelsea (A)",
  "transfersinevent": 0,
  "selectedby": "0.2",
  "teamid": 2,
  "secondname": "Ireland",
  "name": "Ireland",
  "cost": 5,
  

"seasonhistory": [
    [
      "2006/07",
      1338,
      1,
      1,
      0,
      19,
      0,
      0,
      0,
      0,
      0,
      0,
      1,
      0,
      0,
      46,
      52
    ],
    [
      "2007/08",
      2547,
      4,
      4,
      0,
      39,
      0,
      0,
      0,
      1,
      1,
      0,
      8,
      0,
      0,
      48,
      106
    ],
    [
      "2008/09",
      3030,
      9,
      10,
      0,
      44,
      0,
      0,
      0,
      8,
      0,
      0,
      16,
      0,
      0,
      71,
      160
    ],
    [
      "2009/10",
      1453,
      2,
      2,
      0,
      23,
      0,
      0,
      0,
      0,
      0,
      0,
      5,
      0,
      0,
      83,
      63
    ],
    [
      "2010/11",
      555,
      0,
      0,
      1,
      16,
      0,
      0,
      0,
      1,
      0,
      0,
      0,
      0,
      0,
      58,
      17
    ],
    [
      "2011/12",
      1590,
      1,
      3,
      2,
      29,
      0,
      0,
      0,
      2,
      0,
      0,
      6,
      177,
      0,
      51,
      59
    ],
    [
      "2012/13",
      780,
      0,
      1,
      3,
      18,
      0,
      0,
      0,
      1,
      0,
      0,
      0,
      75,
      0,
      50,
      26
    ]
  ]
}