{
  "transfersout": 0,
  "code": 106300,
  "eventtotal": 0,
  "lastseasonpoints": 0,
  "squadnumber": null,
  "transfersbalance": 0,
  "eventcost": 5,
  "indreamteam": false,
  "id": 392,
  "firstname": "David",
  "transfersoutevent": 0,
  "maxcost": 5,
  "eventexplain": [],
  "selected": 1311,
  "mincost": 5,
  "totalpoints": 0,
  "typename": "Forward",
  "teamname": "Sunderland",
  "status": "a",
  "added": "2013-07-15T13:21:16 UTC+0000",
  "form": 0,
  "currentfixture": "",
  "pointspergame": 0,
  "transfersin": 0,
  "news": "",
  "originalcost": 5,
  "eventpoints": 0,
  "fixturehistory": {
    "all": [],
    "summary": []
  },
  "nextfixture": "Fulham (H)",
  "transfersinevent": 0,
  "selectedby": "0.2",
  "teamid": 16,
  "secondname": "Moberg-Karlsson",
  "name": "Moberg-Karlsson",
  "cost": 5,
  

"seasonhistory": []
}