{
  "transfersout": 0,
  "code": 41574,
  "eventtotal": 0,
  "lastseasonpoints": 0,
  "squadnumber": null,
  "transfersbalance": 0,
  "eventcost": 7,
  "indreamteam": false,
  "id": 393,
  "firstname": "Jozy",
  "transfersoutevent": 0,
  "maxcost": 7,
  "eventexplain": [],
  "selected": 15093,
  "mincost": 7,
  "totalpoints": 0,
  "typename": "Forward",
  "teamname": "Sunderland",
  "status": "a",
  "added": "2013-07-15T13:21:16 UTC+0000",
  "form": 0,
  "currentfixture": "",
  "pointspergame": 0,
  "transfersin": 0,
  "news": "",
  "originalcost": 7,
  "eventpoints": 0,
  "fixturehistory": {
    "all": [],
    "summary": []
  },
  "nextfixture": "Fulham (H)",
  "transfersinevent": 0,
  "selectedby": "1.9",
  "teamid": 16,
  "secondname": "Altidore",
  "name": "Altidore",
  "cost": 7,
  

"seasonhistory": [
    [
      "2009/10",
      1464,
      1,
      7,
      0,
      34,
      0,
      0,
      0,
      4,
      1,
      0,
      2,
      0,
      0,
      46,
      61
    ]
  ]
}