{
  "transfersout": 0,
  "code": 39215,
  "eventtotal": 0,
  "lastseasonpoints": 0,
  "squadnumber": null,
  "transfersbalance": 0,
  "eventcost": 5,
  "indreamteam": false,
  "id": 394,
  "firstname": "Michel",
  "transfersoutevent": 0,
  "maxcost": 5,
  "eventexplain": [],
  "selected": 64457,
  "mincost": 5,
  "totalpoints": 92,
  "typename": "Goalkeeper",
  "teamname": "Swansea",
  "status": "a",
  "added": "2013-07-15T13:21:16 UTC+0000",
  "form": 0,
  "currentfixture": "",
  "pointspergame": 0,
  "transfersin": 0,
  "news": "",
  "originalcost": 5,
  "eventpoints": 0,
  "fixturehistory": {
    "all": [],
    "summary": []
  },
  "nextfixture": "Man Utd (H)",
  "transfersinevent": 0,
  "selectedby": "8.3",
  "teamid": 17,
  "secondname": "Vorm",
  "name": "Vorm",
  "cost": 5,
  

"seasonhistory": [
    [
      "2011/12",
      3330,
      0,
      0,
      14,
      49,
      0,
      2,
      0,
      2,
      0,
      143,
      3,
      404,
      0,
      52,
      158
    ],
    [
      "2012/13",
      2307,
      0,
      0,
      7,
      38,
      0,
      1,
      0,
      1,
      0,
      89,
      1,
      258,
      0,
      51,
      92
    ]
  ]
}