{
  "transfersout": 0,
  "code": 5288,
  "eventtotal": 0,
  "lastseasonpoints": 0,
  "squadnumber": null,
  "transfersbalance": 0,
  "eventcost": 4.5,
  "indreamteam": false,
  "id": 395,
  "firstname": "Gerhard",
  "transfersoutevent": 0,
  "maxcost": 4.5,
  "eventexplain": [],
  "selected": 4228,
  "mincost": 4.5,
  "totalpoints": 51,
  "typename": "Goalkeeper",
  "teamname": "Swansea",
  "status": "a",
  "added": "2013-07-15T13:21:16 UTC+0000",
  "form": 0,
  "currentfixture": "",
  "pointspergame": 0,
  "transfersin": 0,
  "news": "",
  "originalcost": 4.5,
  "eventpoints": 0,
  "fixturehistory": {
    "all": [],
    "summary": []
  },
  "nextfixture": "Man Utd (H)",
  "transfersinevent": 0,
  "selectedby": "0.5",
  "teamid": 17,
  "secondname": "Tremmel",
  "name": "Tremmel",
  "cost": 4.5,
  

"seasonhistory": [
    [
      "2011/12",
      90,
      0,
      0,
      0,
      2,
      0,
      0,
      0,
      0,
      0,
      2,
      0,
      4,
      0,
      40,
      1
    ],
    [
      "2012/13",
      1113,
      0,
      0,
      3,
      13,
      0,
      0,
      0,
      0,
      0,
      56,
      1,
      142,
      0,
      41,
      51
    ]
  ]
}