{
  "transfersout": 0,
  "code": 60084,
  "eventtotal": 0,
  "lastseasonpoints": 0,
  "squadnumber": null,
  "transfersbalance": 0,
  "eventcost": 4,
  "indreamteam": false,
  "id": 396,
  "firstname": "David",
  "transfersoutevent": 0,
  "maxcost": 4,
  "eventexplain": [],
  "selected": 2808,
  "mincost": 4,
  "totalpoints": 0,
  "typename": "Goalkeeper",
  "teamname": "Swansea",
  "status": "a",
  "added": "2013-07-15T13:21:16 UTC+0000",
  "form": 0,
  "currentfixture": "",
  "pointspergame": 0,
  "transfersin": 0,
  "news": "",
  "originalcost": 4,
  "eventpoints": 0,
  "fixturehistory": {
    "all": [],
    "summary": []
  },
  "nextfixture": "Man Utd (H)",
  "transfersinevent": 0,
  "selectedby": "0.4",
  "teamid": 17,
  "secondname": "Cornell",
  "name": "Cornell",
  "cost": 4,
  

"seasonhistory": [
    [
      "2012/13",
      0,
      0,
      0,
      0,
      0,
      0,
      0,
      0,
      0,
      0,
      0,
      0,
      4,
      0,
      40,
      0
    ]
  ]
}