{
  "transfersout": 0,
  "code": 19159,
  "eventtotal": 0,
  "lastseasonpoints": 0,
  "squadnumber": null,
  "transfersbalance": 0,
  "eventcost": 5,
  "indreamteam": false,
  "id": 397,
  "firstname": "Ashley",
  "transfersoutevent": 0,
  "maxcost": 5,
  "eventexplain": [],
  "selected": 102045,
  "mincost": 5,
  "totalpoints": 100,
  "typename": "Defender",
  "teamname": "Swansea",
  "status": "a",
  "added": "2013-07-15T13:21:16 UTC+0000",
  "form": 0,
  "currentfixture": "",
  "pointspergame": 0,
  "transfersin": 0,
  "news": "",
  "originalcost": 5,
  "eventpoints": 0,
  "fixturehistory": {
    "all": [],
    "summary": []
  },
  "nextfixture": "Man Utd (H)",
  "transfersinevent": 0,
  "selectedby": "13.1",
  "teamid": 17,
  "secondname": "Williams",
  "name": "Williams",
  "cost": 5,
  

"seasonhistory": [
    [
      "2011/12",
      3330,
      1,
      2,
      13,
      51,
      0,
      0,
      0,
      6,
      0,
      0,
      10,
      414,
      0,
      51,
      123
    ],
    [
      "2012/13",
      3330,
      0,
      0,
      10,
      46,
      0,
      0,
      0,
      7,
      0,
      0,
      9,
      452,
      0,
      49,
      100
    ]
  ]
}