{
  "transfersout": 0,
  "code": 47390,
  "eventtotal": 0,
  "lastseasonpoints": 0,
  "squadnumber": null,
  "transfersbalance": 0,
  "eventcost": 4.5,
  "indreamteam": false,
  "id": 398,
  "firstname": "Neil",
  "transfersoutevent": 0,
  "maxcost": 4.5,
  "eventexplain": [],
  "selected": 4713,
  "mincost": 4.5,
  "totalpoints": 17,
  "typename": "Defender",
  "teamname": "Swansea",
  "status": "a",
  "added": "2013-07-15T13:21:16 UTC+0000",
  "form": 0,
  "currentfixture": "",
  "pointspergame": 0,
  "transfersin": 0,
  "news": "",
  "originalcost": 4.5,
  "eventpoints": 0,
  "fixturehistory": {
    "all": [],
    "summary": []
  },
  "nextfixture": "Man Utd (H)",
  "transfersinevent": 0,
  "selectedby": "0.6",
  "teamid": 17,
  "secondname": "Taylor",
  "name": "Taylor",
  "cost": 4.5,
  

"seasonhistory": [
    [
      "2011/12",
      3082,
      0,
      1,
      14,
      41,
      1,
      0,
      0,
      4,
      0,
      0,
      5,
      402,
      0,
      45,
      112
    ],
    [
      "2012/13",
      276,
      0,
      0,
      2,
      2,
      0,
      0,
      0,
      0,
      0,
      0,
      0,
      35,
      0,
      45,
      17
    ]
  ]
}