{
  "transfersout": 0,
  "code": 11883,
  "eventtotal": 0,
  "lastseasonpoints": 0,
  "squadnumber": null,
  "transfersbalance": 0,
  "eventcost": 4,
  "indreamteam": false,
  "id": 399,
  "firstname": "Alan",
  "transfersoutevent": 0,
  "maxcost": 4,
  "eventexplain": [],
  "selected": 1205,
  "mincost": 4,
  "totalpoints": 2,
  "typename": "Defender",
  "teamname": "Swansea",
  "status": "n",
  "added": "2013-07-15T13:21:16 UTC+0000",
  "form": 0,
  "currentfixture": "",
  "pointspergame": 0,
  "transfersin": 0,
  "news": "Joined Yeovil on loan from 23/7 until 2/1/14. - Expected back 04 Jan",
  "originalcost": 4,
  "eventpoints": 0,
  "fixturehistory": {
    "all": [],
    "summary": []
  },
  "nextfixture": "Man Utd (H)",
  "transfersinevent": 0,
  "selectedby": "0.2",
  "teamid": 17,
  "secondname": "Tate",
  "name": "Tate",
  "cost": 4,
  

"seasonhistory": [
    [
      "2011/12",
      165,
      0,
      0,
      0,
      6,
      0,
      0,
      0,
      0,
      0,
      0,
      0,
      18,
      0,
      38,
      3
    ],
    [
      "2012/13",
      162,
      0,
      0,
      0,
      4,
      0,
      0,
      0,
      0,
      0,
      0,
      0,
      31,
      0,
      38,
      2
    ]
  ]
}