{
  "transfersout": 0,
  "code": 15943,
  "eventtotal": 0,
  "lastseasonpoints": 0,
  "squadnumber": null,
  "transfersbalance": 0,
  "eventcost": 5.5,
  "indreamteam": false,
  "id": 4,
  "firstname": "Thomas",
  "transfersoutevent": 0,
  "maxcost": 5.5,
  "eventexplain": [],
  "selected": 4581,
  "mincost": 5.5,
  "totalpoints": 70,
  "typename": "Defender",
  "teamname": "Arsenal",
  "status": "d",
  "added": "2013-07-15T13:21:12 UTC+0000",
  "form": 0,
  "currentfixture": "",
  "pointspergame": 0,
  "transfersin": 0,
  "news": "Back injury - 50% chance of playing",
  "originalcost": 5.5,
  "eventpoints": 0,
  "fixturehistory": {
    "all": [],
    "summary": []
  },
  "nextfixture": "Aston Villa (H)",
  "transfersinevent": 0,
  "selectedby": "0.6",
  "teamid": 1,
  "secondname": "Vermaelen",
  "name": "Vermaelen",
  "cost": 5.5,
  

"seasonhistory": [
    [
      "2009/10",
      2796,
      7,
      1,
      0,
      34,
      1,
      0,
      0,
      3,
      1,
      0,
      6,
      0,
      0,
      72,
      138
    ],
    [
      "2010/11",
      450,
      0,
      1,
      1,
      6,
      0,
      0,
      0,
      0,
      0,
      0,
      0,
      0,
      0,
      71,
      15
    ],
    [
      "2011/12",
      2477,
      6,
      1,
      10,
      25,
      1,
      0,
      0,
      8,
      0,
      0,
      14,
      415,
      0,
      73,
      132
    ],
    [
      "2012/13",
      2236,
      0,
      0,
      6,
      32,
      0,
      0,
      0,
      3,
      0,
      0,
      7,
      291,
      0,
      67,
      70
    ]
  ]
}