{
  "transfersout": 0,
  "code": 18737,
  "eventtotal": 0,
  "lastseasonpoints": 0,
  "squadnumber": null,
  "transfersbalance": 0,
  "eventcost": 6,
  "indreamteam": false,
  "id": 40,
  "firstname": "Charles",
  "transfersoutevent": 0,
  "maxcost": 6,
  "eventexplain": [],
  "selected": 157,
  "mincost": 6,
  "totalpoints": 65,
  "typename": "Midfielder",
  "teamname": "Aston Villa",
  "status": "i",
  "added": "2013-07-15T13:21:12 UTC+0000",
  "form": 0,
  "currentfixture": "",
  "pointspergame": 0,
  "transfersin": 0,
  "news": "Achilles injury - Unknown return date",
  "originalcost": 6,
  "eventpoints": 0,
  "fixturehistory": {
    "all": [],
    "summary": []
  },
  "nextfixture": "Arsenal (A), Chelsea (A)",
  "transfersinevent": 0,
  "selectedby": "0.0",
  "teamid": 2,
  "secondname": "N'Zogbia",
  "name": "N'Zogbia",
  "cost": 6,
  

"seasonhistory": [
    [
      "2006/07",
      1131,
      0,
      3,
      0,
      11,
      0,
      0,
      0,
      2,
      0,
      0,
      0,
      0,
      0,
      61,
      40
    ],
    [
      "2007/08",
      2441,
      3,
      3,
      0,
      53,
      0,
      0,
      0,
      5,
      0,
      0,
      6,
      0,
      0,
      46,
      86
    ],
    [
      "2008/09",
      2402,
      2,
      3,
      0,
      42,
      0,
      0,
      0,
      3,
      0,
      0,
      4,
      0,
      0,
      51,
      91
    ],
    [
      "2009/10",
      3031,
      5,
      7,
      0,
      73,
      0,
      0,
      0,
      7,
      0,
      0,
      31,
      0,
      0,
      62,
      146
    ],
    [
      "2010/11",
      2785,
      9,
      7,
      8,
      49,
      0,
      0,
      0,
      2,
      1,
      0,
      33,
      0,
      0,
      59,
      167
    ],
    [
      "2011/12",
      2072,
      2,
      5,
      9,
      25,
      0,
      0,
      0,
      4,
      0,
      0,
      8,
      233,
      0,
      66,
      91
    ],
    [
      "2012/13",
      995,
      2,
      6,
      1,
      19,
      0,
      0,
      0,
      1,
      0,
      0,
      6,
      119,
      0,
      58,
      65
    ]
  ]
}