{
  "transfersout": 0,
  "code": 1950,
  "eventtotal": 0,
  "lastseasonpoints": 0,
  "squadnumber": null,
  "transfersbalance": 0,
  "eventcost": 4.5,
  "indreamteam": false,
  "id": 400,
  "firstname": "Garry",
  "transfersoutevent": 0,
  "maxcost": 4.5,
  "eventexplain": [],
  "selected": 649,
  "mincost": 4.5,
  "totalpoints": 22,
  "typename": "Defender",
  "teamname": "Swansea",
  "status": "a",
  "added": "2013-07-15T13:21:16 UTC+0000",
  "form": 0,
  "currentfixture": "",
  "pointspergame": 0,
  "transfersin": 0,
  "news": "",
  "originalcost": 4.5,
  "eventpoints": 0,
  "fixturehistory": {
    "all": [],
    "summary": []
  },
  "nextfixture": "Man Utd (H)",
  "transfersinevent": 0,
  "selectedby": "0.1",
  "teamid": 17,
  "secondname": "Monk",
  "name": "Monk",
  "cost": 4.5,
  

"seasonhistory": [
    [
      "2011/12",
      1266,
      0,
      0,
      5,
      23,
      0,
      0,
      0,
      3,
      0,
      0,
      2,
      139,
      0,
      40,
      40
    ],
    [
      "2012/13",
      925,
      0,
      0,
      1,
      16,
      0,
      0,
      0,
      0,
      0,
      0,
      2,
      122,
      0,
      42,
      22
    ]
  ]
}