{
  "transfersout": 0,
  "code": 42996,
  "eventtotal": 0,
  "lastseasonpoints": 0,
  "squadnumber": null,
  "transfersbalance": 0,
  "eventcost": 5.5,
  "indreamteam": false,
  "id": 401,
  "firstname": "Angel",
  "transfersoutevent": 0,
  "maxcost": 5.5,
  "eventexplain": [],
  "selected": 23201,
  "mincost": 5.5,
  "totalpoints": 111,
  "typename": "Defender",
  "teamname": "Swansea",
  "status": "a",
  "added": "2013-07-15T13:21:17 UTC+0000",
  "form": 0,
  "currentfixture": "",
  "pointspergame": 0,
  "transfersin": 0,
  "news": "",
  "originalcost": 5.5,
  "eventpoints": 0,
  "fixturehistory": {
    "all": [],
    "summary": []
  },
  "nextfixture": "Man Utd (H)",
  "transfersinevent": 0,
  "selectedby": "3.0",
  "teamid": 17,
  "secondname": "Rangel",
  "name": "Rangel",
  "cost": 5.5,
  

"seasonhistory": [
    [
      "2011/12",
      2869,
      0,
      4,
      11,
      41,
      0,
      0,
      0,
      3,
      0,
      0,
      1,
      340,
      0,
      44,
      103
    ],
    [
      "2012/13",
      2753,
      3,
      1,
      8,
      39,
      0,
      0,
      0,
      7,
      0,
      0,
      15,
      431,
      0,
      47,
      111
    ]
  ]
}