{
  "transfersout": 0,
  "code": 53138,
  "eventtotal": 0,
  "lastseasonpoints": 0,
  "squadnumber": null,
  "transfersbalance": 0,
  "eventcost": 5,
  "indreamteam": false,
  "id": 402,
  "firstname": "",
  "transfersoutevent": 0,
  "maxcost": 5,
  "eventexplain": [],
  "selected": 7879,
  "mincost": 5,
  "totalpoints": 71,
  "typename": "Defender",
  "teamname": "Swansea",
  "status": "a",
  "added": "2013-07-15T13:21:17 UTC+0000",
  "form": 0,
  "currentfixture": "",
  "pointspergame": 0,
  "transfersin": 0,
  "news": "",
  "originalcost": 5,
  "eventpoints": 0,
  "fixturehistory": {
    "all": [],
    "summary": []
  },
  "nextfixture": "Man Utd (H)",
  "transfersinevent": 0,
  "selectedby": "1.0",
  "teamid": 17,
  "secondname": "Chico",
  "name": "Chico",
  "cost": 5,
  

"seasonhistory": [
    [
      "2012/13",
      2237,
      0,
      0,
      9,
      29,
      0,
      0,
      0,
      5,
      1,
      0,
      3,
      202,
      0,
      46,
      71
    ]
  ]
}