{
  "transfersout": 0,
  "code": 59940,
  "eventtotal": 0,
  "lastseasonpoints": 0,
  "squadnumber": null,
  "transfersbalance": 0,
  "eventcost": 4,
  "indreamteam": false,
  "id": 403,
  "firstname": "Kyle",
  "transfersoutevent": 0,
  "maxcost": 4,
  "eventexplain": [],
  "selected": 314,
  "mincost": 4,
  "totalpoints": 1,
  "typename": "Defender",
  "teamname": "Swansea",
  "status": "n",
  "added": "2013-07-15T13:21:17 UTC+0000",
  "form": 0,
  "currentfixture": "",
  "pointspergame": 0,
  "transfersin": 0,
  "news": "Joined Birmingham City on season-long loan - Expected back 12 May",
  "originalcost": 4,
  "eventpoints": 0,
  "fixturehistory": {
    "all": [],
    "summary": []
  },
  "nextfixture": "Man Utd (H)",
  "transfersinevent": 0,
  "selectedby": "0.0",
  "teamid": 17,
  "secondname": "Bartley",
  "name": "Bartley",
  "cost": 4,
  

"seasonhistory": [
    [
      "2012/13",
      148,
      0,
      0,
      0,
      6,
      0,
      0,
      0,
      0,
      0,
      0,
      0,
      33,
      0,
      43,
      1
    ]
  ]
}