{
  "transfersout": 0,
  "code": 115556,
  "eventtotal": 0,
  "lastseasonpoints": 0,
  "squadnumber": null,
  "transfersbalance": 0,
  "eventcost": 5,
  "indreamteam": false,
  "id": 404,
  "firstname": "Ben",
  "transfersoutevent": 0,
  "maxcost": 5,
  "eventexplain": [],
  "selected": 13454,
  "mincost": 5,
  "totalpoints": 99,
  "typename": "Defender",
  "teamname": "Swansea",
  "status": "a",
  "added": "2013-07-15T13:21:17 UTC+0000",
  "form": 0,
  "currentfixture": "",
  "pointspergame": 0,
  "transfersin": 0,
  "news": "",
  "originalcost": 5,
  "eventpoints": 0,
  "fixturehistory": {
    "all": [],
    "summary": []
  },
  "nextfixture": "Man Utd (H)",
  "transfersinevent": 0,
  "selectedby": "1.7",
  "teamid": 17,
  "secondname": "Davies",
  "name": "Davies",
  "cost": 5,
  

"seasonhistory": [
    [
      "2012/13",
      3052,
      1,
      2,
      8,
      48,
      0,
      0,
      0,
      5,
      0,
      0,
      6,
      381,
      0,
      44,
      99
    ]
  ]
}