{
  "transfersout": 0,
  "code": 39221,
  "eventtotal": 0,
  "lastseasonpoints": 0,
  "squadnumber": null,
  "transfersbalance": 0,
  "eventcost": 4.5,
  "indreamteam": false,
  "id": 405,
  "firstname": "Dwight",
  "transfersoutevent": 0,
  "maxcost": 4.5,
  "eventexplain": [],
  "selected": 1623,
  "mincost": 4.5,
  "totalpoints": 37,
  "typename": "Defender",
  "teamname": "Swansea",
  "status": "a",
  "added": "2013-07-15T13:21:17 UTC+0000",
  "form": 0,
  "currentfixture": "",
  "pointspergame": 0,
  "transfersin": 0,
  "news": "",
  "originalcost": 4.5,
  "eventpoints": 0,
  "fixturehistory": {
    "all": [],
    "summary": []
  },
  "nextfixture": "Man Utd (H)",
  "transfersinevent": 0,
  "selectedby": "0.2",
  "teamid": 17,
  "secondname": "Tiendalli",
  "name": "Tiendalli",
  "cost": 4.5,
  

"seasonhistory": [
    [
      "2012/13",
      1016,
      1,
      0,
      3,
      16,
      0,
      0,
      0,
      3,
      0,
      0,
      3,
      147,
      0,
      45,
      37
    ]
  ]
}