{
  "transfersout": 0,
  "code": 80789,
  "eventtotal": 0,
  "lastseasonpoints": 0,
  "squadnumber": null,
  "transfersbalance": 0,
  "eventcost": 5,
  "indreamteam": false,
  "id": 406,
  "firstname": "Jordi",
  "transfersoutevent": 0,
  "maxcost": 5,
  "eventexplain": [],
  "selected": 1863,
  "mincost": 5,
  "totalpoints": 0,
  "typename": "Defender",
  "teamname": "Swansea",
  "status": "a",
  "added": "2013-07-15T13:21:17 UTC+0000",
  "form": 0,
  "currentfixture": "",
  "pointspergame": 0,
  "transfersin": 0,
  "news": "",
  "originalcost": 5,
  "eventpoints": 0,
  "fixturehistory": {
    "all": [],
    "summary": []
  },
  "nextfixture": "Man Utd (H)",
  "transfersinevent": 0,
  "selectedby": "0.2",
  "teamid": 17,
  "secondname": "Amat",
  "name": "Amat",
  "cost": 5,
  

"seasonhistory": []
}