{
  "transfersout": 0,
  "code": 11829,
  "eventtotal": 0,
  "lastseasonpoints": 0,
  "squadnumber": null,
  "transfersbalance": 0,
  "eventcost": 5.5,
  "indreamteam": false,
  "id": 407,
  "firstname": "Wayne",
  "transfersoutevent": 0,
  "maxcost": 5.5,
  "eventexplain": [],
  "selected": 72271,
  "mincost": 5.5,
  "totalpoints": 126,
  "typename": "Midfielder",
  "teamname": "Swansea",
  "status": "a",
  "added": "2013-07-15T13:21:17 UTC+0000",
  "form": 0,
  "currentfixture": "",
  "pointspergame": 0,
  "transfersin": 0,
  "news": "",
  "originalcost": 5.5,
  "eventpoints": 0,
  "fixturehistory": {
    "all": [],
    "summary": []
  },
  "nextfixture": "Man Utd (H)",
  "transfersinevent": 0,
  "selectedby": "9.3",
  "teamid": 17,
  "secondname": "Routledge",
  "name": "Routledge",
  "cost": 5.5,
  

"seasonhistory": [
    [
      "2006/07",
      1419,
      0,
      1,
      0,
      22,
      0,
      0,
      0,
      1,
      0,
      0,
      2,
      0,
      0,
      59,
      45
    ],
    [
      "2007/08",
      99,
      0,
      0,
      0,
      0,
      0,
      0,
      0,
      0,
      0,
      0,
      0,
      0,
      0,
      49,
      5
    ],
    [
      "2008/09",
      18,
      0,
      0,
      0,
      2,
      0,
      0,
      0,
      0,
      0,
      0,
      0,
      0,
      0,
      42,
      1
    ],
    [
      "2010/11",
      996,
      0,
      1,
      2,
      18,
      0,
      0,
      0,
      0,
      0,
      0,
      2,
      0,
      0,
      41,
      34
    ],
    [
      "2011/12",
      1459,
      1,
      7,
      9,
      19,
      0,
      0,
      0,
      2,
      0,
      0,
      7,
      223,
      0,
      48,
      81
    ],
    [
      "2012/13",
      2516,
      5,
      7,
      7,
      40,
      0,
      0,
      0,
      0,
      0,
      0,
      10,
      411,
      0,
      53,
      126
    ]
  ]
}