{
  "transfersout": 0,
  "code": 21083,
  "eventtotal": 0,
  "lastseasonpoints": 0,
  "squadnumber": null,
  "transfersbalance": 0,
  "eventcost": 5.5,
  "indreamteam": false,
  "id": 408,
  "firstname": "Nathan",
  "transfersoutevent": 0,
  "maxcost": 5.5,
  "eventexplain": [],
  "selected": 14772,
  "mincost": 5.5,
  "totalpoints": 102,
  "typename": "Midfielder",
  "teamname": "Swansea",
  "status": "a",
  "added": "2013-07-15T13:21:17 UTC+0000",
  "form": 0,
  "currentfixture": "",
  "pointspergame": 0,
  "transfersin": 0,
  "news": "",
  "originalcost": 5.5,
  "eventpoints": 0,
  "fixturehistory": {
    "all": [],
    "summary": []
  },
  "nextfixture": "Man Utd (H)",
  "transfersinevent": 0,
  "selectedby": "1.9",
  "teamid": 17,
  "secondname": "Dyer",
  "name": "Dyer",
  "cost": 5.5,
  

"seasonhistory": [
    [
      "2011/12",
      2359,
      5,
      4,
      11,
      38,
      0,
      0,
      0,
      1,
      1,
      0,
      17,
      389,
      0,
      48,
      122
    ],
    [
      "2012/13",
      2309,
      3,
      6,
      8,
      32,
      0,
      0,
      0,
      3,
      1,
      0,
      7,
      316,
      0,
      50,
      102
    ]
  ]
}