{
  "transfersout": 0,
  "code": 39217,
  "eventtotal": 0,
  "lastseasonpoints": 0,
  "squadnumber": null,
  "transfersbalance": 0,
  "eventcost": 4.5,
  "indreamteam": false,
  "id": 409,
  "firstname": "Kemy",
  "transfersoutevent": 0,
  "maxcost": 4.5,
  "eventexplain": [],
  "selected": 422,
  "mincost": 4.5,
  "totalpoints": 24,
  "typename": "Midfielder",
  "teamname": "Swansea",
  "status": "a",
  "added": "2013-07-15T13:21:17 UTC+0000",
  "form": 0,
  "currentfixture": "",
  "pointspergame": 0,
  "transfersin": 0,
  "news": "",
  "originalcost": 4.5,
  "eventpoints": 0,
  "fixturehistory": {
    "all": [],
    "summary": []
  },
  "nextfixture": "Man Utd (H)",
  "transfersinevent": 0,
  "selectedby": "0.1",
  "teamid": 17,
  "secondname": "Agustien",
  "name": "Agustien",
  "cost": 4.5,
  

"seasonhistory": [
    [
      "2009/10",
      0,
      0,
      0,
      0,
      0,
      0,
      0,
      0,
      0,
      0,
      0,
      0,
      0,
      0,
      45,
      0
    ],
    [
      "2011/12",
      711,
      0,
      0,
      3,
      9,
      0,
      0,
      0,
      3,
      0,
      0,
      0,
      43,
      0,
      43,
      19
    ],
    [
      "2012/13",
      578,
      0,
      1,
      1,
      12,
      0,
      0,
      0,
      2,
      0,
      0,
      0,
      65,
      0,
      45,
      24
    ]
  ]
}