{
  "transfersout": 0,
  "code": 77800,
  "eventtotal": 0,
  "lastseasonpoints": 0,
  "squadnumber": null,
  "transfersbalance": 0,
  "eventcost": 4.5,
  "indreamteam": false,
  "id": 41,
  "firstname": "Gary",
  "transfersoutevent": 0,
  "maxcost": 4.5,
  "eventexplain": [],
  "selected": 1444,
  "mincost": 4.5,
  "totalpoints": 2,
  "typename": "Midfielder",
  "teamname": "Aston Villa",
  "status": "a",
  "added": "2013-07-15T13:21:12 UTC+0000",
  "form": 0,
  "currentfixture": "",
  "pointspergame": 0,
  "transfersin": 0,
  "news": "",
  "originalcost": 4.5,
  "eventpoints": 0,
  "fixturehistory": {
    "all": [],
    "summary": []
  },
  "nextfixture": "Arsenal (A), Chelsea (A)",
  "transfersinevent": 0,
  "selectedby": "0.2",
  "teamid": 2,
  "secondname": "Gardner",
  "name": "Gardner",
  "cost": 4.5,
  

"seasonhistory": [
    [
      "2011/12",
      612,
      0,
      0,
      1,
      15,
      0,
      0,
      0,
      1,
      0,
      0,
      0,
      42,
      0,
      45,
      19
    ],
    [
      "2012/13",
      20,
      0,
      0,
      0,
      0,
      0,
      0,
      0,
      0,
      0,
      0,
      0,
      1,
      0,
      42,
      2
    ]
  ]
}