{
  "transfersout": 0,
  "code": 15114,
  "eventtotal": 0,
  "lastseasonpoints": 0,
  "squadnumber": null,
  "transfersbalance": 0,
  "eventcost": 4.5,
  "indreamteam": false,
  "id": 410,
  "firstname": "Leon",
  "transfersoutevent": 0,
  "maxcost": 4.5,
  "eventexplain": [],
  "selected": 25662,
  "mincost": 4.5,
  "totalpoints": 67,
  "typename": "Midfielder",
  "teamname": "Swansea",
  "status": "a",
  "added": "2013-07-15T13:21:17 UTC+0000",
  "form": 0,
  "currentfixture": "",
  "pointspergame": 0,
  "transfersin": 0,
  "news": "",
  "originalcost": 4.5,
  "eventpoints": 0,
  "fixturehistory": {
    "all": [],
    "summary": []
  },
  "nextfixture": "Man Utd (H)",
  "transfersinevent": 0,
  "selectedby": "3.3",
  "teamid": 17,
  "secondname": "Britton",
  "name": "Britton",
  "cost": 4.5,
  

"seasonhistory": [
    [
      "2011/12",
      3010,
      0,
      0,
      14,
      39,
      0,
      0,
      0,
      3,
      0,
      0,
      0,
      360,
      0,
      45,
      81
    ],
    [
      "2012/13",
      2525,
      0,
      0,
      9,
      36,
      0,
      0,
      0,
      4,
      0,
      0,
      0,
      246,
      0,
      42,
      67
    ]
  ]
}