{
  "transfersout": 0,
  "code": 39204,
  "eventtotal": 0,
  "lastseasonpoints": 0,
  "squadnumber": null,
  "transfersbalance": 0,
  "eventcost": 6,
  "indreamteam": false,
  "id": 411,
  "firstname": "Jonathan",
  "transfersoutevent": 0,
  "maxcost": 6,
  "eventexplain": [],
  "selected": 49431,
  "mincost": 6,
  "totalpoints": 127,
  "typename": "Midfielder",
  "teamname": "Swansea",
  "status": "a",
  "added": "2013-07-15T13:21:17 UTC+0000",
  "form": 0,
  "currentfixture": "",
  "pointspergame": 0,
  "transfersin": 0,
  "news": "",
  "originalcost": 6,
  "eventpoints": 0,
  "fixturehistory": {
    "all": [],
    "summary": []
  },
  "nextfixture": "Man Utd (H)",
  "transfersinevent": 0,
  "selectedby": "6.3",
  "teamid": 17,
  "secondname": "de Guzman",
  "name": "De Guzman",
  "cost": 6,
  

"seasonhistory": [
    [
      "2012/13",
      2848,
      5,
      7,
      8,
      43,
      1,
      0,
      0,
      6,
      0,
      0,
      13,
      413,
      0,
      57,
      127
    ]
  ]
}