{
  "transfersout": 0,
  "code": 76542,
  "eventtotal": 0,
  "lastseasonpoints": 0,
  "squadnumber": null,
  "transfersbalance": 0,
  "eventcost": 5,
  "indreamteam": false,
  "id": 412,
  "firstname": "Sung-Yeung",
  "transfersoutevent": 0,
  "maxcost": 5,
  "eventexplain": [],
  "selected": 2254,
  "mincost": 5,
  "totalpoints": 62,
  "typename": "Midfielder",
  "teamname": "Swansea",
  "status": "a",
  "added": "2013-07-15T13:21:17 UTC+0000",
  "form": 0,
  "currentfixture": "",
  "pointspergame": 0,
  "transfersin": 0,
  "news": "",
  "originalcost": 5,
  "eventpoints": 0,
  "fixturehistory": {
    "all": [],
    "summary": []
  },
  "nextfixture": "Man Utd (H)",
  "transfersinevent": 0,
  "selectedby": "0.3",
  "teamid": 17,
  "secondname": "Ki",
  "name": "Ki",
  "cost": 5,
  

"seasonhistory": [
    [
      "2012/13",
      2046,
      0,
      3,
      5,
      27,
      0,
      0,
      0,
      2,
      0,
      0,
      1,
      253,
      0,
      60,
      62
    ]
  ]
}