{
  "transfersout": 0,
  "code": 28690,
  "eventtotal": 0,
  "lastseasonpoints": 0,
  "squadnumber": null,
  "transfersbalance": 0,
  "eventcost": 6,
  "indreamteam": false,
  "id": 413,
  "firstname": "Pablo",
  "transfersoutevent": 0,
  "maxcost": 6,
  "eventexplain": [],
  "selected": 15284,
  "mincost": 6,
  "totalpoints": 110,
  "typename": "Midfielder",
  "teamname": "Swansea",
  "status": "a",
  "added": "2013-07-15T13:21:17 UTC+0000",
  "form": 0,
  "currentfixture": "",
  "pointspergame": 0,
  "transfersin": 0,
  "news": "",
  "originalcost": 6,
  "eventpoints": 0,
  "fixturehistory": {
    "all": [],
    "summary": []
  },
  "nextfixture": "Man Utd (H)",
  "transfersinevent": 0,
  "selectedby": "2.0",
  "teamid": 17,
  "secondname": "Hernandez",
  "name": "Hernandez",
  "cost": 6,
  

"seasonhistory": [
    [
      "2012/13",
      2183,
      3,
      8,
      7,
      33,
      0,
      0,
      0,
      3,
      0,
      0,
      11,
      304,
      0,
      59,
      110
    ]
  ]
}