{
  "transfersout": 0,
  "code": 50232,
  "eventtotal": 0,
  "lastseasonpoints": 0,
  "squadnumber": null,
  "transfersbalance": 0,
  "eventcost": 5.5,
  "indreamteam": false,
  "id": 416,
  "firstname": "Jonjo",
  "transfersoutevent": 0,
  "maxcost": 5.5,
  "eventexplain": [],
  "selected": 12264,
  "mincost": 5.5,
  "totalpoints": 22,
  "typename": "Midfielder",
  "teamname": "Swansea",
  "status": "a",
  "added": "2013-07-15T13:21:17 UTC+0000",
  "form": 0,
  "currentfixture": "",
  "pointspergame": 0,
  "transfersin": 0,
  "news": "",
  "originalcost": 5.5,
  "eventpoints": 0,
  "fixturehistory": {
    "all": [],
    "summary": []
  },
  "nextfixture": "Man Utd (H)",
  "transfersinevent": 0,
  "selectedby": "1.6",
  "teamid": 17,
  "secondname": "Shelvey",
  "name": "Shelvey",
  "cost": 5.5,
  

"seasonhistory": [
    [
      "2010/11",
      340,
      0,
      1,
      0,
      5,
      0,
      0,
      0,
      1,
      0,
      0,
      0,
      0,
      0,
      50,
      18
    ],
    [
      "2011/12",
      730,
      1,
      0,
      2,
      8,
      0,
      0,
      0,
      2,
      0,
      0,
      2,
      75,
      0,
      48,
      28
    ],
    [
      "2012/13",
      923,
      0,
      0,
      2,
      14,
      0,
      0,
      0,
      3,
      1,
      0,
      0,
      89,
      0,
      51,
      22
    ]
  ]
}