{
  "transfersout": 0,
  "code": 54322,
  "eventtotal": 0,
  "lastseasonpoints": 0,
  "squadnumber": null,
  "transfersbalance": 0,
  "eventcost": 9,
  "indreamteam": false,
  "id": 417,
  "firstname": "Miguel",
  "transfersoutevent": 0,
  "maxcost": 9,
  "eventexplain": [],
  "selected": 112520,
  "mincost": 9,
  "totalpoints": 190,
  "typename": "Midfielder",
  "teamname": "Swansea",
  "status": "a",
  "added": "2013-07-15T13:21:17 UTC+0000",
  "form": 0,
  "currentfixture": "",
  "pointspergame": 0,
  "transfersin": 0,
  "news": "",
  "originalcost": 9,
  "eventpoints": 0,
  "fixturehistory": {
    "all": [],
    "summary": []
  },
  "nextfixture": "Man Utd (H)",
  "transfersinevent": 0,
  "selectedby": "14.4",
  "teamid": 17,
  "secondname": "Michu",
  "name": "Michu",
  "cost": 9,
  

"seasonhistory": [
    [
      "2012/13",
      2998,
      18,
      3,
      12,
      40,
      0,
      0,
      0,
      6,
      0,
      0,
      15,
      410,
      0,
      79,
      190
    ]
  ]
}