{
  "transfersout": 0,
  "code": 15428,
  "eventtotal": 0,
  "lastseasonpoints": 0,
  "squadnumber": null,
  "transfersbalance": 0,
  "eventcost": 4.5,
  "indreamteam": false,
  "id": 418,
  "firstname": "Luke",
  "transfersoutevent": 0,
  "maxcost": 4.5,
  "eventexplain": [],
  "selected": 40862,
  "mincost": 4.5,
  "totalpoints": 40,
  "typename": "Forward",
  "teamname": "Swansea",
  "status": "a",
  "added": "2013-07-15T13:21:17 UTC+0000",
  "form": 0,
  "currentfixture": "",
  "pointspergame": 0,
  "transfersin": 0,
  "news": "",
  "originalcost": 4.5,
  "eventpoints": 0,
  "fixturehistory": {
    "all": [],
    "summary": []
  },
  "nextfixture": "Man Utd (H)",
  "transfersinevent": 0,
  "selectedby": "5.2",
  "teamid": 17,
  "secondname": "Moore",
  "name": "Moore",
  "cost": 4.5,
  

"seasonhistory": [
    [
      "2006/07",
      643,
      4,
      1,
      0,
      4,
      0,
      0,
      0,
      0,
      0,
      0,
      4,
      0,
      0,
      63,
      42
    ],
    [
      "2007/08",
      842,
      1,
      0,
      0,
      8,
      0,
      0,
      0,
      1,
      0,
      0,
      0,
      0,
      0,
      48,
      26
    ],
    [
      "2008/09",
      688,
      1,
      0,
      0,
      13,
      0,
      0,
      0,
      1,
      0,
      0,
      0,
      0,
      0,
      47,
      28
    ],
    [
      "2010/11",
      0,
      0,
      0,
      0,
      0,
      0,
      0,
      0,
      0,
      0,
      0,
      0,
      0,
      0,
      42,
      0
    ],
    [
      "2011/12",
      532,
      2,
      0,
      2,
      8,
      0,
      0,
      0,
      1,
      0,
      0,
      0,
      82,
      0,
      43,
      31
    ],
    [
      "2012/13",
      538,
      3,
      2,
      1,
      7,
      0,
      0,
      0,
      0,
      0,
      0,
      3,
      106,
      0,
      43,
      40
    ]
  ]
}