{
  "transfersout": 0,
  "code": 74363,
  "eventtotal": 0,
  "lastseasonpoints": 0,
  "squadnumber": null,
  "transfersbalance": 0,
  "eventcost": 5,
  "indreamteam": false,
  "id": 419,
  "firstname": "Itay",
  "transfersoutevent": 0,
  "maxcost": 5,
  "eventexplain": [],
  "selected": 68,
  "mincost": 5,
  "totalpoints": 27,
  "typename": "Forward",
  "teamname": "Swansea",
  "status": "u",
  "added": "2013-07-15T13:21:17 UTC+0000",
  "form": 0,
  "currentfixture": "",
  "pointspergame": 0,
  "transfersin": 0,
  "news": "Loan ended",
  "originalcost": 5,
  "eventpoints": 0,
  "fixturehistory": {
    "all": [],
    "summary": []
  },
  "nextfixture": "Man Utd (H)",
  "transfersinevent": 0,
  "selectedby": "0.0",
  "teamid": 17,
  "secondname": "Shechter",
  "name": "Shechter",
  "cost": 5,
  

"seasonhistory": [
    [
      "2012/13",
      629,
      1,
      1,
      3,
      12,
      0,
      0,
      0,
      3,
      0,
      0,
      0,
      64,
      0,
      50,
      27
    ]
  ]
}