{
  "transfersout": 0,
  "code": 13866,
  "eventtotal": 0,
  "lastseasonpoints": 0,
  "squadnumber": null,
  "transfersbalance": 0,
  "eventcost": 5,
  "indreamteam": false,
  "id": 42,
  "firstname": "Brett",
  "transfersoutevent": 0,
  "maxcost": 5,
  "eventexplain": [],
  "selected": 1689,
  "mincost": 5,
  "totalpoints": 63,
  "typename": "Midfielder",
  "teamname": "Aston Villa",
  "status": "a",
  "added": "2013-07-15T13:21:12 UTC+0000",
  "form": 0,
  "currentfixture": "",
  "pointspergame": 0,
  "transfersin": 0,
  "news": "",
  "originalcost": 5,
  "eventpoints": 0,
  "fixturehistory": {
    "all": [],
    "summary": []
  },
  "nextfixture": "Arsenal (A), Chelsea (A)",
  "transfersinevent": 0,
  "selectedby": "0.2",
  "teamid": 2,
  "secondname": "Holman",
  "name": "Holman",
  "cost": 5,
  

"seasonhistory": [
    [
      "2012/13",
      1425,
      1,
      3,
      5,
      32,
      0,
      0,
      0,
      1,
      0,
      0,
      3,
      98,
      0,
      55,
      63
    ]
  ]
}