{
  "transfersout": 0,
  "code": 57001,
  "eventtotal": 0,
  "lastseasonpoints": 0,
  "squadnumber": null,
  "transfersbalance": 0,
  "eventcost": 8,
  "indreamteam": false,
  "id": 420,
  "firstname": "Wilfried",
  "transfersoutevent": 0,
  "maxcost": 8,
  "eventexplain": [],
  "selected": 91357,
  "mincost": 8,
  "totalpoints": 0,
  "typename": "Forward",
  "teamname": "Swansea",
  "status": "a",
  "added": "2013-07-15T13:21:17 UTC+0000",
  "form": 0,
  "currentfixture": "",
  "pointspergame": 0,
  "transfersin": 0,
  "news": "",
  "originalcost": 8,
  "eventpoints": 0,
  "fixturehistory": {
    "all": [],
    "summary": []
  },
  "nextfixture": "Man Utd (H)",
  "transfersinevent": 0,
  "selectedby": "11.7",
  "teamid": 17,
  "secondname": "Bony",
  "name": "Bony",
  "cost": 8,
  

"seasonhistory": []
}