{
  "transfersout": 0,
  "code": 18656,
  "eventtotal": 0,
  "lastseasonpoints": 0,
  "squadnumber": null,
  "transfersbalance": 0,
  "eventcost": 4.5,
  "indreamteam": false,
  "id": 421,
  "firstname": "Heurelho",
  "transfersoutevent": 0,
  "maxcost": 4.5,
  "eventexplain": [],
  "selected": 1561,
  "mincost": 4.5,
  "totalpoints": 0,
  "typename": "Goalkeeper",
  "teamname": "Tottenham",
  "status": "a",
  "added": "2013-07-15T13:21:17 UTC+0000",
  "form": 0,
  "currentfixture": "",
  "pointspergame": 0,
  "transfersin": 0,
  "news": "",
  "originalcost": 4.5,
  "eventpoints": 0,
  "fixturehistory": {
    "all": [],
    "summary": []
  },
  "nextfixture": "Crystal Palace (A)",
  "transfersinevent": 0,
  "selectedby": "0.2",
  "teamid": 18,
  "secondname": "Gomes",
  "name": "Gomes",
  "cost": 4.5,
  

"seasonhistory": [
    [
      "2008/09",
      3060,
      0,
      0,
      0,
      40,
      0,
      0,
      0,
      1,
      0,
      120,
      4,
      0,
      0,
      51,
      133
    ],
    [
      "2009/10",
      2715,
      0,
      0,
      0,
      26,
      0,
      3,
      0,
      2,
      0,
      96,
      9,
      0,
      0,
      51,
      148
    ],
    [
      "2010/11",
      2700,
      0,
      0,
      7,
      39,
      0,
      2,
      0,
      4,
      0,
      109,
      0,
      0,
      0,
      52,
      108
    ],
    [
      "2011/12",
      0,
      0,
      0,
      0,
      0,
      0,
      0,
      0,
      0,
      0,
      0,
      0,
      0,
      0,
      51,
      0
    ],
    [
      "2012/13",
      0,
      0,
      0,
      0,
      0,
      0,
      0,
      0,
      0,
      0,
      0,
      0,
      0,
      0,
      48,
      0
    ]
  ]
}