{
  "transfersout": 0,
  "code": 1803,
  "eventtotal": 0,
  "lastseasonpoints": 0,
  "squadnumber": null,
  "transfersbalance": 0,
  "eventcost": 4.5,
  "indreamteam": false,
  "id": 422,
  "firstname": "Brad",
  "transfersoutevent": 0,
  "maxcost": 4.5,
  "eventexplain": [],
  "selected": 10484,
  "mincost": 4.5,
  "totalpoints": 23,
  "typename": "Goalkeeper",
  "teamname": "Tottenham",
  "status": "a",
  "added": "2013-07-15T13:21:17 UTC+0000",
  "form": 0,
  "currentfixture": "",
  "pointspergame": 0,
  "transfersin": 0,
  "news": "",
  "originalcost": 4.5,
  "eventpoints": 0,
  "fixturehistory": {
    "all": [],
    "summary": []
  },
  "nextfixture": "Crystal Palace (A)",
  "transfersinevent": 0,
  "selectedby": "1.3",
  "teamid": 18,
  "secondname": "Friedel",
  "name": "Friedel",
  "cost": 4.5,
  

"seasonhistory": [
    [
      "2006/07",
      3375,
      0,
      1,
      0,
      54,
      0,
      4,
      0,
      0,
      0,
      162,
      9,
      0,
      0,
      54,
      162
    ],
    [
      "2007/08",
      3420,
      0,
      0,
      0,
      48,
      0,
      2,
      0,
      0,
      0,
      124,
      12,
      0,
      0,
      56,
      149
    ],
    [
      "2008/09",
      3393,
      0,
      0,
      0,
      48,
      0,
      0,
      0,
      1,
      1,
      127,
      4,
      0,
      0,
      54,
      139
    ],
    [
      "2009/10",
      3420,
      0,
      0,
      0,
      39,
      0,
      0,
      0,
      0,
      0,
      133,
      1,
      0,
      0,
      60,
      161
    ],
    [
      "2010/11",
      3420,
      0,
      0,
      7,
      59,
      0,
      0,
      0,
      2,
      0,
      116,
      4,
      0,
      0,
      54,
      111
    ],
    [
      "2011/12",
      3420,
      0,
      0,
      14,
      41,
      0,
      0,
      0,
      0,
      0,
      118,
      5,
      470,
      0,
      57,
      153
    ],
    [
      "2012/13",
      990,
      0,
      0,
      0,
      17,
      0,
      0,
      0,
      0,
      0,
      27,
      0,
      110,
      0,
      48,
      23
    ]
  ]
}