{
  "transfersout": 0,
  "code": 37915,
  "eventtotal": 0,
  "lastseasonpoints": 0,
  "squadnumber": null,
  "transfersbalance": 0,
  "eventcost": 6,
  "indreamteam": false,
  "id": 423,
  "firstname": "Hugo",
  "transfersoutevent": 0,
  "maxcost": 6,
  "eventexplain": [],
  "selected": 54668,
  "mincost": 6,
  "totalpoints": 96,
  "typename": "Goalkeeper",
  "teamname": "Tottenham",
  "status": "a",
  "added": "2013-07-15T13:21:17 UTC+0000",
  "form": 0,
  "currentfixture": "",
  "pointspergame": 0,
  "transfersin": 0,
  "news": "",
  "originalcost": 6,
  "eventpoints": 0,
  "fixturehistory": {
    "all": [],
    "summary": []
  },
  "nextfixture": "Crystal Palace (A)",
  "transfersinevent": 0,
  "selectedby": "7.0",
  "teamid": 18,
  "secondname": "Lloris",
  "name": "Lloris",
  "cost": 6,
  

"seasonhistory": [
    [
      "2012/13",
      2430,
      0,
      0,
      9,
      29,
      0,
      0,
      0,
      0,
      0,
      58,
      3,
      345,
      0,
      58,
      96
    ]
  ]
}