{
  "transfersout": 0,
  "code": 12679,
  "eventtotal": 0,
  "lastseasonpoints": 0,
  "squadnumber": null,
  "transfersbalance": 0,
  "eventcost": 5,
  "indreamteam": false,
  "id": 424,
  "firstname": "Michael",
  "transfersoutevent": 0,
  "maxcost": 5,
  "eventexplain": [],
  "selected": 34342,
  "mincost": 5,
  "totalpoints": 70,
  "typename": "Defender",
  "teamname": "Tottenham",
  "status": "a",
  "added": "2013-07-15T13:21:17 UTC+0000",
  "form": 0,
  "currentfixture": "",
  "pointspergame": 0,
  "transfersin": 0,
  "news": "",
  "originalcost": 5,
  "eventpoints": 0,
  "fixturehistory": {
    "all": [],
    "summary": []
  },
  "nextfixture": "Crystal Palace (A)",
  "transfersinevent": 0,
  "selectedby": "4.4",
  "teamid": 18,
  "secondname": "Dawson",
  "name": "Dawson",
  "cost": 5,
  

"seasonhistory": [
    [
      "2006/07",
      3281,
      1,
      1,
      0,
      52,
      0,
      0,
      0,
      6,
      0,
      0,
      14,
      0,
      0,
      54,
      100
    ],
    [
      "2007/08",
      2195,
      1,
      0,
      0,
      39,
      0,
      0,
      0,
      3,
      0,
      0,
      3,
      0,
      0,
      51,
      64
    ],
    [
      "2008/09",
      1142,
      1,
      1,
      0,
      15,
      0,
      0,
      0,
      3,
      1,
      0,
      6,
      0,
      0,
      46,
      51
    ],
    [
      "2009/10",
      2337,
      2,
      0,
      0,
      22,
      0,
      0,
      0,
      4,
      0,
      0,
      8,
      0,
      0,
      53,
      110
    ],
    [
      "2010/11",
      2160,
      1,
      0,
      7,
      27,
      0,
      0,
      0,
      6,
      0,
      0,
      8,
      0,
      0,
      53,
      77
    ],
    [
      "2011/12",
      549,
      0,
      0,
      3,
      9,
      0,
      0,
      0,
      1,
      0,
      0,
      2,
      67,
      0,
      51,
      23
    ],
    [
      "2012/13",
      2011,
      1,
      0,
      5,
      25,
      0,
      0,
      0,
      4,
      0,
      0,
      6,
      317,
      0,
      45,
      70
    ]
  ]
}