{
  "transfersout": 0,
  "code": 28146,
  "eventtotal": 0,
  "lastseasonpoints": 0,
  "squadnumber": null,
  "transfersbalance": 0,
  "eventcost": 5.5,
  "indreamteam": false,
  "id": 425,
  "firstname": "Benoit",
  "transfersoutevent": 0,
  "maxcost": 5.5,
  "eventexplain": [],
  "selected": 10986,
  "mincost": 5.5,
  "totalpoints": 44,
  "typename": "Defender",
  "teamname": "Tottenham",
  "status": "a",
  "added": "2013-07-15T13:21:17 UTC+0000",
  "form": 0,
  "currentfixture": "",
  "pointspergame": 0,
  "transfersin": 0,
  "news": "",
  "originalcost": 5.5,
  "eventpoints": 0,
  "fixturehistory": {
    "all": [],
    "summary": []
  },
  "nextfixture": "Crystal Palace (A)",
  "transfersinevent": 0,
  "selectedby": "1.4",
  "teamid": 18,
  "secondname": "Assou-Ekotto",
  "name": "Assou-Ekotto",
  "cost": 5.5,
  

"seasonhistory": [
    [
      "2006/07",
      1395,
      0,
      1,
      0,
      20,
      0,
      0,
      0,
      1,
      0,
      0,
      0,
      0,
      0,
      43,
      43
    ],
    [
      "2007/08",
      90,
      0,
      0,
      0,
      1,
      0,
      0,
      0,
      1,
      0,
      0,
      0,
      0,
      0,
      44,
      1
    ],
    [
      "2008/09",
      2434,
      0,
      1,
      0,
      32,
      0,
      0,
      0,
      3,
      2,
      0,
      2,
      0,
      0,
      44,
      89
    ],
    [
      "2009/10",
      2531,
      1,
      2,
      0,
      33,
      0,
      0,
      0,
      5,
      0,
      0,
      2,
      0,
      0,
      47,
      90
    ],
    [
      "2010/11",
      2569,
      0,
      0,
      7,
      36,
      0,
      0,
      0,
      2,
      0,
      0,
      7,
      0,
      0,
      52,
      81
    ],
    [
      "2011/12",
      2957,
      2,
      5,
      12,
      39,
      0,
      0,
      0,
      6,
      0,
      0,
      9,
      446,
      0,
      57,
      135
    ],
    [
      "2012/13",
      1141,
      1,
      0,
      3,
      13,
      0,
      0,
      0,
      2,
      0,
      0,
      4,
      173,
      0,
      60,
      44
    ]
  ]
}