{
  "transfersout": 0,
  "code": 37742,
  "eventtotal": 0,
  "lastseasonpoints": 0,
  "squadnumber": null,
  "transfersbalance": 0,
  "eventcost": 5,
  "indreamteam": false,
  "id": 426,
  "firstname": "Younes",
  "transfersoutevent": 0,
  "maxcost": 5,
  "eventexplain": [],
  "selected": 8453,
  "mincost": 5,
  "totalpoints": 1,
  "typename": "Defender",
  "teamname": "Tottenham",
  "status": "a",
  "added": "2013-07-15T13:21:17 UTC+0000",
  "form": 0,
  "currentfixture": "",
  "pointspergame": 0,
  "transfersin": 0,
  "news": "",
  "originalcost": 5,
  "eventpoints": 0,
  "fixturehistory": {
    "all": [],
    "summary": []
  },
  "nextfixture": "Crystal Palace (A)",
  "transfersinevent": 0,
  "selectedby": "1.1",
  "teamid": 18,
  "secondname": "Kaboul",
  "name": "Kaboul",
  "cost": 5,
  

"seasonhistory": [
    [
      "2007/08",
      1605,
      3,
      1,
      0,
      35,
      0,
      0,
      0,
      1,
      0,
      0,
      4,
      0,
      0,
      45,
      61
    ],
    [
      "2008/09",
      1468,
      1,
      1,
      0,
      22,
      0,
      0,
      0,
      3,
      0,
      0,
      3,
      0,
      0,
      47,
      53
    ],
    [
      "2009/10",
      2498,
      3,
      0,
      0,
      43,
      0,
      0,
      0,
      4,
      1,
      0,
      2,
      0,
      0,
      48,
      79
    ],
    [
      "2010/11",
      1632,
      1,
      1,
      2,
      25,
      0,
      0,
      0,
      1,
      1,
      0,
      3,
      0,
      0,
      47,
      46
    ],
    [
      "2011/12",
      2901,
      1,
      1,
      11,
      38,
      1,
      0,
      0,
      2,
      1,
      0,
      6,
      401,
      0,
      55,
      108
    ],
    [
      "2012/13",
      90,
      0,
      0,
      0,
      2,
      0,
      0,
      0,
      0,
      0,
      0,
      0,
      -2,
      0,
      50,
      1
    ]
  ]
}