{
  "transfersout": 0,
  "code": 58621,
  "eventtotal": 0,
  "lastseasonpoints": 0,
  "squadnumber": null,
  "transfersbalance": 0,
  "eventcost": 6,
  "indreamteam": false,
  "id": 427,
  "firstname": "Kyle",
  "transfersoutevent": 0,
  "maxcost": 6,
  "eventexplain": [],
  "selected": 89232,
  "mincost": 6,
  "totalpoints": 114,
  "typename": "Defender",
  "teamname": "Tottenham",
  "status": "a",
  "added": "2013-07-15T13:21:17 UTC+0000",
  "form": 0,
  "currentfixture": "",
  "pointspergame": 0,
  "transfersin": 0,
  "news": "",
  "originalcost": 6,
  "eventpoints": 0,
  "fixturehistory": {
    "all": [],
    "summary": []
  },
  "nextfixture": "Crystal Palace (A)",
  "transfersinevent": 0,
  "selectedby": "11.5",
  "teamid": 18,
  "secondname": "Walker",
  "name": "Walker",
  "cost": 6,
  

"seasonhistory": [
    [
      "2009/10",
      180,
      0,
      0,
      0,
      3,
      0,
      0,
      0,
      0,
      0,
      0,
      0,
      0,
      0,
      40,
      7
    ],
    [
      "2010/11",
      1341,
      1,
      3,
      2,
      20,
      0,
      0,
      0,
      3,
      0,
      1,
      5,
      0,
      0,
      40,
      51
    ],
    [
      "2011/12",
      3227,
      2,
      1,
      14,
      32,
      0,
      0,
      0,
      4,
      0,
      0,
      8,
      449,
      0,
      65,
      140
    ],
    [
      "2012/13",
      3157,
      0,
      6,
      8,
      42,
      0,
      0,
      0,
      5,
      0,
      0,
      9,
      456,
      0,
      61,
      114
    ]
  ]
}