{
  "transfersout": 0,
  "code": 49539,
  "eventtotal": 0,
  "lastseasonpoints": 0,
  "squadnumber": null,
  "transfersbalance": 0,
  "eventcost": 4.5,
  "indreamteam": false,
  "id": 428,
  "firstname": "Kyle",
  "transfersoutevent": 0,
  "maxcost": 4.5,
  "eventexplain": [],
  "selected": 4647,
  "mincost": 4.5,
  "totalpoints": 48,
  "typename": "Defender",
  "teamname": "Tottenham",
  "status": "a",
  "added": "2013-07-15T13:21:17 UTC+0000",
  "form": 0,
  "currentfixture": "",
  "pointspergame": 0,
  "transfersin": 0,
  "news": "",
  "originalcost": 4.5,
  "eventpoints": 0,
  "fixturehistory": {
    "all": [],
    "summary": []
  },
  "nextfixture": "Crystal Palace (A)",
  "transfersinevent": 0,
  "selectedby": "0.6",
  "teamid": 18,
  "secondname": "Naughton",
  "name": "Naughton",
  "cost": 4.5,
  

"seasonhistory": [
    [
      "2009/10",
      1,
      0,
      0,
      0,
      0,
      0,
      0,
      0,
      0,
      0,
      0,
      0,
      0,
      0,
      39,
      1
    ],
    [
      "2010/11",
      0,
      0,
      0,
      0,
      0,
      0,
      0,
      0,
      0,
      0,
      0,
      0,
      0,
      0,
      40,
      0
    ],
    [
      "2011/12",
      2704,
      0,
      1,
      3,
      50,
      0,
      0,
      0,
      7,
      0,
      0,
      1,
      310,
      0,
      44,
      55
    ],
    [
      "2012/13",
      1059,
      0,
      1,
      4,
      13,
      0,
      0,
      0,
      0,
      0,
      0,
      5,
      185,
      0,
      39,
      48
    ]
  ]
}