{
  "transfersout": 0,
  "code": 68815,
  "eventtotal": 0,
  "lastseasonpoints": 0,
  "squadnumber": null,
  "transfersbalance": 0,
  "eventcost": 5,
  "indreamteam": false,
  "id": 429,
  "firstname": "Steven",
  "transfersoutevent": 0,
  "maxcost": 5,
  "eventexplain": [],
  "selected": 7806,
  "mincost": 5,
  "totalpoints": 66,
  "typename": "Defender",
  "teamname": "Tottenham",
  "status": "a",
  "added": "2013-07-15T13:21:17 UTC+0000",
  "form": 0,
  "currentfixture": "",
  "pointspergame": 0,
  "transfersin": 0,
  "news": "",
  "originalcost": 5,
  "eventpoints": 0,
  "fixturehistory": {
    "all": [],
    "summary": []
  },
  "nextfixture": "Crystal Palace (A)",
  "transfersinevent": 0,
  "selectedby": "1.0",
  "teamid": 18,
  "secondname": "Caulker",
  "name": "Caulker",
  "cost": 5,
  

"seasonhistory": [
    [
      "2011/12",
      2339,
      0,
      1,
      10,
      32,
      0,
      0,
      0,
      2,
      0,
      0,
      8,
      328,
      0,
      41,
      89
    ],
    [
      "2012/13",
      1575,
      2,
      2,
      3,
      22,
      0,
      0,
      0,
      0,
      0,
      0,
      8,
      257,
      0,
      44,
      66
    ]
  ]
}