{
  "transfersout": 0,
  "code": 39242,
  "eventtotal": 0,
  "lastseasonpoints": 0,
  "squadnumber": null,
  "transfersbalance": 0,
  "eventcost": 4.5,
  "indreamteam": false,
  "id": 43,
  "firstname": "Karim",
  "transfersoutevent": 0,
  "maxcost": 4.5,
  "eventexplain": [],
  "selected": 2568,
  "mincost": 4.5,
  "totalpoints": 36,
  "typename": "Midfielder",
  "teamname": "Aston Villa",
  "status": "a",
  "added": "2013-07-15T13:21:12 UTC+0000",
  "form": 0,
  "currentfixture": "",
  "pointspergame": 0,
  "transfersin": 0,
  "news": "",
  "originalcost": 4.5,
  "eventpoints": 0,
  "fixturehistory": {
    "all": [],
    "summary": []
  },
  "nextfixture": "Arsenal (A), Chelsea (A)",
  "transfersinevent": 0,
  "selectedby": "0.3",
  "teamid": 2,
  "secondname": "El Ahmadi",
  "name": "El Ahmadi",
  "cost": 4.5,
  

"seasonhistory": [
    [
      "2012/13",
      1177,
      1,
      0,
      2,
      23,
      0,
      0,
      0,
      5,
      0,
      0,
      2,
      97,
      0,
      42,
      36
    ]
  ]
}