{
  "transfersout": 0,
  "code": 39194,
  "eventtotal": 0,
  "lastseasonpoints": 0,
  "squadnumber": null,
  "transfersbalance": 0,
  "eventcost": 7,
  "indreamteam": false,
  "id": 430,
  "firstname": "Jan",
  "transfersoutevent": 0,
  "maxcost": 7,
  "eventexplain": [],
  "selected": 54795,
  "mincost": 7,
  "totalpoints": 136,
  "typename": "Defender",
  "teamname": "Tottenham",
  "status": "d",
  "added": "2013-07-15T13:21:17 UTC+0000",
  "form": 0,
  "currentfixture": "",
  "pointspergame": 0,
  "transfersin": 0,
  "news": "Ankle injury - 50% chance of playing",
  "originalcost": 7,
  "eventpoints": 0,
  "fixturehistory": {
    "all": [],
    "summary": []
  },
  "nextfixture": "Crystal Palace (A)",
  "transfersinevent": 0,
  "selectedby": "7.0",
  "teamid": 18,
  "secondname": "Vertonghen",
  "name": "Vertonghen",
  "cost": 7,
  

"seasonhistory": [
    [
      "2012/13",
      3060,
      5,
      3,
      9,
      41,
      0,
      0,
      0,
      7,
      0,
      0,
      12,
      479,
      0,
      68,
      136
    ]
  ]
}