{
  "transfersout": 0,
  "code": 20226,
  "eventtotal": 0,
  "lastseasonpoints": 0,
  "squadnumber": null,
  "transfersbalance": 0,
  "eventcost": 7.5,
  "indreamteam": false,
  "id": 431,
  "firstname": "Clint",
  "transfersoutevent": 0,
  "maxcost": 7.5,
  "eventexplain": [],
  "selected": 18462,
  "mincost": 7.5,
  "totalpoints": 119,
  "typename": "Midfielder",
  "teamname": "Tottenham",
  "status": "a",
  "added": "2013-07-15T13:21:17 UTC+0000",
  "form": 0,
  "currentfixture": "",
  "pointspergame": 0,
  "transfersin": 0,
  "news": "",
  "originalcost": 7.5,
  "eventpoints": 0,
  "fixturehistory": {
    "all": [],
    "summary": []
  },
  "nextfixture": "Crystal Palace (A)",
  "transfersinevent": 0,
  "selectedby": "2.4",
  "teamid": 18,
  "secondname": "Dempsey",
  "name": "Dempsey",
  "cost": 7.5,
  

"seasonhistory": [
    [
      "2006/07",
      261,
      1,
      0,
      0,
      8,
      0,
      0,
      0,
      0,
      0,
      0,
      0,
      0,
      0,
      58,
      16
    ],
    [
      "2007/08",
      2671,
      6,
      3,
      0,
      46,
      0,
      0,
      0,
      4,
      0,
      0,
      7,
      0,
      0,
      48,
      115
    ],
    [
      "2008/09",
      2594,
      7,
      2,
      0,
      26,
      0,
      0,
      0,
      5,
      0,
      0,
      15,
      0,
      0,
      53,
      126
    ],
    [
      "2009/10",
      2391,
      7,
      3,
      0,
      31,
      0,
      0,
      0,
      1,
      0,
      0,
      15,
      0,
      0,
      67,
      120
    ],
    [
      "2010/11",
      3091,
      12,
      3,
      12,
      41,
      0,
      0,
      1,
      5,
      0,
      0,
      23,
      0,
      0,
      74,
      168
    ],
    [
      "2011/12",
      3324,
      17,
      7,
      11,
      47,
      0,
      0,
      1,
      2,
      0,
      0,
      22,
      499,
      0,
      96,
      209
    ],
    [
      "2012/13",
      1994,
      7,
      6,
      7,
      26,
      0,
      0,
      0,
      3,
      0,
      0,
      11,
      323,
      0,
      89,
      119
    ]
  ]
}