{
  "transfersout": 0,
  "code": 39104,
  "eventtotal": 0,
  "lastseasonpoints": 0,
  "squadnumber": null,
  "transfersbalance": 0,
  "eventcost": 5.5,
  "indreamteam": false,
  "id": 432,
  "firstname": "Mousa",
  "transfersoutevent": 0,
  "maxcost": 5.5,
  "eventexplain": [],
  "selected": 35888,
  "mincost": 5.5,
  "totalpoints": 78,
  "typename": "Midfielder",
  "teamname": "Tottenham",
  "status": "a",
  "added": "2013-07-15T13:21:17 UTC+0000",
  "form": 0,
  "currentfixture": "",
  "pointspergame": 0,
  "transfersin": 0,
  "news": "",
  "originalcost": 5.5,
  "eventpoints": 0,
  "fixturehistory": {
    "all": [],
    "summary": []
  },
  "nextfixture": "Crystal Palace (A)",
  "transfersinevent": 0,
  "selectedby": "4.6",
  "teamid": 18,
  "secondname": "Dembele",
  "name": "Dembele",
  "cost": 5.5,
  

"seasonhistory": [
    [
      "2010/11",
      1916,
      3,
      3,
      7,
      27,
      0,
      0,
      0,
      0,
      0,
      0,
      15,
      0,
      0,
      47,
      81
    ],
    [
      "2011/12",
      2936,
      2,
      3,
      10,
      39,
      0,
      0,
      0,
      6,
      0,
      0,
      8,
      417,
      0,
      52,
      86
    ],
    [
      "2012/13",
      2377,
      1,
      2,
      9,
      27,
      0,
      0,
      0,
      4,
      0,
      0,
      4,
      375,
      0,
      58,
      78
    ]
  ]
}