{
  "transfersout": 0,
  "code": 52876,
  "eventtotal": 0,
  "lastseasonpoints": 0,
  "squadnumber": null,
  "transfersbalance": 0,
  "eventcost": 5.5,
  "indreamteam": false,
  "id": 433,
  "firstname": "Raniere",
  "transfersoutevent": 0,
  "maxcost": 5.5,
  "eventexplain": [],
  "selected": 4233,
  "mincost": 5.5,
  "totalpoints": 58,
  "typename": "Midfielder",
  "teamname": "Tottenham",
  "status": "a",
  "added": "2013-07-15T13:21:17 UTC+0000",
  "form": 0,
  "currentfixture": "",
  "pointspergame": 0,
  "transfersin": 0,
  "news": "",
  "originalcost": 5.5,
  "eventpoints": 0,
  "fixturehistory": {
    "all": [],
    "summary": []
  },
  "nextfixture": "Crystal Palace (A)",
  "transfersinevent": 0,
  "selectedby": "0.5",
  "teamid": 18,
  "secondname": "Sandro",
  "name": "Sandro",
  "cost": 5.5,
  

"seasonhistory": [
    [
      "2010/11",
      1079,
      1,
      0,
      3,
      14,
      0,
      0,
      0,
      4,
      0,
      0,
      3,
      0,
      0,
      43,
      37
    ],
    [
      "2011/12",
      1411,
      0,
      1,
      6,
      16,
      0,
      0,
      0,
      6,
      0,
      0,
      2,
      150,
      0,
      49,
      43
    ],
    [
      "2012/13",
      1772,
      1,
      2,
      6,
      24,
      0,
      0,
      0,
      4,
      0,
      0,
      4,
      252,
      0,
      47,
      58
    ]
  ]
}