{
  "transfersout": 0,
  "code": 17349,
  "eventtotal": 0,
  "lastseasonpoints": 0,
  "squadnumber": null,
  "transfersbalance": 0,
  "eventcost": 7.5,
  "indreamteam": false,
  "id": 434,
  "firstname": "Aaron",
  "transfersoutevent": 0,
  "maxcost": 7.5,
  "eventexplain": [],
  "selected": 20228,
  "mincost": 7.5,
  "totalpoints": 130,
  "typename": "Midfielder",
  "teamname": "Tottenham",
  "status": "a",
  "added": "2013-07-15T13:21:17 UTC+0000",
  "form": 0,
  "currentfixture": "",
  "pointspergame": 0,
  "transfersin": 0,
  "news": "",
  "originalcost": 7.5,
  "eventpoints": 0,
  "fixturehistory": {
    "all": [],
    "summary": []
  },
  "nextfixture": "Crystal Palace (A)",
  "transfersinevent": 0,
  "selectedby": "2.6",
  "teamid": 18,
  "secondname": "Lennon",
  "name": "Lennon",
  "cost": 7.5,
  

"seasonhistory": [
    [
      "2006/07",
      1974,
      3,
      8,
      0,
      36,
      0,
      0,
      0,
      0,
      0,
      0,
      8,
      0,
      0,
      74,
      98
    ],
    [
      "2007/08",
      2129,
      2,
      6,
      0,
      32,
      0,
      0,
      0,
      1,
      0,
      0,
      8,
      0,
      0,
      74,
      95
    ],
    [
      "2008/09",
      2522,
      5,
      6,
      0,
      30,
      0,
      0,
      0,
      2,
      0,
      0,
      16,
      0,
      0,
      68,
      128
    ],
    [
      "2009/10",
      1801,
      3,
      10,
      0,
      25,
      0,
      0,
      0,
      1,
      0,
      0,
      11,
      0,
      0,
      79,
      103
    ],
    [
      "2010/11",
      2361,
      3,
      3,
      8,
      26,
      0,
      0,
      0,
      1,
      0,
      0,
      10,
      0,
      0,
      73,
      99
    ],
    [
      "2011/12",
      1571,
      3,
      8,
      5,
      21,
      0,
      0,
      0,
      1,
      0,
      0,
      7,
      291,
      0,
      72,
      89
    ],
    [
      "2012/13",
      2823,
      4,
      8,
      11,
      32,
      0,
      0,
      0,
      1,
      0,
      0,
      10,
      469,
      0,
      71,
      130
    ]
  ]
}