{
  "transfersout": 0,
  "code": 36903,
  "eventtotal": 0,
  "lastseasonpoints": 0,
  "squadnumber": null,
  "transfersbalance": 0,
  "eventcost": 12,
  "indreamteam": false,
  "id": 435,
  "firstname": "Gareth",
  "transfersoutevent": 0,
  "maxcost": 12,
  "eventexplain": [],
  "selected": 307876,
  "mincost": 12,
  "totalpoints": 249,
  "typename": "Midfielder",
  "teamname": "Tottenham",
  "status": "a",
  "added": "2013-07-15T13:21:17 UTC+0000",
  "form": 0,
  "currentfixture": "",
  "pointspergame": 0,
  "transfersin": 0,
  "news": "",
  "originalcost": 12,
  "eventpoints": 0,
  "fixturehistory": {
    "all": [],
    "summary": []
  },
  "nextfixture": "Crystal Palace (A)",
  "transfersinevent": 0,
  "selectedby": "39.5",
  "teamid": 18,
  "secondname": "Bale",
  "name": "Bale",
  "cost": 12,
  

"seasonhistory": [
    [
      "2007/08",
      610,
      2,
      1,
      0,
      14,
      0,
      0,
      0,
      1,
      0,
      0,
      3,
      0,
      0,
      58,
      27
    ],
    [
      "2008/09",
      993,
      0,
      0,
      0,
      20,
      0,
      0,
      0,
      2,
      1,
      0,
      0,
      0,
      0,
      54,
      21
    ],
    [
      "2009/10",
      1713,
      3,
      5,
      0,
      22,
      0,
      0,
      0,
      2,
      0,
      0,
      24,
      0,
      0,
      61,
      118
    ],
    [
      "2010/11",
      2447,
      7,
      3,
      6,
      34,
      0,
      0,
      0,
      1,
      0,
      0,
      13,
      0,
      0,
      70,
      118
    ],
    [
      "2011/12",
      3216,
      10,
      14,
      13,
      38,
      0,
      0,
      0,
      3,
      0,
      0,
      21,
      581,
      0,
      95,
      195
    ],
    [
      "2012/13",
      2921,
      21,
      9,
      9,
      36,
      1,
      0,
      0,
      6,
      0,
      0,
      50,
      709,
      0,
      111,
      249
    ]
  ]
}