{
  "transfersout": 0,
  "code": 15109,
  "eventtotal": 0,
  "lastseasonpoints": 0,
  "squadnumber": null,
  "transfersbalance": 0,
  "eventcost": 5,
  "indreamteam": false,
  "id": 436,
  "firstname": "Tom",
  "transfersoutevent": 0,
  "maxcost": 5,
  "eventexplain": [],
  "selected": 1534,
  "mincost": 5,
  "totalpoints": 40,
  "typename": "Midfielder",
  "teamname": "Tottenham",
  "status": "a",
  "added": "2013-07-15T13:21:17 UTC+0000",
  "form": 0,
  "currentfixture": "",
  "pointspergame": 0,
  "transfersin": 0,
  "news": "",
  "originalcost": 5,
  "eventpoints": 0,
  "fixturehistory": {
    "all": [],
    "summary": []
  },
  "nextfixture": "Crystal Palace (A)",
  "transfersinevent": 0,
  "selectedby": "0.2",
  "teamid": 18,
  "secondname": "Huddlestone",
  "name": "Huddlestone",
  "cost": 5,
  

"seasonhistory": [
    [
      "2006/07",
      1509,
      1,
      2,
      0,
      23,
      0,
      0,
      0,
      1,
      0,
      0,
      13,
      0,
      0,
      42,
      64
    ],
    [
      "2007/08",
      1945,
      3,
      7,
      0,
      41,
      0,
      0,
      0,
      5,
      0,
      0,
      11,
      0,
      0,
      45,
      95
    ],
    [
      "2008/09",
      1345,
      0,
      2,
      0,
      14,
      0,
      0,
      0,
      3,
      0,
      0,
      5,
      0,
      0,
      52,
      49
    ],
    [
      "2009/10",
      2844,
      2,
      3,
      0,
      29,
      0,
      0,
      0,
      8,
      0,
      0,
      16,
      0,
      0,
      50,
      104
    ],
    [
      "2010/11",
      1162,
      2,
      2,
      1,
      17,
      0,
      0,
      0,
      3,
      0,
      0,
      5,
      0,
      0,
      56,
      46
    ],
    [
      "2011/12",
      62,
      0,
      0,
      0,
      5,
      0,
      0,
      0,
      0,
      0,
      0,
      0,
      4,
      0,
      56,
      2
    ],
    [
      "2012/13",
      1037,
      0,
      4,
      3,
      19,
      0,
      0,
      0,
      3,
      1,
      0,
      0,
      121,
      0,
      45,
      40
    ]
  ]
}