{
  "transfersout": 0,
  "code": 49944,
  "eventtotal": 0,
  "lastseasonpoints": 0,
  "squadnumber": null,
  "transfersbalance": 0,
  "eventcost": 4.5,
  "indreamteam": false,
  "id": 437,
  "firstname": "Jake",
  "transfersoutevent": 0,
  "maxcost": 4.5,
  "eventexplain": [],
  "selected": 1114,
  "mincost": 4.5,
  "totalpoints": 12,
  "typename": "Midfielder",
  "teamname": "Tottenham",
  "status": "a",
  "added": "2013-07-15T13:21:17 UTC+0000",
  "form": 0,
  "currentfixture": "",
  "pointspergame": 0,
  "transfersin": 0,
  "news": "",
  "originalcost": 4.5,
  "eventpoints": 0,
  "fixturehistory": {
    "all": [],
    "summary": []
  },
  "nextfixture": "Crystal Palace (A)",
  "transfersinevent": 0,
  "selectedby": "0.1",
  "teamid": 18,
  "secondname": "Livermore",
  "name": "Livermore",
  "cost": 4.5,
  

"seasonhistory": [
    [
      "2009/10",
      1,
      0,
      0,
      0,
      0,
      0,
      0,
      0,
      0,
      0,
      0,
      0,
      0,
      0,
      45,
      1
    ],
    [
      "2010/11",
      0,
      0,
      0,
      0,
      0,
      0,
      0,
      0,
      0,
      0,
      0,
      0,
      0,
      0,
      45,
      0
    ],
    [
      "2011/12",
      854,
      0,
      1,
      3,
      12,
      0,
      0,
      0,
      1,
      0,
      0,
      0,
      114,
      0,
      48,
      37
    ],
    [
      "2012/13",
      421,
      0,
      0,
      0,
      10,
      0,
      0,
      0,
      3,
      0,
      0,
      0,
      25,
      0,
      41,
      12
    ]
  ]
}