{
  "transfersout": 0,
  "code": 1411,
  "eventtotal": 0,
  "lastseasonpoints": 0,
  "squadnumber": null,
  "transfersbalance": 0,
  "eventcost": 4.5,
  "indreamteam": false,
  "id": 438,
  "firstname": "Scott",
  "transfersoutevent": 0,
  "maxcost": 4.5,
  "eventexplain": [],
  "selected": 19148,
  "mincost": 4.5,
  "totalpoints": 43,
  "typename": "Midfielder",
  "teamname": "Tottenham",
  "status": "a",
  "added": "2013-07-15T13:21:17 UTC+0000",
  "form": 0,
  "currentfixture": "",
  "pointspergame": 0,
  "transfersin": 0,
  "news": "",
  "originalcost": 4.5,
  "eventpoints": 0,
  "fixturehistory": {
    "all": [],
    "summary": []
  },
  "nextfixture": "Crystal Palace (A)",
  "transfersinevent": 0,
  "selectedby": "2.5",
  "teamid": 18,
  "secondname": "Parker",
  "name": "Parker",
  "cost": 4.5,
  

"seasonhistory": [
    [
      "2006/07",
      2422,
      3,
      1,
      0,
      33,
      0,
      0,
      0,
      9,
      0,
      0,
      23,
      0,
      0,
      59,
      92
    ],
    [
      "2007/08",
      1425,
      1,
      0,
      0,
      25,
      0,
      0,
      0,
      3,
      0,
      0,
      3,
      0,
      0,
      57,
      39
    ],
    [
      "2008/09",
      2378,
      1,
      4,
      0,
      28,
      0,
      0,
      0,
      8,
      0,
      0,
      13,
      0,
      0,
      47,
      85
    ],
    [
      "2009/10",
      2572,
      2,
      3,
      0,
      52,
      0,
      0,
      0,
      8,
      1,
      0,
      25,
      0,
      0,
      53,
      97
    ],
    [
      "2010/11",
      2738,
      5,
      3,
      6,
      52,
      0,
      0,
      0,
      8,
      0,
      0,
      25,
      0,
      0,
      55,
      119
    ],
    [
      "2011/12",
      2467,
      0,
      1,
      11,
      25,
      0,
      0,
      0,
      7,
      1,
      0,
      1,
      373,
      0,
      65,
      62
    ],
    [
      "2012/13",
      1363,
      0,
      1,
      3,
      19,
      0,
      0,
      0,
      1,
      0,
      0,
      1,
      185,
      0,
      52,
      43
    ]
  ]
}