{
  "transfersout": 0,
  "code": 60551,
  "eventtotal": 0,
  "lastseasonpoints": 0,
  "squadnumber": null,
  "transfersbalance": 0,
  "eventcost": 5.5,
  "indreamteam": false,
  "id": 44,
  "firstname": "Ashley",
  "transfersoutevent": 0,
  "maxcost": 5.5,
  "eventexplain": [],
  "selected": 9233,
  "mincost": 5.5,
  "totalpoints": 83,
  "typename": "Midfielder",
  "teamname": "Aston Villa",
  "status": "a",
  "added": "2013-07-15T13:21:12 UTC+0000",
  "form": 0,
  "currentfixture": "",
  "pointspergame": 0,
  "transfersin": 0,
  "news": "",
  "originalcost": 5.5,
  "eventpoints": 0,
  "fixturehistory": {
    "all": [],
    "summary": []
  },
  "nextfixture": "Arsenal (A), Chelsea (A)",
  "transfersinevent": 0,
  "selectedby": "1.2",
  "teamid": 2,
  "secondname": "Westwood",
  "name": "Westwood",
  "cost": 5.5,
  

"seasonhistory": [
    [
      "2012/13",
      2455,
      0,
      7,
      4,
      45,
      1,
      0,
      0,
      2,
      0,
      0,
      6,
      317,
      0,
      49,
      83
    ]
  ]
}