{
  "transfersout": 0,
  "code": 38290,
  "eventtotal": 0,
  "lastseasonpoints": 0,
  "squadnumber": null,
  "transfersbalance": 0,
  "eventcost": 5,
  "indreamteam": false,
  "id": 441,
  "firstname": "Danny",
  "transfersoutevent": 0,
  "maxcost": 5,
  "eventexplain": [],
  "selected": 2400,
  "mincost": 5,
  "totalpoints": 62,
  "typename": "Midfielder",
  "teamname": "Tottenham",
  "status": "a",
  "added": "2013-07-15T13:21:17 UTC+0000",
  "form": 0,
  "currentfixture": "",
  "pointspergame": 0,
  "transfersin": 0,
  "news": "",
  "originalcost": 5,
  "eventpoints": 0,
  "fixturehistory": {
    "all": [],
    "summary": []
  },
  "nextfixture": "Crystal Palace (A)",
  "transfersinevent": 0,
  "selectedby": "0.3",
  "teamid": 18,
  "secondname": "Rose",
  "name": "Rose",
  "cost": 5,
  

"seasonhistory": [
    [
      "2007/08",
      0,
      0,
      0,
      0,
      0,
      0,
      0,
      0,
      0,
      0,
      0,
      0,
      0,
      0,
      75,
      0
    ],
    [
      "2008/09",
      0,
      0,
      0,
      0,
      0,
      0,
      0,
      0,
      0,
      0,
      0,
      0,
      0,
      0,
      43,
      0
    ],
    [
      "2009/10",
      45,
      1,
      0,
      0,
      0,
      0,
      0,
      0,
      0,
      0,
      0,
      0,
      0,
      0,
      45,
      6
    ],
    [
      "2010/11",
      351,
      0,
      2,
      1,
      3,
      0,
      0,
      0,
      0,
      0,
      0,
      2,
      0,
      0,
      44,
      17
    ],
    [
      "2011/12",
      320,
      0,
      0,
      1,
      2,
      0,
      0,
      0,
      1,
      1,
      0,
      1,
      51,
      0,
      48,
      11
    ],
    [
      "2012/13",
      2215,
      1,
      1,
      8,
      36,
      0,
      0,
      0,
      6,
      0,
      0,
      0,
      262,
      0,
      44,
      62
    ]
  ]
}