{
  "transfersout": 0,
  "code": 55422,
  "eventtotal": 0,
  "lastseasonpoints": 0,
  "squadnumber": null,
  "transfersbalance": 0,
  "eventcost": 7,
  "indreamteam": false,
  "id": 442,
  "firstname": "Gylfi",
  "transfersoutevent": 0,
  "maxcost": 7,
  "eventexplain": [],
  "selected": 21088,
  "mincost": 7,
  "totalpoints": 77,
  "typename": "Midfielder",
  "teamname": "Tottenham",
  "status": "a",
  "added": "2013-07-15T13:21:17 UTC+0000",
  "form": 0,
  "currentfixture": "",
  "pointspergame": 0,
  "transfersin": 0,
  "news": "",
  "originalcost": 7,
  "eventpoints": 0,
  "fixturehistory": {
    "all": [],
    "summary": []
  },
  "nextfixture": "Crystal Palace (A)",
  "transfersinevent": 0,
  "selectedby": "2.7",
  "teamid": 18,
  "secondname": "Sigurdsson",
  "name": "Sigurdsson",
  "cost": 7,
  

"seasonhistory": [
    [
      "2011/12",
      1495,
      7,
      5,
      6,
      25,
      0,
      0,
      0,
      0,
      0,
      0,
      11,
      228,
      0,
      56,
      102
    ],
    [
      "2012/13",
      1235,
      3,
      5,
      1,
      22,
      0,
      0,
      0,
      0,
      0,
      0,
      3,
      164,
      0,
      78,
      77
    ]
  ]
}