{
  "transfersout": 0,
  "code": 49318,
  "eventtotal": 0,
  "lastseasonpoints": 0,
  "squadnumber": null,
  "transfersbalance": 0,
  "eventcost": 6.5,
  "indreamteam": false,
  "id": 443,
  "firstname": "Lewis",
  "transfersoutevent": 0,
  "maxcost": 6.5,
  "eventexplain": [],
  "selected": 4363,
  "mincost": 6.5,
  "totalpoints": 18,
  "typename": "Midfielder",
  "teamname": "Tottenham",
  "status": "a",
  "added": "2013-07-15T13:21:17 UTC+0000",
  "form": 0,
  "currentfixture": "",
  "pointspergame": 0,
  "transfersin": 0,
  "news": "",
  "originalcost": 6.5,
  "eventpoints": 0,
  "fixturehistory": {
    "all": [],
    "summary": []
  },
  "nextfixture": "Crystal Palace (A)",
  "transfersinevent": 0,
  "selectedby": "0.6",
  "teamid": 18,
  "secondname": "Holtby",
  "name": "Holtby",
  "cost": 6.5,
  

"seasonhistory": [
    [
      "2012/13",
      513,
      0,
      2,
      0,
      7,
      0,
      0,
      0,
      2,
      0,
      0,
      0,
      62,
      0,
      63,
      18
    ]
  ]
}