{
  "transfersout": 0,
  "code": 48759,
  "eventtotal": 0,
  "lastseasonpoints": 0,
  "squadnumber": null,
  "transfersbalance": 0,
  "eventcost": 4.5,
  "indreamteam": false,
  "id": 444,
  "firstname": "Simon",
  "transfersoutevent": 0,
  "maxcost": 4.5,
  "eventexplain": [],
  "selected": 361,
  "mincost": 4.5,
  "totalpoints": 4,
  "typename": "Midfielder",
  "teamname": "Tottenham",
  "status": "a",
  "added": "2013-07-15T13:21:17 UTC+0000",
  "form": 0,
  "currentfixture": "",
  "pointspergame": 0,
  "transfersin": 0,
  "news": "",
  "originalcost": 4.5,
  "eventpoints": 0,
  "fixturehistory": {
    "all": [],
    "summary": []
  },
  "nextfixture": "Crystal Palace (A)",
  "transfersinevent": 0,
  "selectedby": "0.0",
  "teamid": 18,
  "secondname": "Dawkins",
  "name": "Dawkins",
  "cost": 4.5,
  

"seasonhistory": [
    [
      "2012/13",
      75,
      0,
      0,
      0,
      2,
      0,
      0,
      0,
      0,
      0,
      0,
      0,
      5,
      0,
      42,
      4
    ]
  ]
}