{
  "transfersout": 0,
  "code": 100534,
  "eventtotal": 0,
  "lastseasonpoints": 0,
  "squadnumber": null,
  "transfersbalance": 0,
  "eventcost": 7,
  "indreamteam": false,
  "id": 445,
  "firstname": "José Paulo",
  "transfersoutevent": 0,
  "maxcost": 7,
  "eventexplain": [],
  "selected": 99157,
  "mincost": 7,
  "totalpoints": 0,
  "typename": "Midfielder",
  "teamname": "Tottenham",
  "status": "a",
  "added": "2013-07-15T13:21:17 UTC+0000",
  "form": 0,
  "currentfixture": "",
  "pointspergame": 0,
  "transfersin": 0,
  "news": "",
  "originalcost": 7,
  "eventpoints": 0,
  "fixturehistory": {
    "all": [],
    "summary": []
  },
  "nextfixture": "Crystal Palace (A)",
  "transfersinevent": 0,
  "selectedby": "12.7",
  "teamid": 18,
  "secondname": "Bezerra Maciel Júnior",
  "name": "Paulinho",
  "cost": 7,
  

"seasonhistory": []
}