{
  "transfersout": 0,
  "code": 17500,
  "eventtotal": 0,
  "lastseasonpoints": 0,
  "squadnumber": null,
  "transfersbalance": 0,
  "eventcost": 8,
  "indreamteam": false,
  "id": 447,
  "firstname": "Emmanuel",
  "transfersoutevent": 0,
  "maxcost": 8,
  "eventexplain": [],
  "selected": 22050,
  "mincost": 8,
  "totalpoints": 72,
  "typename": "Forward",
  "teamname": "Tottenham",
  "status": "a",
  "added": "2013-07-15T13:21:17 UTC+0000",
  "form": 0,
  "currentfixture": "",
  "pointspergame": 0,
  "transfersin": 0,
  "news": "",
  "originalcost": 8,
  "eventpoints": 0,
  "fixturehistory": {
    "all": [],
    "summary": []
  },
  "nextfixture": "Crystal Palace (A)",
  "transfersinevent": 0,
  "selectedby": "2.8",
  "teamid": 18,
  "secondname": "Adebayor",
  "name": "Adebayor",
  "cost": 8,
  

"seasonhistory": [
    [
      "2006/07",
      1988,
      8,
      4,
      0,
      23,
      0,
      0,
      0,
      2,
      0,
      0,
      18,
      0,
      0,
      84,
      110
    ],
    [
      "2007/08",
      2928,
      24,
      4,
      0,
      23,
      0,
      0,
      0,
      3,
      0,
      0,
      27,
      0,
      0,
      91,
      200
    ],
    [
      "2008/09",
      1876,
      10,
      7,
      0,
      19,
      0,
      0,
      0,
      3,
      1,
      0,
      21,
      0,
      0,
      107,
      122
    ],
    [
      "2009/10",
      2207,
      14,
      5,
      0,
      26,
      1,
      0,
      0,
      1,
      0,
      0,
      15,
      0,
      0,
      95,
      136
    ],
    [
      "2010/11",
      244,
      1,
      0,
      1,
      5,
      0,
      0,
      0,
      0,
      0,
      0,
      0,
      0,
      0,
      89,
      14
    ],
    [
      "2011/12",
      2827,
      17,
      12,
      15,
      26,
      0,
      0,
      1,
      3,
      0,
      0,
      31,
      705,
      0,
      92,
      194
    ],
    [
      "2012/13",
      1597,
      5,
      2,
      6,
      23,
      0,
      0,
      0,
      3,
      1,
      0,
      10,
      289,
      0,
      91,
      72
    ]
  ]
}