{
  "transfersout": 0,
  "code": 7958,
  "eventtotal": 0,
  "lastseasonpoints": 0,
  "squadnumber": null,
  "transfersbalance": 0,
  "eventcost": 8.5,
  "indreamteam": false,
  "id": 448,
  "firstname": "Jermain",
  "transfersoutevent": 0,
  "maxcost": 8.5,
  "eventexplain": [],
  "selected": 20811,
  "mincost": 8.5,
  "totalpoints": 124,
  "typename": "Forward",
  "teamname": "Tottenham",
  "status": "a",
  "added": "2013-07-15T13:21:17 UTC+0000",
  "form": 0,
  "currentfixture": "",
  "pointspergame": 0,
  "transfersin": 0,
  "news": "",
  "originalcost": 8.5,
  "eventpoints": 0,
  "fixturehistory": {
    "all": [],
    "summary": []
  },
  "nextfixture": "Crystal Palace (A)",
  "transfersinevent": 0,
  "selectedby": "2.7",
  "teamid": 18,
  "secondname": "Defoe",
  "name": "Defoe",
  "cost": 8.5,
  

"seasonhistory": [
    [
      "2006/07",
      1935,
      10,
      2,
      0,
      29,
      0,
      0,
      1,
      2,
      0,
      0,
      14,
      0,
      0,
      78,
      109
    ],
    [
      "2007/08",
      1605,
      12,
      3,
      0,
      27,
      0,
      0,
      1,
      5,
      0,
      0,
      9,
      0,
      0,
      76,
      104
    ],
    [
      "2008/09",
      2056,
      11,
      4,
      0,
      34,
      0,
      0,
      1,
      4,
      0,
      0,
      13,
      0,
      0,
      79,
      113
    ],
    [
      "2009/10",
      2555,
      18,
      5,
      0,
      25,
      0,
      0,
      1,
      3,
      1,
      0,
      8,
      0,
      0,
      89,
      150
    ],
    [
      "2010/11",
      1479,
      4,
      2,
      4,
      17,
      0,
      0,
      1,
      0,
      1,
      0,
      3,
      0,
      0,
      83,
      56
    ],
    [
      "2011/12",
      1301,
      11,
      2,
      4,
      18,
      0,
      0,
      0,
      2,
      0,
      0,
      8,
      245,
      0,
      80,
      92
    ],
    [
      "2012/13",
      2411,
      11,
      5,
      10,
      30,
      0,
      0,
      0,
      4,
      0,
      0,
      10,
      348,
      0,
      78,
      124
    ]
  ]
}