{
  "transfersout": 0,
  "code": 90255,
  "eventtotal": 0,
  "lastseasonpoints": 0,
  "squadnumber": null,
  "transfersbalance": 0,
  "eventcost": 4.5,
  "indreamteam": false,
  "id": 45,
  "firstname": "Yacouba",
  "transfersoutevent": 0,
  "maxcost": 4.5,
  "eventexplain": [],
  "selected": 775,
  "mincost": 4.5,
  "totalpoints": 16,
  "typename": "Midfielder",
  "teamname": "Aston Villa",
  "status": "a",
  "added": "2013-07-15T13:21:12 UTC+0000",
  "form": 0,
  "currentfixture": "",
  "pointspergame": 0,
  "transfersin": 0,
  "news": "",
  "originalcost": 4.5,
  "eventpoints": 0,
  "fixturehistory": {
    "all": [],
    "summary": []
  },
  "nextfixture": "Arsenal (A), Chelsea (A)",
  "transfersinevent": 0,
  "selectedby": "0.1",
  "teamid": 2,
  "secondname": "Sylla",
  "name": "Sylla",
  "cost": 4.5,
  

"seasonhistory": [
    [
      "2012/13",
      595,
      0,
      1,
      0,
      13,
      0,
      0,
      0,
      3,
      0,
      0,
      0,
      71,
      0,
      42,
      16
    ]
  ]
}