{
  "transfersout": 0,
  "code": 12086,
  "eventtotal": 0,
  "lastseasonpoints": 0,
  "squadnumber": null,
  "transfersbalance": 0,
  "eventcost": 4.5,
  "indreamteam": false,
  "id": 450,
  "firstname": "Boaz",
  "transfersoutevent": 0,
  "maxcost": 4.5,
  "eventexplain": [],
  "selected": 2627,
  "mincost": 4.5,
  "totalpoints": 25,
  "typename": "Goalkeeper",
  "teamname": "West Brom",
  "status": "a",
  "added": "2013-07-15T13:21:17 UTC+0000",
  "form": 0,
  "currentfixture": "",
  "pointspergame": 0,
  "transfersin": 0,
  "news": "",
  "originalcost": 4.5,
  "eventpoints": 0,
  "fixturehistory": {
    "all": [],
    "summary": []
  },
  "nextfixture": "Southampton (H)",
  "transfersinevent": 0,
  "selectedby": "0.3",
  "teamid": 19,
  "secondname": "Myhill",
  "name": "Myhill",
  "cost": 4.5,
  

"seasonhistory": [
    [
      "2008/09",
      2520,
      0,
      0,
      0,
      51,
      0,
      0,
      0,
      1,
      0,
      85,
      3,
      0,
      0,
      40,
      73
    ],
    [
      "2009/10",
      2430,
      0,
      0,
      0,
      58,
      1,
      1,
      0,
      2,
      0,
      123,
      8,
      0,
      0,
      41,
      94
    ],
    [
      "2010/11",
      540,
      0,
      0,
      0,
      13,
      0,
      0,
      0,
      0,
      0,
      19,
      0,
      0,
      0,
      38,
      12
    ],
    [
      "2011/12",
      0,
      0,
      0,
      0,
      0,
      0,
      0,
      0,
      0,
      0,
      0,
      0,
      0,
      0,
      45,
      0
    ],
    [
      "2012/13",
      720,
      0,
      0,
      1,
      11,
      0,
      0,
      0,
      0,
      0,
      27,
      2,
      77,
      0,
      44,
      25
    ]
  ]
}