{
  "transfersout": 0,
  "code": 9089,
  "eventtotal": 0,
  "lastseasonpoints": 0,
  "squadnumber": null,
  "transfersbalance": 0,
  "eventcost": 5,
  "indreamteam": false,
  "id": 451,
  "firstname": "Ben",
  "transfersoutevent": 0,
  "maxcost": 5,
  "eventexplain": [],
  "selected": 44667,
  "mincost": 5,
  "totalpoints": 105,
  "typename": "Goalkeeper",
  "teamname": "West Brom",
  "status": "a",
  "added": "2013-07-15T13:21:17 UTC+0000",
  "form": 0,
  "currentfixture": "",
  "pointspergame": 0,
  "transfersin": 0,
  "news": "",
  "originalcost": 5,
  "eventpoints": 0,
  "fixturehistory": {
    "all": [],
    "summary": []
  },
  "nextfixture": "Southampton (H)",
  "transfersinevent": 0,
  "selectedby": "5.7",
  "teamid": 19,
  "secondname": "Foster",
  "name": "Foster",
  "cost": 5,
  

"seasonhistory": [
    [
      "2006/07",
      2565,
      0,
      0,
      0,
      44,
      0,
      0,
      0,
      0,
      0,
      114,
      11,
      0,
      0,
      50,
      109
    ],
    [
      "2007/08",
      90,
      0,
      0,
      0,
      0,
      0,
      0,
      0,
      0,
      0,
      5,
      0,
      0,
      0,
      40,
      7
    ],
    [
      "2008/09",
      180,
      0,
      0,
      0,
      1,
      0,
      0,
      0,
      0,
      0,
      5,
      0,
      0,
      0,
      48,
      9
    ],
    [
      "2009/10",
      810,
      0,
      0,
      0,
      8,
      0,
      0,
      0,
      0,
      0,
      21,
      2,
      0,
      0,
      45,
      37
    ],
    [
      "2010/11",
      3369,
      0,
      1,
      9,
      55,
      0,
      1,
      0,
      3,
      0,
      178,
      9,
      0,
      0,
      53,
      153
    ],
    [
      "2011/12",
      3330,
      0,
      0,
      10,
      49,
      0,
      2,
      0,
      0,
      0,
      109,
      8,
      413,
      0,
      48,
      140
    ],
    [
      "2012/13",
      2700,
      0,
      0,
      7,
      46,
      0,
      1,
      0,
      0,
      0,
      100,
      5,
      328,
      0,
      51,
      105
    ]
  ]
}