{
  "transfersout": 0,
  "code": 27348,
  "eventtotal": 0,
  "lastseasonpoints": 0,
  "squadnumber": null,
  "transfersbalance": 0,
  "eventcost": 4.5,
  "indreamteam": false,
  "id": 453,
  "firstname": "Gabriel",
  "transfersoutevent": 0,
  "maxcost": 4.5,
  "eventexplain": [],
  "selected": 537,
  "mincost": 4.5,
  "totalpoints": 10,
  "typename": "Defender",
  "teamname": "West Brom",
  "status": "a",
  "added": "2013-07-15T13:21:17 UTC+0000",
  "form": 0,
  "currentfixture": "",
  "pointspergame": 0,
  "transfersin": 0,
  "news": "",
  "originalcost": 4.5,
  "eventpoints": 0,
  "fixturehistory": {
    "all": [],
    "summary": []
  },
  "nextfixture": "Southampton (H)",
  "transfersinevent": 0,
  "selectedby": "0.1",
  "teamid": 19,
  "secondname": "Tamas",
  "name": "Tamas",
  "cost": 4.5,
  

"seasonhistory": [
    [
      "2010/11",
      2040,
      0,
      0,
      2,
      38,
      1,
      0,
      0,
      4,
      1,
      0,
      3,
      0,
      0,
      38,
      37
    ],
    [
      "2011/12",
      664,
      0,
      0,
      1,
      9,
      0,
      0,
      0,
      1,
      0,
      0,
      0,
      75,
      0,
      44,
      15
    ],
    [
      "2012/13",
      632,
      0,
      0,
      0,
      12,
      0,
      0,
      0,
      3,
      0,
      0,
      0,
      70,
      0,
      42,
      10
    ]
  ]
}