{
  "transfersout": 0,
  "code": 39253,
  "eventtotal": 0,
  "lastseasonpoints": 0,
  "squadnumber": null,
  "transfersbalance": 0,
  "eventcost": 5,
  "indreamteam": false,
  "id": 454,
  "firstname": "Jonas",
  "transfersoutevent": 0,
  "maxcost": 5,
  "eventexplain": [],
  "selected": 7429,
  "mincost": 5,
  "totalpoints": 87,
  "typename": "Defender",
  "teamname": "West Brom",
  "status": "a",
  "added": "2013-07-15T13:21:17 UTC+0000",
  "form": 0,
  "currentfixture": "",
  "pointspergame": 0,
  "transfersin": 0,
  "news": "",
  "originalcost": 5,
  "eventpoints": 0,
  "fixturehistory": {
    "all": [],
    "summary": []
  },
  "nextfixture": "Southampton (H)",
  "transfersinevent": 0,
  "selectedby": "1.0",
  "teamid": 19,
  "secondname": "Olsson",
  "name": "Olsson",
  "cost": 5,
  

"seasonhistory": [
    [
      "2008/09",
      2520,
      2,
      0,
      0,
      47,
      0,
      0,
      0,
      7,
      0,
      0,
      5,
      0,
      0,
      39,
      71
    ],
    [
      "2010/11",
      2123,
      1,
      3,
      2,
      39,
      1,
      0,
      0,
      1,
      0,
      0,
      7,
      0,
      0,
      42,
      62
    ],
    [
      "2011/12",
      2945,
      2,
      2,
      9,
      47,
      0,
      0,
      0,
      3,
      1,
      0,
      8,
      402,
      0,
      46,
      105
    ],
    [
      "2012/13",
      3240,
      0,
      1,
      8,
      53,
      1,
      0,
      0,
      5,
      0,
      0,
      4,
      383,
      0,
      49,
      87
    ]
  ]
}