{
  "transfersout": 0,
  "code": 11467,
  "eventtotal": 0,
  "lastseasonpoints": 0,
  "squadnumber": null,
  "transfersbalance": 0,
  "eventcost": 5,
  "indreamteam": false,
  "id": 455,
  "firstname": "Billy",
  "transfersoutevent": 0,
  "maxcost": 5,
  "eventexplain": [],
  "selected": 1428,
  "mincost": 5,
  "totalpoints": 61,
  "typename": "Defender",
  "teamname": "West Brom",
  "status": "a",
  "added": "2013-07-15T13:21:17 UTC+0000",
  "form": 0,
  "currentfixture": "",
  "pointspergame": 0,
  "transfersin": 0,
  "news": "",
  "originalcost": 5,
  "eventpoints": 0,
  "fixturehistory": {
    "all": [],
    "summary": []
  },
  "nextfixture": "Southampton (H)",
  "transfersinevent": 0,
  "selectedby": "0.2",
  "teamid": 19,
  "secondname": "Jones",
  "name": "Jones",
  "cost": 5,
  

"seasonhistory": [
    [
      "2011/12",
      1607,
      0,
      1,
      6,
      25,
      1,
      0,
      0,
      4,
      0,
      0,
      0,
      177,
      0,
      44,
      48
    ],
    [
      "2012/13",
      2213,
      1,
      3,
      4,
      42,
      0,
      0,
      0,
      8,
      0,
      0,
      2,
      301,
      0,
      44,
      61
    ]
  ]
}