{
  "transfersout": 0,
  "code": 19272,
  "eventtotal": 0,
  "lastseasonpoints": 0,
  "squadnumber": null,
  "transfersbalance": 0,
  "eventcost": 5.5,
  "indreamteam": false,
  "id": 456,
  "firstname": "Gareth",
  "transfersoutevent": 0,
  "maxcost": 5.5,
  "eventexplain": [],
  "selected": 19249,
  "mincost": 5.5,
  "totalpoints": 113,
  "typename": "Defender",
  "teamname": "West Brom",
  "status": "a",
  "added": "2013-07-15T13:21:17 UTC+0000",
  "form": 0,
  "currentfixture": "",
  "pointspergame": 0,
  "transfersin": 0,
  "news": "",
  "originalcost": 5.5,
  "eventpoints": 0,
  "fixturehistory": {
    "all": [],
    "summary": []
  },
  "nextfixture": "Southampton (H)",
  "transfersinevent": 0,
  "selectedby": "2.5",
  "teamid": 19,
  "secondname": "McAuley",
  "name": "McAuley",
  "cost": 5.5,
  

"seasonhistory": [
    [
      "2011/12",
      2880,
      2,
      1,
      9,
      40,
      1,
      0,
      0,
      0,
      0,
      0,
      10,
      420,
      0,
      44,
      110
    ],
    [
      "2012/13",
      3240,
      3,
      3,
      8,
      55,
      2,
      0,
      0,
      3,
      0,
      0,
      8,
      389,
      0,
      52,
      113
    ]
  ]
}