{
  "transfersout": 0,
  "code": 60232,
  "eventtotal": 0,
  "lastseasonpoints": 0,
  "squadnumber": null,
  "transfersbalance": 0,
  "eventcost": 4,
  "indreamteam": false,
  "id": 457,
  "firstname": "Craig",
  "transfersoutevent": 0,
  "maxcost": 4,
  "eventexplain": [],
  "selected": 10042,
  "mincost": 4,
  "totalpoints": 2,
  "typename": "Defender",
  "teamname": "West Brom",
  "status": "a",
  "added": "2013-07-15T13:21:17 UTC+0000",
  "form": 0,
  "currentfixture": "",
  "pointspergame": 0,
  "transfersin": 0,
  "news": "",
  "originalcost": 4,
  "eventpoints": 0,
  "fixturehistory": {
    "all": [],
    "summary": []
  },
  "nextfixture": "Southampton (H)",
  "transfersinevent": 0,
  "selectedby": "1.3",
  "teamid": 19,
  "secondname": "Dawson",
  "name": "Dawson",
  "cost": 4,
  

"seasonhistory": [
    [
      "2011/12",
      542,
      0,
      0,
      1,
      11,
      0,
      0,
      0,
      0,
      0,
      0,
      0,
      49,
      0,
      43,
      14
    ],
    [
      "2012/13",
      90,
      0,
      0,
      0,
      1,
      0,
      0,
      0,
      0,
      0,
      0,
      0,
      14,
      0,
      38,
      2
    ]
  ]
}