{
  "transfersout": 0,
  "code": 14278,
  "eventtotal": 0,
  "lastseasonpoints": 0,
  "squadnumber": null,
  "transfersbalance": 0,
  "eventcost": 5,
  "indreamteam": false,
  "id": 458,
  "firstname": "Liam",
  "transfersoutevent": 0,
  "maxcost": 5,
  "eventexplain": [],
  "selected": 5059,
  "mincost": 5,
  "totalpoints": 85,
  "typename": "Defender",
  "teamname": "West Brom",
  "status": "a",
  "added": "2013-07-15T13:21:17 UTC+0000",
  "form": 0,
  "currentfixture": "",
  "pointspergame": 0,
  "transfersin": 0,
  "news": "",
  "originalcost": 5,
  "eventpoints": 0,
  "fixturehistory": {
    "all": [],
    "summary": []
  },
  "nextfixture": "Southampton (H)",
  "transfersinevent": 0,
  "selectedby": "0.6",
  "teamid": 19,
  "secondname": "Ridgewell",
  "name": "Ridgewell",
  "cost": 5,
  

"seasonhistory": [
    [
      "2006/07",
      1766,
      1,
      1,
      0,
      23,
      0,
      0,
      0,
      1,
      0,
      1,
      3,
      0,
      0,
      45,
      69
    ],
    [
      "2007/08",
      3091,
      1,
      3,
      0,
      54,
      0,
      0,
      0,
      10,
      0,
      0,
      9,
      0,
      0,
      43,
      77
    ],
    [
      "2009/10",
      2745,
      3,
      1,
      0,
      41,
      0,
      0,
      0,
      4,
      0,
      0,
      0,
      0,
      0,
      42,
      97
    ],
    [
      "2010/11",
      3173,
      4,
      0,
      9,
      55,
      0,
      0,
      0,
      6,
      1,
      0,
      1,
      0,
      0,
      54,
      104
    ],
    [
      "2011/12",
      1170,
      1,
      1,
      6,
      14,
      0,
      0,
      0,
      2,
      0,
      0,
      9,
      204,
      0,
      45,
      61
    ],
    [
      "2012/13",
      2485,
      0,
      3,
      7,
      41,
      0,
      0,
      0,
      6,
      0,
      0,
      11,
      366,
      0,
      48,
      85
    ]
  ]
}