{
  "transfersout": 0,
  "code": 32388,
  "eventtotal": 0,
  "lastseasonpoints": 0,
  "squadnumber": null,
  "transfersbalance": 0,
  "eventcost": 4.5,
  "indreamteam": false,
  "id": 459,
  "firstname": "Goran",
  "transfersoutevent": 0,
  "maxcost": 4.5,
  "eventexplain": [],
  "selected": 1234,
  "mincost": 4.5,
  "totalpoints": 19,
  "typename": "Defender",
  "teamname": "West Brom",
  "status": "a",
  "added": "2013-07-15T13:21:17 UTC+0000",
  "form": 0,
  "currentfixture": "",
  "pointspergame": 0,
  "transfersin": 0,
  "news": "",
  "originalcost": 4.5,
  "eventpoints": 0,
  "fixturehistory": {
    "all": [],
    "summary": []
  },
  "nextfixture": "Southampton (H)",
  "transfersinevent": 0,
  "selectedby": "0.2",
  "teamid": 19,
  "secondname": "Popov",
  "name": "Popov",
  "cost": 4.5,
  

"seasonhistory": [
    [
      "2012/13",
      889,
      0,
      1,
      1,
      16,
      0,
      0,
      0,
      1,
      1,
      0,
      0,
      84,
      0,
      44,
      19
    ]
  ]
}