{
  "transfersout": 0,
  "code": 79843,
  "eventtotal": 0,
  "lastseasonpoints": 0,
  "squadnumber": null,
  "transfersbalance": 0,
  "eventcost": 4.5,
  "indreamteam": false,
  "id": 460,
  "firstname": "George",
  "transfersoutevent": 0,
  "maxcost": 4.5,
  "eventexplain": [],
  "selected": 34,
  "mincost": 4.5,
  "totalpoints": 7,
  "typename": "Midfielder",
  "teamname": "West Brom",
  "status": "i",
  "added": "2013-07-15T13:21:17 UTC+0000",
  "form": 0,
  "currentfixture": "",
  "pointspergame": 0,
  "transfersin": 0,
  "news": "Knee injury - Unknown return date",
  "originalcost": 4.5,
  "eventpoints": 0,
  "fixturehistory": {
    "all": [],
    "summary": []
  },
  "nextfixture": "Southampton (H)",
  "transfersinevent": 0,
  "selectedby": "0.0",
  "teamid": 19,
  "secondname": "Thorne",
  "name": "Thorne",
  "cost": 4.5,
  

"seasonhistory": [
    [
      "2010/11",
      31,
      0,
      0,
      0,
      0,
      0,
      0,
      0,
      0,
      0,
      0,
      0,
      0,
      0,
      41,
      1
    ],
    [
      "2011/12",
      104,
      0,
      0,
      0,
      2,
      0,
      0,
      0,
      0,
      0,
      0,
      0,
      2,
      0,
      45,
      4
    ],
    [
      "2012/13",
      230,
      0,
      0,
      0,
      6,
      0,
      0,
      0,
      0,
      0,
      0,
      0,
      20,
      0,
      43,
      7
    ]
  ]
}