{
  "transfersout": 0,
  "code": 20141,
  "eventtotal": 0,
  "lastseasonpoints": 0,
  "squadnumber": null,
  "transfersbalance": 0,
  "eventcost": 5,
  "indreamteam": false,
  "id": 461,
  "firstname": "Graham",
  "transfersoutevent": 0,
  "maxcost": 5,
  "eventexplain": [],
  "selected": 1473,
  "mincost": 5,
  "totalpoints": 61,
  "typename": "Midfielder",
  "teamname": "West Brom",
  "status": "a",
  "added": "2013-07-15T13:21:17 UTC+0000",
  "form": 0,
  "currentfixture": "",
  "pointspergame": 0,
  "transfersin": 0,
  "news": "",
  "originalcost": 5,
  "eventpoints": 0,
  "fixturehistory": {
    "all": [],
    "summary": []
  },
  "nextfixture": "Southampton (H)",
  "transfersinevent": 0,
  "selectedby": "0.2",
  "teamid": 19,
  "secondname": "Dorrans",
  "name": "Dorrans",
  "cost": 5,
  

"seasonhistory": [
    [
      "2008/09",
      428,
      0,
      0,
      0,
      7,
      0,
      0,
      0,
      1,
      0,
      0,
      3,
      0,
      0,
      45,
      16
    ],
    [
      "2010/11",
      1414,
      1,
      2,
      1,
      31,
      0,
      0,
      0,
      2,
      0,
      0,
      0,
      0,
      0,
      47,
      46
    ],
    [
      "2011/12",
      1524,
      3,
      2,
      6,
      25,
      0,
      0,
      0,
      4,
      0,
      0,
      5,
      216,
      0,
      54,
      75
    ],
    [
      "2012/13",
      1749,
      1,
      3,
      5,
      28,
      0,
      0,
      0,
      3,
      0,
      0,
      0,
      140,
      0,
      50,
      61
    ]
  ]
}