{
  "transfersout": 0,
  "code": 3332,
  "eventtotal": 0,
  "lastseasonpoints": 0,
  "squadnumber": null,
  "transfersbalance": 0,
  "eventcost": 4.5,
  "indreamteam": false,
  "id": 462,
  "firstname": "Steven",
  "transfersoutevent": 0,
  "maxcost": 4.5,
  "eventexplain": [],
  "selected": 1367,
  "mincost": 4.5,
  "totalpoints": 19,
  "typename": "Midfielder",
  "teamname": "West Brom",
  "status": "a",
  "added": "2013-07-15T13:21:17 UTC+0000",
  "form": 0,
  "currentfixture": "",
  "pointspergame": 0,
  "transfersin": 0,
  "news": "",
  "originalcost": 4.5,
  "eventpoints": 0,
  "fixturehistory": {
    "all": [],
    "summary": []
  },
  "nextfixture": "Southampton (H)",
  "transfersinevent": 0,
  "selectedby": "0.2",
  "teamid": 19,
  "secondname": "Reid",
  "name": "Reid",
  "cost": 4.5,
  

"seasonhistory": [
    [
      "2006/07",
      270,
      0,
      0,
      0,
      6,
      0,
      0,
      0,
      0,
      0,
      0,
      0,
      0,
      0,
      66,
      6
    ],
    [
      "2007/08",
      1867,
      0,
      0,
      0,
      30,
      0,
      0,
      0,
      6,
      0,
      0,
      4,
      0,
      0,
      60,
      46
    ],
    [
      "2008/09",
      360,
      0,
      2,
      0,
      11,
      0,
      0,
      0,
      0,
      0,
      0,
      0,
      0,
      0,
      46,
      14
    ],
    [
      "2009/10",
      125,
      0,
      0,
      0,
      1,
      0,
      0,
      0,
      1,
      0,
      0,
      0,
      0,
      0,
      48,
      5
    ],
    [
      "2010/11",
      1288,
      1,
      6,
      1,
      25,
      0,
      0,
      0,
      3,
      0,
      0,
      4,
      0,
      0,
      41,
      61
    ],
    [
      "2011/12",
      1769,
      1,
      2,
      4,
      27,
      1,
      0,
      0,
      3,
      0,
      0,
      5,
      258,
      0,
      48,
      56
    ],
    [
      "2012/13",
      906,
      0,
      0,
      3,
      8,
      0,
      0,
      0,
      4,
      0,
      0,
      0,
      124,
      0,
      47,
      19
    ]
  ]
}