{
  "transfersout": 0,
  "code": 18008,
  "eventtotal": 0,
  "lastseasonpoints": 0,
  "squadnumber": null,
  "transfersbalance": 0,
  "eventcost": 6,
  "indreamteam": false,
  "id": 463,
  "firstname": "James",
  "transfersoutevent": 0,
  "maxcost": 6,
  "eventexplain": [],
  "selected": 43030,
  "mincost": 6,
  "totalpoints": 133,
  "typename": "Midfielder",
  "teamname": "West Brom",
  "status": "a",
  "added": "2013-07-15T13:21:17 UTC+0000",
  "form": 0,
  "currentfixture": "",
  "pointspergame": 0,
  "transfersin": 0,
  "news": "",
  "originalcost": 6,
  "eventpoints": 0,
  "fixturehistory": {
    "all": [],
    "summary": []
  },
  "nextfixture": "Southampton (H)",
  "transfersinevent": 0,
  "selectedby": "5.5",
  "teamid": 19,
  "secondname": "Morrison",
  "name": "Morrison",
  "cost": 6,
  

"seasonhistory": [
    [
      "2006/07",
      1523,
      2,
      2,
      0,
      25,
      0,
      0,
      0,
      0,
      0,
      0,
      7,
      0,
      0,
      48,
      70
    ],
    [
      "2007/08",
      0,
      0,
      0,
      0,
      0,
      0,
      0,
      0,
      0,
      0,
      0,
      0,
      0,
      0,
      50,
      0
    ],
    [
      "2008/09",
      2352,
      3,
      4,
      0,
      54,
      0,
      0,
      0,
      5,
      0,
      0,
      2,
      0,
      0,
      49,
      86
    ],
    [
      "2010/11",
      2268,
      4,
      3,
      2,
      49,
      0,
      0,
      0,
      2,
      1,
      0,
      6,
      0,
      0,
      44,
      89
    ],
    [
      "2011/12",
      2142,
      5,
      6,
      3,
      36,
      0,
      0,
      0,
      1,
      0,
      0,
      4,
      260,
      0,
      49,
      101
    ],
    [
      "2012/13",
      2837,
      5,
      8,
      8,
      48,
      0,
      0,
      0,
      4,
      0,
      0,
      12,
      421,
      0,
      57,
      133
    ]
  ]
}