{
  "transfersout": 0,
  "code": 39895,
  "eventtotal": 0,
  "lastseasonpoints": 0,
  "squadnumber": null,
  "transfersbalance": 0,
  "eventcost": 5,
  "indreamteam": false,
  "id": 464,
  "firstname": "Youssouf",
  "transfersoutevent": 0,
  "maxcost": 5,
  "eventexplain": [],
  "selected": 5127,
  "mincost": 5,
  "totalpoints": 77,
  "typename": "Midfielder",
  "teamname": "West Brom",
  "status": "a",
  "added": "2013-07-15T13:21:17 UTC+0000",
  "form": 0,
  "currentfixture": "",
  "pointspergame": 0,
  "transfersin": 0,
  "news": "",
  "originalcost": 5,
  "eventpoints": 0,
  "fixturehistory": {
    "all": [],
    "summary": []
  },
  "nextfixture": "Southampton (H)",
  "transfersinevent": 0,
  "selectedby": "0.7",
  "teamid": 19,
  "secondname": "Mulumbu",
  "name": "Mulumbu",
  "cost": 5,
  

"seasonhistory": [
    [
      "2008/09",
      250,
      0,
      0,
      0,
      4,
      0,
      0,
      0,
      0,
      0,
      0,
      0,
      0,
      0,
      45,
      8
    ],
    [
      "2010/11",
      2850,
      6,
      2,
      2,
      58,
      0,
      0,
      0,
      5,
      2,
      0,
      17,
      0,
      0,
      44,
      110
    ],
    [
      "2011/12",
      2795,
      1,
      5,
      10,
      44,
      0,
      0,
      0,
      5,
      0,
      0,
      5,
      354,
      0,
      59,
      98
    ],
    [
      "2012/13",
      2515,
      2,
      2,
      7,
      41,
      0,
      0,
      0,
      4,
      1,
      0,
      5,
      244,
      0,
      53,
      77
    ]
  ]
}