{
  "transfersout": 0,
  "code": 19151,
  "eventtotal": 0,
  "lastseasonpoints": 0,
  "squadnumber": null,
  "transfersbalance": 0,
  "eventcost": 5.5,
  "indreamteam": false,
  "id": 465,
  "firstname": "Chris",
  "transfersoutevent": 0,
  "maxcost": 5.5,
  "eventexplain": [],
  "selected": 4641,
  "mincost": 5.5,
  "totalpoints": 92,
  "typename": "Midfielder",
  "teamname": "West Brom",
  "status": "a",
  "added": "2013-07-15T13:21:17 UTC+0000",
  "form": 0,
  "currentfixture": "",
  "pointspergame": 0,
  "transfersin": 0,
  "news": "",
  "originalcost": 5.5,
  "eventpoints": 0,
  "fixturehistory": {
    "all": [],
    "summary": []
  },
  "nextfixture": "Southampton (H)",
  "transfersinevent": 0,
  "selectedby": "0.6",
  "teamid": 19,
  "secondname": "Brunt",
  "name": "Brunt",
  "cost": 5.5,
  

"seasonhistory": [
    [
      "2008/09",
      2371,
      9,
      3,
      0,
      54,
      0,
      0,
      1,
      3,
      0,
      0,
      9,
      0,
      0,
      50,
      121
    ],
    [
      "2010/11",
      3012,
      4,
      11,
      2,
      61,
      0,
      0,
      1,
      9,
      0,
      0,
      18,
      0,
      0,
      54,
      130
    ],
    [
      "2011/12",
      2307,
      2,
      8,
      8,
      31,
      0,
      0,
      1,
      5,
      0,
      0,
      15,
      323,
      0,
      56,
      104
    ],
    [
      "2012/13",
      2184,
      2,
      6,
      4,
      38,
      0,
      0,
      0,
      4,
      0,
      0,
      11,
      252,
      0,
      53,
      92
    ]
  ]
}