{
  "transfersout": 0,
  "code": 55829,
  "eventtotal": 0,
  "lastseasonpoints": 0,
  "squadnumber": null,
  "transfersbalance": 0,
  "eventcost": 4.5,
  "indreamteam": false,
  "id": 466,
  "firstname": "Claudio",
  "transfersoutevent": 0,
  "maxcost": 4.5,
  "eventexplain": [],
  "selected": 11181,
  "mincost": 4.5,
  "totalpoints": 58,
  "typename": "Midfielder",
  "teamname": "West Brom",
  "status": "a",
  "added": "2013-07-15T13:21:17 UTC+0000",
  "form": 0,
  "currentfixture": "",
  "pointspergame": 0,
  "transfersin": 0,
  "news": "",
  "originalcost": 4.5,
  "eventpoints": 0,
  "fixturehistory": {
    "all": [],
    "summary": []
  },
  "nextfixture": "Southampton (H)",
  "transfersinevent": 0,
  "selectedby": "1.4",
  "teamid": 19,
  "secondname": "Yacob",
  "name": "Yacob",
  "cost": 4.5,
  

"seasonhistory": [
    [
      "2012/13",
      2474,
      0,
      0,
      7,
      41,
      0,
      0,
      0,
      6,
      0,
      0,
      0,
      263,
      0,
      49,
      58
    ]
  ]
}