{
  "transfersout": 0,
  "code": 81132,
  "eventtotal": 0,
  "lastseasonpoints": 0,
  "squadnumber": null,
  "transfersbalance": 0,
  "eventcost": 4.5,
  "indreamteam": false,
  "id": 467,
  "firstname": "Isaiah",
  "transfersoutevent": 0,
  "maxcost": 4.5,
  "eventexplain": [],
  "selected": 1119,
  "mincost": 4.5,
  "totalpoints": 0,
  "typename": "Midfielder",
  "teamname": "West Brom",
  "status": "a",
  "added": "2013-07-15T13:21:17 UTC+0000",
  "form": 0,
  "currentfixture": "",
  "pointspergame": 0,
  "transfersin": 0,
  "news": "",
  "originalcost": 4.5,
  "eventpoints": 0,
  "fixturehistory": {
    "all": [],
    "summary": []
  },
  "nextfixture": "Southampton (H)",
  "transfersinevent": 0,
  "selectedby": "0.1",
  "teamid": 19,
  "secondname": "Brown",
  "name": "Brown",
  "cost": 4.5,
  

"seasonhistory": [
    [
      "2012/13",
      5,
      0,
      0,
      0,
      0,
      0,
      0,
      0,
      1,
      0,
      0,
      0,
      -1,
      0,
      45,
      0
    ]
  ]
}