{
  "transfersout": 0,
  "code": 26900,
  "eventtotal": 0,
  "lastseasonpoints": 0,
  "squadnumber": null,
  "transfersbalance": 0,
  "eventcost": 6,
  "indreamteam": false,
  "id": 468,
  "firstname": "Peter",
  "transfersoutevent": 0,
  "maxcost": 6,
  "eventexplain": [],
  "selected": 7402,
  "mincost": 6,
  "totalpoints": 72,
  "typename": "Forward",
  "teamname": "West Brom",
  "status": "a",
  "added": "2013-07-15T13:21:17 UTC+0000",
  "form": 0,
  "currentfixture": "",
  "pointspergame": 0,
  "transfersin": 0,
  "news": "",
  "originalcost": 6,
  "eventpoints": 0,
  "fixturehistory": {
    "all": [],
    "summary": []
  },
  "nextfixture": "Southampton (H)",
  "transfersinevent": 0,
  "selectedby": "1.0",
  "teamid": 19,
  "secondname": "Odemwingie",
  "name": "Odemwingie",
  "cost": 6,
  

"seasonhistory": [
    [
      "2010/11",
      2680,
      15,
      9,
      2,
      51,
      0,
      0,
      1,
      3,
      0,
      0,
      28,
      0,
      0,
      58,
      171
    ],
    [
      "2011/12",
      2286,
      10,
      4,
      9,
      30,
      0,
      0,
      1,
      2,
      0,
      0,
      11,
      324,
      0,
      72,
      114
    ],
    [
      "2012/13",
      1281,
      5,
      3,
      4,
      21,
      0,
      0,
      0,
      1,
      1,
      0,
      10,
      174,
      0,
      69,
      72
    ]
  ]
}