{
  "transfersout": 0,
  "code": 20452,
  "eventtotal": 0,
  "lastseasonpoints": 0,
  "squadnumber": null,
  "transfersbalance": 0,
  "eventcost": 6.5,
  "indreamteam": false,
  "id": 469,
  "firstname": "Shane",
  "transfersoutevent": 0,
  "maxcost": 6.5,
  "eventexplain": [],
  "selected": 33884,
  "mincost": 6.5,
  "totalpoints": 114,
  "typename": "Forward",
  "teamname": "West Brom",
  "status": "a",
  "added": "2013-07-15T13:21:17 UTC+0000",
  "form": 0,
  "currentfixture": "",
  "pointspergame": 0,
  "transfersin": 0,
  "news": "",
  "originalcost": 6.5,
  "eventpoints": 0,
  "fixturehistory": {
    "all": [],
    "summary": []
  },
  "nextfixture": "Southampton (H)",
  "transfersinevent": 0,
  "selectedby": "4.4",
  "teamid": 19,
  "secondname": "Long",
  "name": "Long",
  "cost": 6.5,
  

"seasonhistory": [
    [
      "2006/07",
      815,
      2,
      0,
      0,
      11,
      0,
      0,
      0,
      2,
      0,
      0,
      4,
      0,
      0,
      51,
      39
    ],
    [
      "2007/08",
      774,
      3,
      3,
      0,
      14,
      0,
      0,
      0,
      5,
      0,
      0,
      0,
      0,
      0,
      53,
      51
    ],
    [
      "2011/12",
      2185,
      8,
      1,
      6,
      33,
      0,
      0,
      0,
      2,
      0,
      0,
      9,
      346,
      0,
      57,
      97
    ],
    [
      "2012/13",
      2151,
      8,
      6,
      10,
      30,
      0,
      0,
      1,
      3,
      0,
      0,
      11,
      344,
      0,
      58,
      114
    ]
  ]
}