{
  "transfersout": 0,
  "code": 26806,
  "eventtotal": 0,
  "lastseasonpoints": 0,
  "squadnumber": null,
  "transfersbalance": 0,
  "eventcost": 5,
  "indreamteam": false,
  "id": 470,
  "firstname": "Markus",
  "transfersoutevent": 0,
  "maxcost": 5,
  "eventexplain": [],
  "selected": 1004,
  "mincost": 5,
  "totalpoints": 34,
  "typename": "Forward",
  "teamname": "West Brom",
  "status": "a",
  "added": "2013-07-15T13:21:17 UTC+0000",
  "form": 0,
  "currentfixture": "",
  "pointspergame": 0,
  "transfersin": 0,
  "news": "",
  "originalcost": 5,
  "eventpoints": 0,
  "fixturehistory": {
    "all": [],
    "summary": []
  },
  "nextfixture": "Southampton (H)",
  "transfersinevent": 0,
  "selectedby": "0.1",
  "teamid": 19,
  "secondname": "Rosenberg",
  "name": "Rosenberg",
  "cost": 5,
  

"seasonhistory": [
    [
      "2012/13",
      561,
      0,
      2,
      1,
      12,
      0,
      0,
      0,
      0,
      0,
      0,
      0,
      10,
      0,
      59,
      34
    ]
  ]
}