{
  "transfersout": 0,
  "code": 3897,
  "eventtotal": 0,
  "lastseasonpoints": 0,
  "squadnumber": null,
  "transfersbalance": 0,
  "eventcost": 5.5,
  "indreamteam": false,
  "id": 471,
  "firstname": "Nicolas",
  "transfersoutevent": 0,
  "maxcost": 5.5,
  "eventexplain": [],
  "selected": 132108,
  "mincost": 5.5,
  "totalpoints": 0,
  "typename": "Forward",
  "teamname": "West Brom",
  "status": "a",
  "added": "2013-07-15T13:21:17 UTC+0000",
  "form": 0,
  "currentfixture": "",
  "pointspergame": 0,
  "transfersin": 0,
  "news": "",
  "originalcost": 5.5,
  "eventpoints": 0,
  "fixturehistory": {
    "all": [],
    "summary": []
  },
  "nextfixture": "Southampton (H)",
  "transfersinevent": 0,
  "selectedby": "17.0",
  "teamid": 19,
  "secondname": "Anelka",
  "name": "Anelka",
  "cost": 5.5,
  

"seasonhistory": [
    [
      "2006/07",
      3012,
      11,
      8,
      0,
      48,
      0,
      0,
      0,
      0,
      0,
      0,
      17,
      0,
      0,
      86,
      153
    ],
    [
      "2007/08",
      2575,
      11,
      8,
      0,
      32,
      0,
      0,
      1,
      1,
      0,
      0,
      11,
      0,
      0,
      89,
      136
    ],
    [
      "2008/09",
      2915,
      19,
      5,
      0,
      20,
      0,
      0,
      0,
      0,
      0,
      0,
      20,
      0,
      0,
      99,
      179
    ],
    [
      "2009/10",
      2691,
      11,
      9,
      0,
      24,
      0,
      0,
      0,
      0,
      0,
      0,
      17,
      0,
      0,
      93,
      151
    ],
    [
      "2010/11",
      2357,
      6,
      6,
      12,
      21,
      0,
      0,
      0,
      0,
      0,
      1,
      10,
      0,
      0,
      82,
      110
    ],
    [
      "2011/12",
      420,
      1,
      2,
      2,
      2,
      0,
      0,
      0,
      0,
      0,
      0,
      2,
      79,
      0,
      79,
      24
    ]
  ]
}