{
  "transfersout": 0,
  "code": 1344,
  "eventtotal": 0,
  "lastseasonpoints": 0,
  "squadnumber": null,
  "transfersbalance": 0,
  "eventcost": 5.5,
  "indreamteam": false,
  "id": 472,
  "firstname": "Jussi",
  "transfersoutevent": 0,
  "maxcost": 5.5,
  "eventexplain": [],
  "selected": 63337,
  "mincost": 5.5,
  "totalpoints": 144,
  "typename": "Goalkeeper",
  "teamname": "West Ham",
  "status": "a",
  "added": "2013-07-15T13:21:17 UTC+0000",
  "form": 0,
  "currentfixture": "",
  "pointspergame": 0,
  "transfersin": 0,
  "news": "",
  "originalcost": 5.5,
  "eventpoints": 0,
  "fixturehistory": {
    "all": [],
    "summary": []
  },
  "nextfixture": "Cardiff City (H)",
  "transfersinevent": 0,
  "selectedby": "8.1",
  "teamid": 20,
  "secondname": "Jääskeläinen",
  "name": "Jääskeläinen",
  "cost": 5.5,
  

"seasonhistory": [
    [
      "2006/07",
      3420,
      0,
      0,
      0,
      52,
      0,
      2,
      0,
      3,
      0,
      110,
      10,
      0,
      0,
      54,
      146
    ],
    [
      "2007/08",
      2520,
      0,
      1,
      0,
      42,
      0,
      0,
      0,
      1,
      0,
      80,
      0,
      0,
      0,
      45,
      90
    ],
    [
      "2008/09",
      3420,
      0,
      1,
      0,
      53,
      0,
      1,
      0,
      3,
      0,
      152,
      7,
      0,
      0,
      45,
      140
    ],
    [
      "2009/10",
      3420,
      0,
      0,
      0,
      67,
      0,
      2,
      0,
      3,
      0,
      143,
      2,
      0,
      0,
      43,
      116
    ],
    [
      "2010/11",
      3096,
      0,
      0,
      5,
      50,
      0,
      2,
      0,
      1,
      1,
      117,
      3,
      0,
      0,
      46,
      109
    ],
    [
      "2011/12",
      1620,
      0,
      0,
      2,
      37,
      0,
      0,
      0,
      1,
      0,
      63,
      0,
      151,
      0,
      47,
      45
    ],
    [
      "2012/13",
      3420,
      0,
      0,
      11,
      53,
      0,
      0,
      0,
      2,
      0,
      156,
      4,
      385,
      0,
      52,
      144
    ]
  ]
}