{
  "transfersout": 0,
  "code": 42525,
  "eventtotal": 0,
  "lastseasonpoints": 0,
  "squadnumber": null,
  "transfersbalance": 0,
  "eventcost": 4,
  "indreamteam": false,
  "id": 473,
  "firstname": "Stephen",
  "transfersoutevent": 0,
  "maxcost": 4,
  "eventexplain": [],
  "selected": 10566,
  "mincost": 4,
  "totalpoints": 0,
  "typename": "Goalkeeper",
  "teamname": "West Ham",
  "status": "a",
  "added": "2013-07-15T13:21:17 UTC+0000",
  "form": 0,
  "currentfixture": "",
  "pointspergame": 0,
  "transfersin": 0,
  "news": "",
  "originalcost": 4,
  "eventpoints": 0,
  "fixturehistory": {
    "all": [],
    "summary": []
  },
  "nextfixture": "Cardiff City (H)",
  "transfersinevent": 0,
  "selectedby": "1.4",
  "teamid": 20,
  "secondname": "Henderson",
  "name": "Henderson",
  "cost": 4,
  

"seasonhistory": [
    [
      "2012/13",
      0,
      0,
      0,
      0,
      0,
      0,
      0,
      0,
      0,
      0,
      0,
      0,
      1,
      0,
      39,
      0
    ]
  ]
}