{
  "transfersout": 0,
  "code": 60706,
  "eventtotal": 0,
  "lastseasonpoints": 0,
  "squadnumber": null,
  "transfersbalance": 0,
  "eventcost": 4.5,
  "indreamteam": false,
  "id": 474,
  "firstname": "Adrián",
  "transfersoutevent": 0,
  "maxcost": 4.5,
  "eventexplain": [],
  "selected": 2381,
  "mincost": 4.5,
  "totalpoints": 0,
  "typename": "Goalkeeper",
  "teamname": "West Ham",
  "status": "a",
  "added": "2013-07-15T13:21:17 UTC+0000",
  "form": 0,
  "currentfixture": "",
  "pointspergame": 0,
  "transfersin": 0,
  "news": "",
  "originalcost": 4.5,
  "eventpoints": 0,
  "fixturehistory": {
    "all": [],
    "summary": []
  },
  "nextfixture": "Cardiff City (H)",
  "transfersinevent": 0,
  "selectedby": "0.3",
  "teamid": 20,
  "secondname": "San Miguel del Castillo",
  "name": "Adrián",
  "cost": 4.5,
  

"seasonhistory": []
}