{
  "transfersout": 0,
  "code": 8380,
  "eventtotal": 0,
  "lastseasonpoints": 0,
  "squadnumber": null,
  "transfersbalance": 0,
  "eventcost": 4.5,
  "indreamteam": false,
  "id": 475,
  "firstname": "James",
  "transfersoutevent": 0,
  "maxcost": 4.5,
  "eventexplain": [],
  "selected": 59494,
  "mincost": 4.5,
  "totalpoints": 90,
  "typename": "Defender",
  "teamname": "West Ham",
  "status": "a",
  "added": "2013-07-15T13:21:17 UTC+0000",
  "form": 0,
  "currentfixture": "",
  "pointspergame": 0,
  "transfersin": 0,
  "news": "",
  "originalcost": 4.5,
  "eventpoints": 0,
  "fixturehistory": {
    "all": [],
    "summary": []
  },
  "nextfixture": "Cardiff City (H)",
  "transfersinevent": 0,
  "selectedby": "7.6",
  "teamid": 20,
  "secondname": "Collins",
  "name": "Collins",
  "cost": 4.5,
  

"seasonhistory": [
    [
      "2006/07",
      1360,
      0,
      0,
      0,
      19,
      0,
      0,
      0,
      4,
      0,
      0,
      0,
      0,
      0,
      42,
      44
    ],
    [
      "2007/08",
      199,
      0,
      0,
      0,
      2,
      0,
      0,
      0,
      0,
      0,
      0,
      0,
      0,
      0,
      43,
      8
    ],
    [
      "2008/09",
      1415,
      0,
      0,
      0,
      19,
      0,
      0,
      0,
      3,
      0,
      0,
      3,
      0,
      0,
      45,
      47
    ],
    [
      "2009/10",
      2639,
      1,
      0,
      0,
      31,
      1,
      0,
      0,
      3,
      0,
      0,
      14,
      0,
      0,
      49,
      114
    ],
    [
      "2010/11",
      2854,
      3,
      0,
      7,
      45,
      0,
      0,
      0,
      5,
      0,
      0,
      14,
      0,
      0,
      58,
      104
    ],
    [
      "2011/12",
      2780,
      1,
      0,
      7,
      41,
      0,
      0,
      0,
      7,
      0,
      0,
      12,
      363,
      0,
      53,
      87
    ],
    [
      "2012/13",
      2492,
      0,
      2,
      9,
      35,
      1,
      0,
      0,
      9,
      0,
      0,
      13,
      332,
      0,
      46,
      90
    ]
  ]
}