{
  "transfersout": 0,
  "code": 19575,
  "eventtotal": 0,
  "lastseasonpoints": 0,
  "squadnumber": null,
  "transfersbalance": 0,
  "eventcost": 5.5,
  "indreamteam": false,
  "id": 476,
  "firstname": "Joey",
  "transfersoutevent": 0,
  "maxcost": 5.5,
  "eventexplain": [],
  "selected": 26887,
  "mincost": 5.5,
  "totalpoints": 123,
  "typename": "Defender",
  "teamname": "West Ham",
  "status": "a",
  "added": "2013-07-15T13:21:17 UTC+0000",
  "form": 0,
  "currentfixture": "",
  "pointspergame": 0,
  "transfersin": 0,
  "news": "",
  "originalcost": 5.5,
  "eventpoints": 0,
  "fixturehistory": {
    "all": [],
    "summary": []
  },
  "nextfixture": "Cardiff City (H)",
  "transfersinevent": 0,
  "selectedby": "3.5",
  "teamid": 20,
  "secondname": "O'Brien",
  "name": "O'Brien",
  "cost": 5.5,
  

"seasonhistory": [
    [
      "2006/07",
      0,
      0,
      0,
      0,
      0,
      0,
      0,
      0,
      0,
      0,
      0,
      0,
      0,
      0,
      46,
      0
    ],
    [
      "2007/08",
      1320,
      0,
      1,
      0,
      21,
      0,
      0,
      0,
      2,
      0,
      0,
      0,
      0,
      0,
      38,
      35
    ],
    [
      "2008/09",
      362,
      0,
      2,
      0,
      6,
      0,
      0,
      0,
      1,
      0,
      0,
      0,
      0,
      0,
      43,
      16
    ],
    [
      "2009/10",
      0,
      0,
      0,
      0,
      0,
      0,
      0,
      0,
      0,
      0,
      0,
      0,
      0,
      0,
      38,
      0
    ],
    [
      "2010/11",
      0,
      0,
      0,
      0,
      0,
      0,
      0,
      0,
      0,
      0,
      0,
      0,
      0,
      0,
      45,
      0
    ],
    [
      "2012/13",
      2717,
      2,
      4,
      11,
      36,
      1,
      0,
      0,
      6,
      0,
      0,
      11,
      400,
      0,
      48,
      123
    ]
  ]
}