{
  "transfersout": 0,
  "code": 48717,
  "eventtotal": 0,
  "lastseasonpoints": 0,
  "squadnumber": null,
  "transfersbalance": 0,
  "eventcost": 5,
  "indreamteam": false,
  "id": 477,
  "firstname": "Winston",
  "transfersoutevent": 0,
  "maxcost": 5,
  "eventexplain": [],
  "selected": 23758,
  "mincost": 5,
  "totalpoints": 103,
  "typename": "Defender",
  "teamname": "West Ham",
  "status": "a",
  "added": "2013-07-15T13:21:17 UTC+0000",
  "form": 0,
  "currentfixture": "",
  "pointspergame": 0,
  "transfersin": 0,
  "news": "",
  "originalcost": 5,
  "eventpoints": 0,
  "fixturehistory": {
    "all": [],
    "summary": []
  },
  "nextfixture": "Cardiff City (H)",
  "transfersinevent": 0,
  "selectedby": "3.1",
  "teamid": 20,
  "secondname": "Reid",
  "name": "Reid",
  "cost": 5,
  

"seasonhistory": [
    [
      "2010/11",
      407,
      0,
      0,
      0,
      12,
      1,
      0,
      0,
      0,
      0,
      0,
      0,
      0,
      0,
      40,
      5
    ],
    [
      "2012/13",
      3143,
      1,
      1,
      10,
      51,
      0,
      0,
      0,
      8,
      0,
      0,
      8,
      365,
      0,
      48,
      103
    ]
  ]
}