{
  "transfersout": 0,
  "code": 10356,
  "eventtotal": 0,
  "lastseasonpoints": 0,
  "squadnumber": null,
  "transfersbalance": 0,
  "eventcost": 5,
  "indreamteam": false,
  "id": 478,
  "firstname": "Guy",
  "transfersoutevent": 0,
  "maxcost": 5,
  "eventexplain": [],
  "selected": 4164,
  "mincost": 5,
  "totalpoints": 91,
  "typename": "Defender",
  "teamname": "West Ham",
  "status": "a",
  "added": "2013-07-15T13:21:17 UTC+0000",
  "form": 0,
  "currentfixture": "",
  "pointspergame": 0,
  "transfersin": 0,
  "news": "",
  "originalcost": 5,
  "eventpoints": 0,
  "fixturehistory": {
    "all": [],
    "summary": []
  },
  "nextfixture": "Cardiff City (H)",
  "transfersinevent": 0,
  "selectedby": "0.5",
  "teamid": 20,
  "secondname": "Demel",
  "name": "Demel",
  "cost": 5,
  

"seasonhistory": [
    [
      "2012/13",
      2474,
      0,
      3,
      9,
      35,
      0,
      0,
      0,
      2,
      0,
      0,
      0,
      295,
      0,
      41,
      91
    ]
  ]
}