{
  "transfersout": 0,
  "code": 108411,
  "eventtotal": 0,
  "lastseasonpoints": 0,
  "squadnumber": null,
  "transfersbalance": 0,
  "eventcost": 4,
  "indreamteam": false,
  "id": 479,
  "firstname": "Daniel",
  "transfersoutevent": 0,
  "maxcost": 4,
  "eventexplain": [],
  "selected": 3187,
  "mincost": 4,
  "totalpoints": 2,
  "typename": "Defender",
  "teamname": "West Ham",
  "status": "a",
  "added": "2013-07-15T13:21:17 UTC+0000",
  "form": 0,
  "currentfixture": "",
  "pointspergame": 0,
  "transfersin": 0,
  "news": "",
  "originalcost": 4,
  "eventpoints": 0,
  "fixturehistory": {
    "all": [],
    "summary": []
  },
  "nextfixture": "Cardiff City (H)",
  "transfersinevent": 0,
  "selectedby": "0.4",
  "teamid": 20,
  "secondname": "Potts",
  "name": "Potts",
  "cost": 4,
  

"seasonhistory": [
    [
      "2012/13",
      119,
      0,
      0,
      0,
      3,
      0,
      0,
      0,
      0,
      0,
      0,
      0,
      9,
      0,
      38,
      2
    ]
  ]
}