{
  "transfersout": 0,
  "code": 10738,
  "eventtotal": 0,
  "lastseasonpoints": 0,
  "squadnumber": null,
  "transfersbalance": 0,
  "eventcost": 6.5,
  "indreamteam": false,
  "id": 48,
  "firstname": "Darren",
  "transfersoutevent": 0,
  "maxcost": 6.5,
  "eventexplain": [],
  "selected": 9043,
  "mincost": 6.5,
  "totalpoints": 42,
  "typename": "Forward",
  "teamname": "Aston Villa",
  "status": "a",
  "added": "2013-07-15T13:21:12 UTC+0000",
  "form": 0,
  "currentfixture": "",
  "pointspergame": 0,
  "transfersin": 0,
  "news": "",
  "originalcost": 6.5,
  "eventpoints": 0,
  "fixturehistory": {
    "all": [],
    "summary": []
  },
  "nextfixture": "Arsenal (A), Chelsea (A)",
  "transfersinevent": 0,
  "selectedby": "1.2",
  "teamid": 2,
  "secondname": "Bent",
  "name": "Bent",
  "cost": 6.5,
  

"seasonhistory": [
    [
      "2006/07",
      2863,
      13,
      2,
      0,
      49,
      0,
      0,
      0,
      1,
      0,
      0,
      16,
      0,
      0,
      84,
      137
    ],
    [
      "2007/08",
      1148,
      6,
      5,
      0,
      22,
      0,
      0,
      0,
      0,
      0,
      0,
      6,
      0,
      0,
      89,
      80
    ],
    [
      "2008/09",
      2174,
      12,
      2,
      0,
      32,
      0,
      0,
      0,
      1,
      0,
      0,
      4,
      0,
      0,
      69,
      111
    ],
    [
      "2009/10",
      3386,
      24,
      4,
      0,
      54,
      0,
      0,
      3,
      5,
      0,
      0,
      22,
      0,
      0,
      81,
      195
    ],
    [
      "2010/11",
      3142,
      17,
      2,
      12,
      41,
      0,
      0,
      0,
      1,
      0,
      0,
      14,
      0,
      0,
      92,
      158
    ],
    [
      "2011/12",
      1858,
      9,
      1,
      5,
      28,
      0,
      0,
      0,
      1,
      0,
      0,
      10,
      302,
      0,
      95,
      91
    ],
    [
      "2012/13",
      815,
      3,
      2,
      2,
      16,
      0,
      0,
      0,
      1,
      0,
      0,
      2,
      95,
      0,
      78,
      42
    ]
  ]
}