{
  "transfersout": 0,
  "code": 49413,
  "eventtotal": 0,
  "lastseasonpoints": 0,
  "squadnumber": null,
  "transfersbalance": 0,
  "eventcost": 5,
  "indreamteam": false,
  "id": 480,
  "firstname": "James",
  "transfersoutevent": 0,
  "maxcost": 5,
  "eventexplain": [],
  "selected": 1763,
  "mincost": 5,
  "totalpoints": 50,
  "typename": "Defender",
  "teamname": "West Ham",
  "status": "a",
  "added": "2013-07-15T13:21:17 UTC+0000",
  "form": 0,
  "currentfixture": "",
  "pointspergame": 0,
  "transfersin": 0,
  "news": "",
  "originalcost": 5,
  "eventpoints": 0,
  "fixturehistory": {
    "all": [],
    "summary": []
  },
  "nextfixture": "Cardiff City (H)",
  "transfersinevent": 0,
  "selectedby": "0.2",
  "teamid": 20,
  "secondname": "Tomkins",
  "name": "Tomkins",
  "cost": 5,
  

"seasonhistory": [
    [
      "2007/08",
      467,
      0,
      0,
      0,
      11,
      0,
      0,
      0,
      0,
      0,
      0,
      0,
      0,
      0,
      40,
      7
    ],
    [
      "2008/09",
      1001,
      1,
      0,
      0,
      10,
      0,
      0,
      0,
      0,
      1,
      0,
      3,
      0,
      0,
      40,
      51
    ],
    [
      "2009/10",
      1996,
      0,
      0,
      0,
      37,
      0,
      0,
      0,
      0,
      0,
      0,
      0,
      0,
      0,
      41,
      51
    ],
    [
      "2010/11",
      1579,
      1,
      1,
      2,
      33,
      0,
      0,
      0,
      3,
      0,
      0,
      1,
      0,
      0,
      41,
      41
    ],
    [
      "2012/13",
      1735,
      1,
      1,
      3,
      34,
      0,
      0,
      0,
      5,
      0,
      0,
      2,
      211,
      0,
      41,
      50
    ]
  ]
}