{
  "transfersout": 0,
  "code": 5609,
  "eventtotal": 0,
  "lastseasonpoints": 0,
  "squadnumber": null,
  "transfersbalance": 0,
  "eventcost": 4,
  "indreamteam": false,
  "id": 481,
  "firstname": "George",
  "transfersoutevent": 0,
  "maxcost": 4,
  "eventexplain": [],
  "selected": 5680,
  "mincost": 4,
  "totalpoints": 32,
  "typename": "Defender",
  "teamname": "West Ham",
  "status": "d",
  "added": "2013-07-15T13:21:17 UTC+0000",
  "form": 0,
  "currentfixture": "",
  "pointspergame": 0,
  "transfersin": 0,
  "news": "Knee injury - 50% chance of playing",
  "originalcost": 4,
  "eventpoints": 0,
  "fixturehistory": {
    "all": [],
    "summary": []
  },
  "nextfixture": "Cardiff City (H)",
  "transfersinevent": 0,
  "selectedby": "0.7",
  "teamid": 20,
  "secondname": "McCartney",
  "name": "McCartney",
  "cost": 4,
  

"seasonhistory": [
    [
      "2006/07",
      1456,
      0,
      2,
      0,
      22,
      0,
      0,
      0,
      4,
      0,
      0,
      0,
      0,
      0,
      40,
      46
    ],
    [
      "2007/08",
      3225,
      1,
      4,
      0,
      47,
      0,
      0,
      0,
      4,
      0,
      0,
      7,
      0,
      0,
      46,
      110
    ],
    [
      "2008/09",
      1374,
      0,
      0,
      0,
      18,
      0,
      0,
      0,
      4,
      1,
      0,
      0,
      0,
      0,
      47,
      40
    ],
    [
      "2009/10",
      1758,
      0,
      0,
      0,
      34,
      0,
      0,
      0,
      3,
      0,
      0,
      0,
      0,
      0,
      49,
      41
    ],
    [
      "2010/11",
      0,
      0,
      0,
      0,
      0,
      0,
      0,
      0,
      0,
      0,
      0,
      0,
      0,
      0,
      50,
      0
    ],
    [
      "2012/13",
      878,
      0,
      2,
      3,
      17,
      0,
      0,
      0,
      2,
      0,
      0,
      0,
      132,
      0,
      38,
      32
    ]
  ]
}