{
  "transfersout": 0,
  "code": 2060,
  "eventtotal": 0,
  "lastseasonpoints": 0,
  "squadnumber": null,
  "transfersbalance": 0,
  "eventcost": 5.5,
  "indreamteam": false,
  "id": 484,
  "firstname": "Joe",
  "transfersoutevent": 0,
  "maxcost": 5.5,
  "eventexplain": [],
  "selected": 4664,
  "mincost": 5.5,
  "totalpoints": 45,
  "typename": "Midfielder",
  "teamname": "West Ham",
  "status": "a",
  "added": "2013-07-15T13:21:17 UTC+0000",
  "form": 0,
  "currentfixture": "",
  "pointspergame": 0,
  "transfersin": 0,
  "news": "",
  "originalcost": 5.5,
  "eventpoints": 0,
  "fixturehistory": {
    "all": [],
    "summary": []
  },
  "nextfixture": "Cardiff City (H)",
  "transfersinevent": 0,
  "selectedby": "0.6",
  "teamid": 20,
  "secondname": "Cole",
  "name": "Cole",
  "cost": 5.5,
  

"seasonhistory": [
    [
      "2006/07",
      479,
      0,
      0,
      0,
      3,
      0,
      0,
      0,
      3,
      0,
      0,
      2,
      0,
      0,
      92,
      16
    ],
    [
      "2007/08",
      2470,
      7,
      6,
      0,
      18,
      0,
      0,
      0,
      5,
      0,
      0,
      18,
      0,
      0,
      88,
      144
    ],
    [
      "2008/09",
      960,
      2,
      6,
      0,
      7,
      0,
      0,
      0,
      2,
      0,
      0,
      4,
      0,
      0,
      87,
      58
    ],
    [
      "2009/10",
      1286,
      2,
      6,
      0,
      13,
      0,
      0,
      0,
      2,
      0,
      0,
      3,
      0,
      0,
      90,
      73
    ],
    [
      "2010/11",
      802,
      2,
      1,
      1,
      20,
      0,
      0,
      0,
      1,
      1,
      0,
      0,
      0,
      0,
      83,
      38
    ],
    [
      "2011/12",
      0,
      0,
      0,
      0,
      0,
      0,
      0,
      0,
      0,
      0,
      0,
      0,
      0,
      0,
      59,
      0
    ],
    [
      "2012/13",
      792,
      3,
      1,
      0,
      18,
      0,
      0,
      0,
      2,
      0,
      0,
      5,
      109,
      0,
      51,
      45
    ]
  ]
}