{
  "transfersout": 0,
  "code": 49414,
  "eventtotal": 0,
  "lastseasonpoints": 0,
  "squadnumber": null,
  "transfersbalance": 0,
  "eventcost": 5,
  "indreamteam": false,
  "id": 485,
  "firstname": "Jack",
  "transfersoutevent": 0,
  "maxcost": 5,
  "eventexplain": [],
  "selected": 533,
  "mincost": 5,
  "totalpoints": 33,
  "typename": "Midfielder",
  "teamname": "West Ham",
  "status": "a",
  "added": "2013-07-15T13:21:17 UTC+0000",
  "form": 0,
  "currentfixture": "",
  "pointspergame": 0,
  "transfersin": 0,
  "news": "",
  "originalcost": 5,
  "eventpoints": 0,
  "fixturehistory": {
    "all": [],
    "summary": []
  },
  "nextfixture": "Cardiff City (H)",
  "transfersinevent": 0,
  "selectedby": "0.1",
  "teamid": 20,
  "secondname": "Collison",
  "name": "Collison",
  "cost": 5,
  

"seasonhistory": [
    [
      "2007/08",
      104,
      0,
      0,
      0,
      1,
      0,
      0,
      0,
      0,
      0,
      0,
      0,
      0,
      0,
      40,
      2
    ],
    [
      "2008/09",
      1470,
      3,
      2,
      0,
      18,
      0,
      0,
      0,
      2,
      0,
      0,
      2,
      0,
      0,
      42,
      63
    ],
    [
      "2009/10",
      1654,
      2,
      4,
      0,
      27,
      0,
      0,
      0,
      3,
      0,
      0,
      0,
      0,
      0,
      52,
      64
    ],
    [
      "2010/11",
      199,
      0,
      0,
      0,
      5,
      0,
      0,
      0,
      0,
      0,
      0,
      0,
      0,
      0,
      55,
      5
    ],
    [
      "2012/13",
      639,
      2,
      0,
      1,
      14,
      0,
      0,
      0,
      2,
      0,
      0,
      3,
      101,
      0,
      46,
      33
    ]
  ]
}