{
  "transfersout": 0,
  "code": 3289,
  "eventtotal": 0,
  "lastseasonpoints": 0,
  "squadnumber": null,
  "transfersbalance": 0,
  "eventcost": 5,
  "indreamteam": false,
  "id": 486,
  "firstname": "Matthew",
  "transfersoutevent": 0,
  "maxcost": 5,
  "eventexplain": [],
  "selected": 1069,
  "mincost": 5,
  "totalpoints": 61,
  "typename": "Midfielder",
  "teamname": "West Ham",
  "status": "a",
  "added": "2013-07-15T13:21:17 UTC+0000",
  "form": 0,
  "currentfixture": "",
  "pointspergame": 0,
  "transfersin": 0,
  "news": "",
  "originalcost": 5,
  "eventpoints": 0,
  "fixturehistory": {
    "all": [],
    "summary": []
  },
  "nextfixture": "Cardiff City (H)",
  "transfersinevent": 0,
  "selectedby": "0.1",
  "teamid": 20,
  "secondname": "Taylor",
  "name": "Taylor",
  "cost": 5,
  

"seasonhistory": [
    [
      "2006/07",
      2686,
      8,
      5,
      0,
      34,
      0,
      0,
      0,
      4,
      0,
      0,
      11,
      0,
      0,
      63,
      164
    ],
    [
      "2007/08",
      1827,
      4,
      4,
      0,
      26,
      0,
      0,
      1,
      3,
      0,
      0,
      2,
      0,
      0,
      60,
      84
    ],
    [
      "2008/09",
      2837,
      10,
      5,
      0,
      44,
      0,
      0,
      0,
      3,
      0,
      0,
      9,
      0,
      0,
      65,
      143
    ],
    [
      "2009/10",
      2584,
      8,
      3,
      0,
      51,
      0,
      0,
      0,
      2,
      0,
      0,
      4,
      0,
      0,
      61,
      120
    ],
    [
      "2010/11",
      1922,
      2,
      3,
      2,
      35,
      0,
      0,
      0,
      4,
      0,
      0,
      0,
      0,
      0,
      51,
      73
    ],
    [
      "2011/12",
      0,
      0,
      0,
      0,
      0,
      0,
      0,
      0,
      0,
      0,
      0,
      0,
      0,
      0,
      55,
      0
    ],
    [
      "2012/13",
      1377,
      1,
      4,
      5,
      24,
      0,
      0,
      0,
      2,
      0,
      0,
      3,
      167,
      0,
      46,
      61
    ]
  ]
}