{
  "transfersout": 0,
  "code": 18073,
  "eventtotal": 0,
  "lastseasonpoints": 0,
  "squadnumber": null,
  "transfersbalance": 0,
  "eventcost": 5.5,
  "indreamteam": false,
  "id": 487,
  "firstname": "Mark",
  "transfersoutevent": 0,
  "maxcost": 5.5,
  "eventexplain": [],
  "selected": 9986,
  "mincost": 5.5,
  "totalpoints": 98,
  "typename": "Midfielder",
  "teamname": "West Ham",
  "status": "a",
  "added": "2013-07-15T13:21:18 UTC+0000",
  "form": 0,
  "currentfixture": "",
  "pointspergame": 0,
  "transfersin": 0,
  "news": "",
  "originalcost": 5.5,
  "eventpoints": 0,
  "fixturehistory": {
    "all": [],
    "summary": []
  },
  "nextfixture": "Cardiff City (H)",
  "transfersinevent": 0,
  "selectedby": "1.3",
  "teamid": 20,
  "secondname": "Noble",
  "name": "Noble",
  "cost": 5.5,
  

"seasonhistory": [
    [
      "2006/07",
      837,
      2,
      0,
      0,
      11,
      0,
      0,
      0,
      2,
      0,
      0,
      5,
      0,
      0,
      43,
      37
    ],
    [
      "2007/08",
      2289,
      3,
      3,
      0,
      37,
      0,
      0,
      0,
      6,
      0,
      0,
      5,
      0,
      0,
      45,
      86
    ],
    [
      "2008/09",
      2345,
      3,
      5,
      0,
      36,
      0,
      0,
      2,
      7,
      1,
      0,
      10,
      0,
      0,
      52,
      87
    ],
    [
      "2009/10",
      2119,
      2,
      5,
      0,
      38,
      0,
      0,
      0,
      5,
      1,
      0,
      7,
      0,
      0,
      58,
      79
    ],
    [
      "2010/11",
      2140,
      4,
      3,
      4,
      44,
      0,
      0,
      0,
      7,
      0,
      0,
      3,
      0,
      0,
      53,
      78
    ],
    [
      "2012/13",
      2286,
      4,
      4,
      7,
      36,
      0,
      0,
      0,
      7,
      0,
      0,
      13,
      345,
      0,
      46,
      98
    ]
  ]
}