{
  "transfersout": 0,
  "code": 5306,
  "eventtotal": 0,
  "lastseasonpoints": 0,
  "squadnumber": null,
  "transfersbalance": 0,
  "eventcost": 7,
  "indreamteam": false,
  "id": 489,
  "firstname": "Kevin",
  "transfersoutevent": 0,
  "maxcost": 7,
  "eventexplain": [],
  "selected": 98258,
  "mincost": 7,
  "totalpoints": 149,
  "typename": "Midfielder",
  "teamname": "West Ham",
  "status": "a",
  "added": "2013-07-15T13:21:18 UTC+0000",
  "form": 0,
  "currentfixture": "",
  "pointspergame": 0,
  "transfersin": 0,
  "news": "",
  "originalcost": 7,
  "eventpoints": 0,
  "fixturehistory": {
    "all": [],
    "summary": []
  },
  "nextfixture": "Cardiff City (H)",
  "transfersinevent": 0,
  "selectedby": "12.6",
  "teamid": 20,
  "secondname": "Nolan",
  "name": "Nolan",
  "cost": 7,
  

"seasonhistory": [
    [
      "2006/07",
      2688,
      3,
      1,
      0,
      37,
      0,
      0,
      0,
      9,
      1,
      0,
      3,
      0,
      0,
      74,
      81
    ],
    [
      "2007/08",
      2766,
      5,
      3,
      0,
      35,
      0,
      0,
      0,
      10,
      0,
      0,
      0,
      0,
      0,
      66,
      100
    ],
    [
      "2008/09",
      2560,
      0,
      3,
      0,
      44,
      0,
      0,
      1,
      10,
      1,
      0,
      5,
      0,
      0,
      56,
      62
    ],
    [
      "2010/11",
      2651,
      12,
      2,
      8,
      42,
      0,
      0,
      0,
      10,
      0,
      0,
      16,
      0,
      0,
      63,
      140
    ],
    [
      "2012/13",
      2979,
      10,
      2,
      11,
      46,
      0,
      0,
      0,
      6,
      0,
      0,
      19,
      405,
      0,
      61,
      149
    ]
  ]
}