{
  "transfersout": 0,
  "code": 51484,
  "eventtotal": 0,
  "lastseasonpoints": 0,
  "squadnumber": null,
  "transfersbalance": 0,
  "eventcost": 4.5,
  "indreamteam": false,
  "id": 49,
  "firstname": "Nathan",
  "transfersoutevent": 0,
  "maxcost": 4.5,
  "eventexplain": [],
  "selected": 4151,
  "mincost": 4.5,
  "totalpoints": 1,
  "typename": "Forward",
  "teamname": "Aston Villa",
  "status": "a",
  "added": "2013-07-15T13:21:12 UTC+0000",
  "form": 0,
  "currentfixture": "",
  "pointspergame": 0,
  "transfersin": 0,
  "news": "",
  "originalcost": 4.5,
  "eventpoints": 0,
  "fixturehistory": {
    "all": [],
    "summary": []
  },
  "nextfixture": "Arsenal (A), Chelsea (A)",
  "transfersinevent": 0,
  "selectedby": "0.5",
  "teamid": 2,
  "secondname": "Delfouneso",
  "name": "Delfouneso",
  "cost": 4.5,
  

"seasonhistory": [
    [
      "2008/09",
      84,
      0,
      0,
      0,
      1,
      0,
      0,
      0,
      0,
      0,
      0,
      0,
      0,
      0,
      50,
      4
    ],
    [
      "2009/10",
      198,
      1,
      0,
      0,
      7,
      0,
      0,
      0,
      0,
      0,
      0,
      2,
      0,
      0,
      41,
      16
    ],
    [
      "2010/11",
      398,
      1,
      0,
      1,
      8,
      0,
      0,
      0,
      0,
      0,
      0,
      0,
      0,
      0,
      46,
      17
    ],
    [
      "2011/12",
      168,
      0,
      0,
      0,
      2,
      0,
      0,
      0,
      0,
      0,
      0,
      0,
      6,
      0,
      48,
      7
    ],
    [
      "2012/13",
      45,
      0,
      0,
      0,
      3,
      0,
      0,
      0,
      0,
      0,
      0,
      0,
      3,
      0,
      50,
      1
    ]
  ]
}