{
  "transfersout": 0,
  "code": 28147,
  "eventtotal": 0,
  "lastseasonpoints": 0,
  "squadnumber": null,
  "transfersbalance": 0,
  "eventcost": 5,
  "indreamteam": false,
  "id": 490,
  "firstname": "Mohamed",
  "transfersoutevent": 0,
  "maxcost": 5,
  "eventexplain": [],
  "selected": 31181,
  "mincost": 5,
  "totalpoints": 87,
  "typename": "Midfielder",
  "teamname": "West Ham",
  "status": "a",
  "added": "2013-07-15T13:21:18 UTC+0000",
  "form": 0,
  "currentfixture": "",
  "pointspergame": 0,
  "transfersin": 0,
  "news": "",
  "originalcost": 5,
  "eventpoints": 0,
  "fixturehistory": {
    "all": [],
    "summary": []
  },
  "nextfixture": "Cardiff City (H)",
  "transfersinevent": 0,
  "selectedby": "4.0",
  "teamid": 20,
  "secondname": "Diame",
  "name": "Diame",
  "cost": 5,
  

"seasonhistory": [
    [
      "2009/10",
      2853,
      1,
      1,
      0,
      63,
      0,
      0,
      0,
      5,
      0,
      0,
      5,
      0,
      0,
      45,
      80
    ],
    [
      "2010/11",
      2633,
      1,
      3,
      6,
      49,
      0,
      0,
      0,
      6,
      0,
      0,
      0,
      0,
      0,
      41,
      79
    ],
    [
      "2011/12",
      1600,
      3,
      1,
      3,
      31,
      0,
      0,
      0,
      4,
      0,
      0,
      2,
      169,
      0,
      48,
      61
    ],
    [
      "2012/13",
      2595,
      3,
      0,
      11,
      33,
      0,
      0,
      0,
      3,
      0,
      0,
      2,
      214,
      0,
      47,
      87
    ]
  ]
}