{
  "transfersout": 0,
  "code": 18818,
  "eventtotal": 0,
  "lastseasonpoints": 0,
  "squadnumber": null,
  "transfersbalance": 0,
  "eventcost": 5.5,
  "indreamteam": false,
  "id": 492,
  "firstname": "Matthew",
  "transfersoutevent": 0,
  "maxcost": 5.5,
  "eventexplain": [],
  "selected": 11948,
  "mincost": 5.5,
  "totalpoints": 92,
  "typename": "Midfielder",
  "teamname": "West Ham",
  "status": "a",
  "added": "2013-07-15T13:21:18 UTC+0000",
  "form": 0,
  "currentfixture": "",
  "pointspergame": 0,
  "transfersin": 0,
  "news": "",
  "originalcost": 5.5,
  "eventpoints": 0,
  "fixturehistory": {
    "all": [],
    "summary": []
  },
  "nextfixture": "Cardiff City (H)",
  "transfersinevent": 0,
  "selectedby": "1.5",
  "teamid": 20,
  "secondname": "Jarvis",
  "name": "Jarvis",
  "cost": 5.5,
  

"seasonhistory": [
    [
      "2009/10",
      2642,
      3,
      6,
      0,
      37,
      0,
      0,
      0,
      3,
      0,
      0,
      5,
      0,
      0,
      45,
      108
    ],
    [
      "2010/11",
      3050,
      4,
      8,
      6,
      57,
      0,
      0,
      0,
      2,
      0,
      0,
      15,
      0,
      0,
      52,
      133
    ],
    [
      "2011/12",
      2812,
      8,
      6,
      2,
      75,
      0,
      0,
      0,
      0,
      0,
      0,
      14,
      451,
      0,
      57,
      142
    ],
    [
      "2012/13",
      2559,
      2,
      2,
      8,
      40,
      0,
      0,
      0,
      0,
      0,
      0,
      8,
      318,
      0,
      55,
      92
    ]
  ]
}