{
  "transfersout": 0,
  "code": 40142,
  "eventtotal": 0,
  "lastseasonpoints": 0,
  "squadnumber": null,
  "transfersbalance": 0,
  "eventcost": 7.5,
  "indreamteam": false,
  "id": 493,
  "firstname": "Andy",
  "transfersoutevent": 0,
  "maxcost": 7.5,
  "eventexplain": [],
  "selected": 10785,
  "mincost": 7.5,
  "totalpoints": 94,
  "typename": "Forward",
  "teamname": "West Ham",
  "status": "d",
  "added": "2013-07-15T13:21:18 UTC+0000",
  "form": 0,
  "currentfixture": "",
  "pointspergame": 0,
  "transfersin": 0,
  "news": "Foot injury - 50% chance of playing",
  "originalcost": 7.5,
  "eventpoints": 0,
  "fixturehistory": {
    "all": [],
    "summary": []
  },
  "nextfixture": "Cardiff City (H)",
  "transfersinevent": 0,
  "selectedby": "1.4",
  "teamid": 20,
  "secondname": "Carroll",
  "name": "Carroll",
  "cost": 7.5,
  

"seasonhistory": [
    [
      "2006/07",
      91,
      0,
      0,
      0,
      1,
      0,
      0,
      0,
      0,
      0,
      0,
      0,
      0,
      0,
      39,
      4
    ],
    [
      "2007/08",
      141,
      0,
      1,
      0,
      5,
      0,
      0,
      0,
      0,
      0,
      0,
      0,
      0,
      0,
      38,
      6
    ],
    [
      "2008/09",
      534,
      3,
      1,
      0,
      11,
      0,
      0,
      0,
      2,
      0,
      0,
      1,
      0,
      0,
      48,
      33
    ],
    [
      "2010/11",
      2071,
      13,
      6,
      7,
      34,
      0,
      0,
      0,
      5,
      0,
      0,
      21,
      0,
      0,
      62,
      135
    ],
    [
      "2011/12",
      2074,
      4,
      3,
      8,
      26,
      0,
      0,
      0,
      5,
      0,
      0,
      8,
      174,
      0,
      91,
      84
    ],
    [
      "2012/13",
      1953,
      7,
      5,
      7,
      29,
      0,
      0,
      0,
      6,
      0,
      0,
      9,
      214,
      0,
      83,
      94
    ]
  ]
}