{
  "transfersout": 0,
  "code": 17353,
  "eventtotal": 0,
  "lastseasonpoints": 0,
  "squadnumber": null,
  "transfersbalance": 0,
  "eventcost": 5.5,
  "indreamteam": false,
  "id": 494,
  "firstname": "Ricardo",
  "transfersoutevent": 0,
  "maxcost": 5.5,
  "eventexplain": [],
  "selected": 5698,
  "mincost": 5.5,
  "totalpoints": 68,
  "typename": "Forward",
  "teamname": "West Ham",
  "status": "a",
  "added": "2013-07-15T13:21:18 UTC+0000",
  "form": 0,
  "currentfixture": "",
  "pointspergame": 0,
  "transfersin": 0,
  "news": "",
  "originalcost": 5.5,
  "eventpoints": 0,
  "fixturehistory": {
    "all": [],
    "summary": []
  },
  "nextfixture": "Cardiff City (H)",
  "transfersinevent": 0,
  "selectedby": "0.7",
  "teamid": 20,
  "secondname": "Vaz Te",
  "name": "Vaz Te",
  "cost": 5.5,
  

"seasonhistory": [
    [
      "2006/07",
      661,
      0,
      0,
      0,
      7,
      0,
      0,
      0,
      0,
      0,
      0,
      0,
      0,
      0,
      53,
      27
    ],
    [
      "2007/08",
      45,
      0,
      0,
      0,
      3,
      0,
      0,
      0,
      0,
      0,
      0,
      0,
      0,
      0,
      51,
      1
    ],
    [
      "2008/09",
      35,
      0,
      0,
      0,
      2,
      0,
      0,
      0,
      0,
      0,
      0,
      0,
      0,
      0,
      47,
      2
    ],
    [
      "2009/10",
      0,
      0,
      0,
      0,
      0,
      0,
      0,
      0,
      0,
      0,
      0,
      0,
      0,
      0,
      42,
      0
    ],
    [
      "2012/13",
      1601,
      3,
      4,
      8,
      22,
      0,
      0,
      0,
      3,
      0,
      0,
      6,
      181,
      0,
      51,
      68
    ]
  ]
}