{
  "transfersout": 0,
  "code": 42954,
  "eventtotal": 0,
  "lastseasonpoints": 0,
  "squadnumber": null,
  "transfersbalance": 0,
  "eventcost": 5,
  "indreamteam": false,
  "id": 495,
  "firstname": "Modibo",
  "transfersoutevent": 0,
  "maxcost": 5,
  "eventexplain": [],
  "selected": 1482,
  "mincost": 5,
  "totalpoints": 30,
  "typename": "Forward",
  "teamname": "West Ham",
  "status": "a",
  "added": "2013-07-15T13:21:18 UTC+0000",
  "form": 0,
  "currentfixture": "",
  "pointspergame": 0,
  "transfersin": 0,
  "news": "",
  "originalcost": 5,
  "eventpoints": 0,
  "fixturehistory": {
    "all": [],
    "summary": []
  },
  "nextfixture": "Cardiff City (H)",
  "transfersinevent": 0,
  "selectedby": "0.2",
  "teamid": 20,
  "secondname": "Maiga",
  "name": "Maiga",
  "cost": 5,
  

"seasonhistory": [
    [
      "2012/13",
      421,
      2,
      2,
      0,
      6,
      0,
      0,
      0,
      2,
      0,
      0,
      0,
      45,
      0,
      50,
      30
    ]
  ]
}