{
  "transfersout": 0,
  "code": 105321,
  "eventtotal": 0,
  "lastseasonpoints": 0,
  "squadnumber": null,
  "transfersbalance": 0,
  "eventcost": 4.5,
  "indreamteam": false,
  "id": 496,
  "firstname": "Robert",
  "transfersoutevent": 0,
  "maxcost": 4.5,
  "eventexplain": [],
  "selected": 1269,
  "mincost": 4.5,
  "totalpoints": 1,
  "typename": "Forward",
  "teamname": "West Ham",
  "status": "a",
  "added": "2013-07-15T13:21:18 UTC+0000",
  "form": 0,
  "currentfixture": "",
  "pointspergame": 0,
  "transfersin": 0,
  "news": "",
  "originalcost": 4.5,
  "eventpoints": 0,
  "fixturehistory": {
    "all": [],
    "summary": []
  },
  "nextfixture": "Cardiff City (H)",
  "transfersinevent": 0,
  "selectedby": "0.2",
  "teamid": 20,
  "secondname": "Hall",
  "name": "Hall",
  "cost": 4.5,
  

"seasonhistory": [
    [
      "2012/13",
      13,
      0,
      0,
      0,
      0,
      0,
      0,
      0,
      0,
      0,
      0,
      0,
      -3,
      0,
      43,
      1
    ]
  ]
}