{
  "transfersout": 0,
  "code": 61366,
  "eventtotal": 0,
  "lastseasonpoints": 0,
  "squadnumber": null,
  "transfersbalance": 0,
  "eventcost": 7,
  "indreamteam": false,
  "id": 497,
  "firstname": "Kevin",
  "transfersoutevent": 0,
  "maxcost": 7,
  "eventexplain": [],
  "selected": 19432,
  "mincost": 7,
  "totalpoints": 0,
  "typename": "Midfielder",
  "teamname": "Chelsea",
  "status": "a",
  "added": "2013-07-18T13:29:02 UTC+0000",
  "form": 0,
  "currentfixture": "",
  "pointspergame": 0,
  "transfersin": 0,
  "news": "",
  "originalcost": 7,
  "eventpoints": 0,
  "fixturehistory": {
    "all": [],
    "summary": []
  },
  "nextfixture": "Hull City (H), Aston Villa (H)",
  "transfersinevent": 0,
  "selectedby": "2.5",
  "teamid": 4,
  "secondname": "De Bruyne",
  "name": "De Bruyne",
  "cost": 7,
  

"seasonhistory": [
    [
      "2012/13",
      0,
      0,
      0,
      0,
      0,
      0,
      0,
      0,
      0,
      0,
      0,
      0,
      0,
      0,
      60,
      0
    ]
  ]
}