{
  "transfersout": 0,
  "code": 49277,
  "eventtotal": 0,
  "lastseasonpoints": 0,
  "squadnumber": null,
  "transfersbalance": 0,
  "eventcost": 6,
  "indreamteam": false,
  "id": 498,
  "firstname": "Leroy",
  "transfersoutevent": 0,
  "maxcost": 6,
  "eventexplain": [],
  "selected": 6805,
  "mincost": 6,
  "totalpoints": 0,
  "typename": "Midfielder",
  "teamname": "Norwich",
  "status": "a",
  "added": "2013-07-18T13:29:02 UTC+0000",
  "form": 0,
  "currentfixture": "",
  "pointspergame": 0,
  "transfersin": 0,
  "news": "",
  "originalcost": 6,
  "eventpoints": 0,
  "fixturehistory": {
    "all": [],
    "summary": []
  },
  "nextfixture": "Everton (H)",
  "transfersinevent": 0,
  "selectedby": "0.9",
  "teamid": 13,
  "secondname": "Fer",
  "name": "Fer",
  "cost": 6,
  

"seasonhistory": []
}