{
  "transfersout": 0,
  "code": 55641,
  "eventtotal": 0,
  "lastseasonpoints": 0,
  "squadnumber": null,
  "transfersbalance": 0,
  "eventcost": 7,
  "indreamteam": false,
  "id": 499,
  "firstname": "Emanuele",
  "transfersoutevent": 0,
  "maxcost": 7,
  "eventexplain": [],
  "selected": 34838,
  "mincost": 7,
  "totalpoints": 0,
  "typename": "Midfielder",
  "teamname": "Sunderland",
  "status": "a",
  "added": "2013-07-18T13:29:02 UTC+0000",
  "form": 0,
  "currentfixture": "",
  "pointspergame": 0,
  "transfersin": 0,
  "news": "",
  "originalcost": 7,
  "eventpoints": 0,
  "fixturehistory": {
    "all": [],
    "summary": []
  },
  "nextfixture": "Fulham (H)",
  "transfersinevent": 0,
  "selectedby": "4.5",
  "teamid": 16,
  "secondname": "Giaccherini",
  "name": "Giaccherini",
  "cost": 7,
  

"seasonhistory": []
}