{
  "transfersout": 0,
  "code": 37748,
  "eventtotal": 0,
  "lastseasonpoints": 0,
  "squadnumber": null,
  "transfersbalance": 0,
  "eventcost": 5.5,
  "indreamteam": false,
  "id": 5,
  "firstname": "Bacary",
  "transfersoutevent": 0,
  "maxcost": 5.5,
  "eventexplain": [],
  "selected": 15357,
  "mincost": 5.5,
  "totalpoints": 83,
  "typename": "Defender",
  "teamname": "Arsenal",
  "status": "a",
  "added": "2013-07-15T13:21:12 UTC+0000",
  "form": 0,
  "currentfixture": "",
  "pointspergame": 0,
  "transfersin": 0,
  "news": "",
  "originalcost": 5.5,
  "eventpoints": 0,
  "fixturehistory": {
    "all": [],
    "summary": []
  },
  "nextfixture": "Aston Villa (H)",
  "transfersinevent": 0,
  "selectedby": "2.0",
  "teamid": 1,
  "secondname": "Sagna",
  "name": "Sagna",
  "cost": 5.5,
  

"seasonhistory": [
    [
      "2007/08",
      2458,
      1,
      4,
      0,
      21,
      0,
      0,
      0,
      3,
      0,
      0,
      3,
      0,
      0,
      58,
      115
    ],
    [
      "2008/09",
      2933,
      0,
      1,
      0,
      31,
      0,
      0,
      0,
      4,
      0,
      0,
      0,
      0,
      0,
      64,
      114
    ],
    [
      "2009/10",
      2760,
      0,
      5,
      0,
      36,
      0,
      0,
      0,
      3,
      0,
      0,
      0,
      0,
      0,
      62,
      105
    ],
    [
      "2010/11",
      2969,
      1,
      3,
      12,
      39,
      0,
      0,
      0,
      3,
      1,
      0,
      1,
      0,
      0,
      63,
      111
    ],
    [
      "2011/12",
      1697,
      1,
      2,
      9,
      17,
      0,
      0,
      0,
      2,
      0,
      0,
      7,
      282,
      0,
      61,
      86
    ],
    [
      "2012/13",
      2239,
      0,
      0,
      9,
      26,
      0,
      0,
      0,
      2,
      0,
      0,
      7,
      376,
      0,
      48,
      83
    ]
  ]
}