{
  "transfersout": 0,
  "code": 27450,
  "eventtotal": 0,
  "lastseasonpoints": 0,
  "squadnumber": null,
  "transfersbalance": 0,
  "eventcost": 7,
  "indreamteam": false,
  "id": 50,
  "firstname": "Gabriel",
  "transfersoutevent": 0,
  "maxcost": 7,
  "eventexplain": [],
  "selected": 11504,
  "mincost": 7,
  "totalpoints": 117,
  "typename": "Forward",
  "teamname": "Aston Villa",
  "status": "a",
  "added": "2013-07-15T13:21:12 UTC+0000",
  "form": 0,
  "currentfixture": "",
  "pointspergame": 0,
  "transfersin": 0,
  "news": "",
  "originalcost": 7,
  "eventpoints": 0,
  "fixturehistory": {
    "all": [],
    "summary": []
  },
  "nextfixture": "Arsenal (A), Chelsea (A)",
  "transfersinevent": 0,
  "selectedby": "1.5",
  "teamid": 2,
  "secondname": "Agbonlahor",
  "name": "Agbonlahor",
  "cost": 7,
  

"seasonhistory": [
    [
      "2006/07",
      3325,
      9,
      6,
      0,
      39,
      0,
      0,
      0,
      2,
      0,
      0,
      17,
      0,
      0,
      65,
      144
    ],
    [
      "2007/08",
      3278,
      11,
      8,
      0,
      47,
      0,
      0,
      0,
      4,
      0,
      0,
      21,
      0,
      0,
      73,
      158
    ],
    [
      "2008/09",
      3123,
      11,
      9,
      0,
      40,
      0,
      0,
      0,
      4,
      0,
      0,
      9,
      0,
      0,
      85,
      146
    ],
    [
      "2009/10",
      3076,
      13,
      5,
      0,
      32,
      0,
      0,
      0,
      3,
      0,
      0,
      11,
      0,
      0,
      83,
      146
    ],
    [
      "2010/11",
      1603,
      3,
      1,
      4,
      26,
      0,
      0,
      0,
      3,
      0,
      0,
      0,
      0,
      0,
      81,
      55
    ],
    [
      "2011/12",
      2763,
      5,
      7,
      8,
      42,
      0,
      0,
      0,
      6,
      0,
      0,
      15,
      347,
      0,
      65,
      112
    ],
    [
      "2012/13",
      2188,
      9,
      6,
      5,
      36,
      0,
      0,
      0,
      4,
      0,
      0,
      16,
      327,
      0,
      69,
      117
    ]
  ]
}