{
  "transfersout": 0,
  "code": 15274,
  "eventtotal": 0,
  "lastseasonpoints": 0,
  "squadnumber": null,
  "transfersbalance": 0,
  "eventcost": 4.5,
  "indreamteam": false,
  "id": 501,
  "firstname": "Patrick",
  "transfersoutevent": 0,
  "maxcost": 4.5,
  "eventexplain": [],
  "selected": 2488,
  "mincost": 4.5,
  "totalpoints": 0,
  "typename": "Defender",
  "teamname": "Crystal Palace",
  "status": "a",
  "added": "2013-07-22T10:57:20 UTC+0000",
  "form": 0,
  "currentfixture": "",
  "pointspergame": 0,
  "transfersin": 0,
  "news": "",
  "originalcost": 4.5,
  "eventpoints": 0,
  "fixturehistory": {
    "all": [],
    "summary": []
  },
  "nextfixture": "Tottenham (H)",
  "transfersinevent": 0,
  "selectedby": "0.3",
  "teamid": 5,
  "secondname": "McCarthy",
  "name": "McCarthy",
  "cost": 4.5,
  

"seasonhistory": []
}