{
  "transfersout": 0,
  "code": 50442,
  "eventtotal": 0,
  "lastseasonpoints": 0,
  "squadnumber": null,
  "transfersbalance": 0,
  "eventcost": 9.5,
  "indreamteam": false,
  "id": 503,
  "firstname": "Stevan",
  "transfersoutevent": 0,
  "maxcost": 9.5,
  "eventexplain": [],
  "selected": 17834,
  "mincost": 9.5,
  "totalpoints": 0,
  "typename": "Forward",
  "teamname": "Man City",
  "status": "a",
  "added": "2013-07-22T10:57:20 UTC+0000",
  "form": 0,
  "currentfixture": "",
  "pointspergame": 0,
  "transfersin": 0,
  "news": "",
  "originalcost": 9.5,
  "eventpoints": 0,
  "fixturehistory": {
    "all": [],
    "summary": []
  },
  "nextfixture": "Newcastle (H)",
  "transfersinevent": 0,
  "selectedby": "2.3",
  "teamid": 10,
  "secondname": "Jovetic",
  "name": "Jovetic",
  "cost": 9.5,
  

"seasonhistory": []
}