{
  "transfersout": 0,
  "code": 86989,
  "eventtotal": 0,
  "lastseasonpoints": 0,
  "squadnumber": null,
  "transfersbalance": 0,
  "eventcost": 4.5,
  "indreamteam": false,
  "id": 505,
  "firstname": "José Alberto",
  "transfersoutevent": 0,
  "maxcost": 4.5,
  "eventexplain": [],
  "selected": 5538,
  "mincost": 4.5,
  "totalpoints": 0,
  "typename": "Midfielder",
  "teamname": "Swansea",
  "status": "a",
  "added": "2013-07-22T10:57:20 UTC+0000",
  "form": 0,
  "currentfixture": "",
  "pointspergame": 0,
  "transfersin": 0,
  "news": "",
  "originalcost": 4.5,
  "eventpoints": 0,
  "fixturehistory": {
    "all": [],
    "summary": []
  },
  "nextfixture": "Man Utd (H)",
  "transfersinevent": 0,
  "selectedby": "0.7",
  "teamid": 17,
  "secondname": "Cañas Ruiz Herrera",
  "name": "José Cañas",
  "cost": 4.5,
  

"seasonhistory": []
}