{
  "transfersout": 0,
  "code": 1881,
  "eventtotal": 0,
  "lastseasonpoints": 0,
  "squadnumber": null,
  "transfersbalance": 0,
  "eventcost": 4,
  "indreamteam": false,
  "id": 506,
  "firstname": "Steve",
  "transfersoutevent": 0,
  "maxcost": 4,
  "eventexplain": [],
  "selected": 20561,
  "mincost": 4,
  "totalpoints": 0,
  "typename": "Goalkeeper",
  "teamname": "Hull City",
  "status": "a",
  "added": "2013-07-24T14:54:07 UTC+0000",
  "form": 0,
  "currentfixture": "",
  "pointspergame": 0,
  "transfersin": 0,
  "news": "",
  "originalcost": 4,
  "eventpoints": 0,
  "fixturehistory": {
    "all": [],
    "summary": []
  },
  "nextfixture": "Chelsea (A)",
  "transfersinevent": 0,
  "selectedby": "2.6",
  "teamid": 8,
  "secondname": "Harper",
  "name": "Harper",
  "cost": 4,
  

"seasonhistory": [
    [
      "2006/07",
      1445,
      0,
      0,
      0,
      18,
      0,
      0,
      0,
      0,
      0,
      54,
      0,
      0,
      0,
      40,
      56
    ],
    [
      "2007/08",
      1792,
      0,
      0,
      0,
      28,
      0,
      0,
      0,
      0,
      0,
      75,
      0,
      0,
      0,
      41,
      73
    ],
    [
      "2008/09",
      1440,
      0,
      0,
      0,
      22,
      0,
      0,
      0,
      0,
      0,
      61,
      0,
      0,
      0,
      42,
      49
    ],
    [
      "2010/11",
      1564,
      0,
      0,
      5,
      22,
      0,
      0,
      0,
      0,
      0,
      47,
      0,
      0,
      0,
      43,
      57
    ],
    [
      "2011/12",
      0,
      0,
      0,
      0,
      0,
      0,
      0,
      0,
      0,
      0,
      0,
      0,
      0,
      0,
      44,
      0
    ],
    [
      "2012/13",
      459,
      0,
      0,
      1,
      8,
      0,
      0,
      0,
      0,
      0,
      14,
      0,
      52,
      0,
      45,
      15
    ]
  ]
}