{
  "transfersout": 0,
  "code": 6994,
  "eventtotal": 0,
  "lastseasonpoints": 0,
  "squadnumber": null,
  "transfersbalance": 0,
  "eventcost": 4.5,
  "indreamteam": false,
  "id": 508,
  "firstname": "Giorgos",
  "transfersoutevent": 0,
  "maxcost": 4.5,
  "eventexplain": [],
  "selected": 4165,
  "mincost": 4.5,
  "totalpoints": 0,
  "typename": "Midfielder",
  "teamname": "Fulham",
  "status": "a",
  "added": "2013-07-24T14:54:07 UTC+0000",
  "form": 0,
  "currentfixture": "",
  "pointspergame": 0,
  "transfersin": 0,
  "news": "",
  "originalcost": 4.5,
  "eventpoints": 0,
  "fixturehistory": {
    "all": [],
    "summary": []
  },
  "nextfixture": "Sunderland (A)",
  "transfersinevent": 0,
  "selectedby": "0.5",
  "teamid": 7,
  "secondname": "Karagounis",
  "name": "Karagounis",
  "cost": 4.5,
  

"seasonhistory": [
    [
      "2012/13",
      1539,
      1,
      0,
      4,
      27,
      0,
      0,
      0,
      3,
      0,
      0,
      2,
      141,
      0,
      47,
      51
    ]
  ]
}