{
  "transfersout": 0,
  "code": 1972,
  "eventtotal": 0,
  "lastseasonpoints": 0,
  "squadnumber": null,
  "transfersbalance": 0,
  "eventcost": 4.5,
  "indreamteam": false,
  "id": 509,
  "firstname": "Kevin",
  "transfersoutevent": 0,
  "maxcost": 4.5,
  "eventexplain": [],
  "selected": 11350,
  "mincost": 4.5,
  "totalpoints": 0,
  "typename": "Forward",
  "teamname": "Crystal Palace",
  "status": "a",
  "added": "2013-07-24T14:54:07 UTC+0000",
  "form": 0,
  "currentfixture": "",
  "pointspergame": 0,
  "transfersin": 0,
  "news": "",
  "originalcost": 4.5,
  "eventpoints": 0,
  "fixturehistory": {
    "all": [],
    "summary": []
  },
  "nextfixture": "Tottenham (H)",
  "transfersinevent": 0,
  "selectedby": "1.5",
  "teamid": 5,
  "secondname": "Phillips",
  "name": "Phillips",
  "cost": 4.5,
  

"seasonhistory": [
    [
      "2006/07",
      0,
      0,
      0,
      0,
      0,
      0,
      0,
      0,
      0,
      0,
      0,
      0,
      0,
      0,
      75,
      0
    ],
    [
      "2008/09",
      0,
      0,
      0,
      0,
      0,
      0,
      0,
      0,
      0,
      0,
      0,
      0,
      0,
      0,
      55,
      0
    ],
    [
      "2009/10",
      434,
      4,
      0,
      0,
      8,
      0,
      0,
      0,
      0,
      0,
      0,
      2,
      0,
      0,
      43,
      38
    ],
    [
      "2010/11",
      493,
      1,
      1,
      1,
      7,
      0,
      0,
      0,
      0,
      0,
      0,
      0,
      0,
      0,
      41,
      25
    ]
  ]
}