{
  "transfersout": 0,
  "code": 80979,
  "eventtotal": 0,
  "lastseasonpoints": 0,
  "squadnumber": null,
  "transfersbalance": 0,
  "eventcost": 6,
  "indreamteam": false,
  "id": 51,
  "firstname": "Andreas",
  "transfersoutevent": 0,
  "maxcost": 6,
  "eventexplain": [],
  "selected": 22344,
  "mincost": 6,
  "totalpoints": 105,
  "typename": "Forward",
  "teamname": "Aston Villa",
  "status": "a",
  "added": "2013-07-15T13:21:12 UTC+0000",
  "form": 0,
  "currentfixture": "",
  "pointspergame": 0,
  "transfersin": 0,
  "news": "",
  "originalcost": 6,
  "eventpoints": 0,
  "fixturehistory": {
    "all": [],
    "summary": []
  },
  "nextfixture": "Arsenal (A), Chelsea (A)",
  "transfersinevent": 0,
  "selectedby": "2.9",
  "teamid": 2,
  "secondname": "Weimann",
  "name": "Weimann",
  "cost": 6,
  

"seasonhistory": [
    [
      "2010/11",
      5,
      0,
      0,
      0,
      0,
      0,
      0,
      0,
      0,
      0,
      0,
      0,
      0,
      0,
      50,
      1
    ],
    [
      "2011/12",
      540,
      2,
      0,
      1,
      12,
      0,
      0,
      0,
      0,
      0,
      0,
      4,
      57,
      0,
      50,
      31
    ],
    [
      "2012/13",
      2243,
      7,
      4,
      5,
      43,
      0,
      0,
      0,
      4,
      0,
      0,
      13,
      337,
      0,
      51,
      105
    ]
  ]
}