{
  "transfersout": 0,
  "code": 105666,
  "eventtotal": 0,
  "lastseasonpoints": 0,
  "squadnumber": null,
  "transfersbalance": 0,
  "eventcost": 5,
  "indreamteam": false,
  "id": 511,
  "firstname": "Jack",
  "transfersoutevent": 0,
  "maxcost": 5,
  "eventexplain": [],
  "selected": 2507,
  "mincost": 5,
  "totalpoints": 0,
  "typename": "Goalkeeper",
  "teamname": "Stoke City",
  "status": "a",
  "added": "2013-07-24T14:54:07 UTC+0000",
  "form": 0,
  "currentfixture": "",
  "pointspergame": 0,
  "transfersin": 0,
  "news": "",
  "originalcost": 5,
  "eventpoints": 0,
  "fixturehistory": {
    "all": [],
    "summary": []
  },
  "nextfixture": "Liverpool (A)",
  "transfersinevent": 0,
  "selectedby": "0.3",
  "teamid": 15,
  "secondname": "Butland",
  "name": "Butland",
  "cost": 5,
  

"seasonhistory": []
}