{
  "transfersout": 0,
  "code": 17955,
  "eventtotal": 0,
  "lastseasonpoints": 0,
  "squadnumber": null,
  "transfersbalance": 0,
  "eventcost": 4.5,
  "indreamteam": false,
  "id": 512,
  "firstname": "Stephen",
  "transfersoutevent": 0,
  "maxcost": 4.5,
  "eventexplain": [],
  "selected": 2891,
  "mincost": 4.5,
  "totalpoints": 0,
  "typename": "Forward",
  "teamname": "Crystal Palace",
  "status": "a",
  "added": "2013-07-24T14:54:07 UTC+0000",
  "form": 0,
  "currentfixture": "",
  "pointspergame": 0,
  "transfersin": 0,
  "news": "",
  "originalcost": 4.5,
  "eventpoints": 0,
  "fixturehistory": {
    "all": [],
    "summary": []
  },
  "nextfixture": "Tottenham (H)",
  "transfersinevent": 0,
  "selectedby": "0.4",
  "teamid": 5,
  "secondname": "Dobbie",
  "name": "Dobbie",
  "cost": 4.5,
  

"seasonhistory": [
    [
      "2011/12",
      262,
      0,
      0,
      0,
      5,
      0,
      0,
      0,
      0,
      0,
      0,
      0,
      5,
      0,
      45,
      10
    ],
    [
      "2012/13",
      0,
      0,
      0,
      0,
      0,
      0,
      0,
      0,
      0,
      0,
      0,
      0,
      0,
      0,
      43,
      0
    ]
  ]
}