{
  "transfersout": 0,
  "code": 84482,
  "eventtotal": 0,
  "lastseasonpoints": 0,
  "squadnumber": null,
  "transfersbalance": 0,
  "eventcost": 5,
  "indreamteam": false,
  "id": 513,
  "firstname": "Tomas",
  "transfersoutevent": 0,
  "maxcost": 5,
  "eventexplain": [],
  "selected": 174,
  "mincost": 5,
  "totalpoints": 0,
  "typename": "Defender",
  "teamname": "Chelsea",
  "status": "a",
  "added": "2013-07-29T09:58:54 UTC+0000",
  "form": 0,
  "currentfixture": "",
  "pointspergame": 0,
  "transfersin": 0,
  "news": "",
  "originalcost": 5,
  "eventpoints": 0,
  "fixturehistory": {
    "all": [],
    "summary": []
  },
  "nextfixture": "Hull City (H), Aston Villa (H)",
  "transfersinevent": 0,
  "selectedby": "0.0",
  "teamid": 4,
  "secondname": "Kalas",
  "name": "Kalas",
  "cost": 5,
  

"seasonhistory": []
}