{
  "transfersout": 0,
  "code": 28221,
  "eventtotal": 0,
  "lastseasonpoints": 0,
  "squadnumber": null,
  "transfersbalance": 0,
  "eventcost": 6.5,
  "indreamteam": false,
  "id": 515,
  "firstname": "Gary",
  "transfersoutevent": 0,
  "maxcost": 6.5,
  "eventexplain": [],
  "selected": 13192,
  "mincost": 6.5,
  "totalpoints": 0,
  "typename": "Forward",
  "teamname": "Norwich",
  "status": "a",
  "added": "2013-07-29T09:58:54 UTC+0000",
  "form": 0,
  "currentfixture": "",
  "pointspergame": 0,
  "transfersin": 0,
  "news": "",
  "originalcost": 6.5,
  "eventpoints": 0,
  "fixturehistory": {
    "all": [],
    "summary": []
  },
  "nextfixture": "Everton (H)",
  "transfersinevent": 0,
  "selectedby": "1.7",
  "teamid": 13,
  "secondname": "Hooper",
  "name": "Hooper",
  "cost": 6.5,
  

"seasonhistory": []
}