{
  "transfersout": 0,
  "code": 56206,
  "eventtotal": 0,
  "lastseasonpoints": 0,
  "squadnumber": null,
  "transfersbalance": 0,
  "eventcost": 4.5,
  "indreamteam": false,
  "id": 52,
  "firstname": "Jordan",
  "transfersoutevent": 0,
  "maxcost": 4.5,
  "eventexplain": [],
  "selected": 2957,
  "mincost": 4.5,
  "totalpoints": 13,
  "typename": "Forward",
  "teamname": "Aston Villa",
  "status": "a",
  "added": "2013-07-15T13:21:12 UTC+0000",
  "form": 0,
  "currentfixture": "",
  "pointspergame": 0,
  "transfersin": 0,
  "news": "",
  "originalcost": 4.5,
  "eventpoints": 0,
  "fixturehistory": {
    "all": [],
    "summary": []
  },
  "nextfixture": "Arsenal (A), Chelsea (A)",
  "transfersinevent": 0,
  "selectedby": "0.4",
  "teamid": 2,
  "secondname": "Bowery",
  "name": "Bowery",
  "cost": 4.5,
  

"seasonhistory": [
    [
      "2012/13",
      302,
      0,
      0,
      1,
      5,
      0,
      0,
      0,
      0,
      0,
      0,
      0,
      39,
      0,
      45,
      13
    ]
  ]
}