{
  "transfersout": 0,
  "code": 54861,
  "eventtotal": 0,
  "lastseasonpoints": 0,
  "squadnumber": null,
  "transfersbalance": 0,
  "eventcost": 9,
  "indreamteam": false,
  "id": 53,
  "firstname": "Christian",
  "transfersoutevent": 0,
  "maxcost": 9,
  "eventexplain": [],
  "selected": 169931,
  "mincost": 9,
  "totalpoints": 166,
  "typename": "Forward",
  "teamname": "Aston Villa",
  "status": "a",
  "added": "2013-07-15T13:21:13 UTC+0000",
  "form": 0,
  "currentfixture": "",
  "pointspergame": 0,
  "transfersin": 0,
  "news": "",
  "originalcost": 9,
  "eventpoints": 0,
  "fixturehistory": {
    "all": [],
    "summary": []
  },
  "nextfixture": "Arsenal (A), Chelsea (A)",
  "transfersinevent": 0,
  "selectedby": "21.9",
  "teamid": 2,
  "secondname": "Benteke",
  "name": "Benteke",
  "cost": 9,
  

"seasonhistory": [
    [
      "2012/13",
      2818,
      19,
      4,
      5,
      61,
      0,
      0,
      0,
      7,
      1,
      0,
      23,
      466,
      0,
      74,
      166
    ]
  ]
}