{
  "transfersout": 0,
  "code": 83572,
  "eventtotal": 0,
  "lastseasonpoints": 0,
  "squadnumber": null,
  "transfersbalance": 0,
  "eventcost": 5.5,
  "indreamteam": false,
  "id": 54,
  "firstname": "Nicklas",
  "transfersoutevent": 0,
  "maxcost": 5.5,
  "eventexplain": [],
  "selected": 3119,
  "mincost": 5.5,
  "totalpoints": 0,
  "typename": "Forward",
  "teamname": "Aston Villa",
  "status": "a",
  "added": "2013-07-15T13:21:13 UTC+0000",
  "form": 0,
  "currentfixture": "",
  "pointspergame": 0,
  "transfersin": 0,
  "news": "",
  "originalcost": 5.5,
  "eventpoints": 0,
  "fixturehistory": {
    "all": [],
    "summary": []
  },
  "nextfixture": "Arsenal (A), Chelsea (A)",
  "transfersinevent": 0,
  "selectedby": "0.4",
  "teamid": 2,
  "secondname": "Helenius",
  "name": "Helenius",
  "cost": 5.5,
  

"seasonhistory": []
}