{
  "transfersout": 0,
  "code": 19686,
  "eventtotal": 0,
  "lastseasonpoints": 0,
  "squadnumber": null,
  "transfersbalance": 0,
  "eventcost": 4,
  "indreamteam": false,
  "id": 56,
  "firstname": "Joe",
  "transfersoutevent": 0,
  "maxcost": 4,
  "eventexplain": [],
  "selected": 15187,
  "mincost": 4,
  "totalpoints": 0,
  "typename": "Goalkeeper",
  "teamname": "Cardiff City",
  "status": "a",
  "added": "2013-07-15T13:21:13 UTC+0000",
  "form": 0,
  "currentfixture": "",
  "pointspergame": 0,
  "transfersin": 0,
  "news": "",
  "originalcost": 4,
  "eventpoints": 0,
  "fixturehistory": {
    "all": [],
    "summary": []
  },
  "nextfixture": "West Ham (A)",
  "transfersinevent": 0,
  "selectedby": "2.0",
  "teamid": 3,
  "secondname": "Lewis",
  "name": "Lewis",
  "cost": 4,
  

"seasonhistory": []
}