{
  "transfersout": 0,
  "code": 18145,
  "eventtotal": 0,
  "lastseasonpoints": 0,
  "squadnumber": null,
  "transfersbalance": 0,
  "eventcost": 4.5,
  "indreamteam": false,
  "id": 58,
  "firstname": "Andrew",
  "transfersoutevent": 0,
  "maxcost": 4.5,
  "eventexplain": [],
  "selected": 5440,
  "mincost": 4.5,
  "totalpoints": 0,
  "typename": "Defender",
  "teamname": "Cardiff City",
  "status": "a",
  "added": "2013-07-15T13:21:13 UTC+0000",
  "form": 0,
  "currentfixture": "",
  "pointspergame": 0,
  "transfersin": 0,
  "news": "",
  "originalcost": 4.5,
  "eventpoints": 0,
  "fixturehistory": {
    "all": [],
    "summary": []
  },
  "nextfixture": "West Ham (A)",
  "transfersinevent": 0,
  "selectedby": "0.7",
  "teamid": 3,
  "secondname": "Taylor",
  "name": "Taylor",
  "cost": 4.5,
  

"seasonhistory": [
    [
      "2006/07",
      2966,
      0,
      0,
      0,
      40,
      0,
      0,
      0,
      3,
      0,
      0,
      0,
      0,
      0,
      41,
      83
    ],
    [
      "2007/08",
      1557,
      0,
      1,
      0,
      31,
      0,
      0,
      0,
      1,
      0,
      0,
      0,
      0,
      0,
      41,
      35
    ],
    [
      "2008/09",
      1941,
      0,
      0,
      0,
      32,
      0,
      0,
      0,
      3,
      0,
      0,
      0,
      0,
      0,
      43,
      50
    ]
  ]
}