{
  "transfersout": 0,
  "code": 42427,
  "eventtotal": 0,
  "lastseasonpoints": 0,
  "squadnumber": null,
  "transfersbalance": 0,
  "eventcost": 5.5,
  "indreamteam": false,
  "id": 6,
  "firstname": "Kieran",
  "transfersoutevent": 0,
  "maxcost": 5.5,
  "eventexplain": [],
  "selected": 24700,
  "mincost": 5.5,
  "totalpoints": 93,
  "typename": "Defender",
  "teamname": "Arsenal",
  "status": "a",
  "added": "2013-07-15T13:21:12 UTC+0000",
  "form": 0,
  "currentfixture": "",
  "pointspergame": 0,
  "transfersin": 0,
  "news": "",
  "originalcost": 5.5,
  "eventpoints": 0,
  "fixturehistory": {
    "all": [],
    "summary": []
  },
  "nextfixture": "Aston Villa (H)",
  "transfersinevent": 0,
  "selectedby": "3.2",
  "teamid": 1,
  "secondname": "Gibbs",
  "name": "Gibbs",
  "cost": 5.5,
  

"seasonhistory": [
    [
      "2006/07",
      0,
      0,
      0,
      0,
      0,
      0,
      0,
      0,
      0,
      0,
      0,
      0,
      0,
      0,
      40,
      0
    ],
    [
      "2007/08",
      0,
      0,
      0,
      0,
      0,
      0,
      0,
      0,
      0,
      0,
      0,
      0,
      0,
      0,
      50,
      0
    ],
    [
      "2008/09",
      535,
      0,
      0,
      0,
      10,
      0,
      0,
      0,
      1,
      0,
      0,
      2,
      0,
      0,
      49,
      17
    ],
    [
      "2009/10",
      270,
      0,
      0,
      0,
      3,
      0,
      0,
      0,
      1,
      0,
      0,
      0,
      0,
      0,
      43,
      5
    ],
    [
      "2010/11",
      348,
      0,
      0,
      0,
      8,
      0,
      0,
      0,
      1,
      0,
      0,
      0,
      0,
      0,
      52,
      7
    ],
    [
      "2011/12",
      1249,
      1,
      0,
      6,
      13,
      0,
      0,
      0,
      1,
      0,
      0,
      7,
      209,
      0,
      51,
      61
    ],
    [
      "2012/13",
      2103,
      0,
      5,
      8,
      23,
      0,
      0,
      0,
      2,
      0,
      0,
      5,
      324,
      0,
      53,
      93
    ]
  ]
}