{
  "transfersout": 0,
  "code": 77877,
  "eventtotal": 0,
  "lastseasonpoints": 0,
  "squadnumber": null,
  "transfersbalance": 0,
  "eventcost": 5,
  "indreamteam": false,
  "id": 66,
  "firstname": "Bo-Kyung",
  "transfersoutevent": 0,
  "maxcost": 5,
  "eventexplain": [],
  "selected": 4329,
  "mincost": 5,
  "totalpoints": 0,
  "typename": "Midfielder",
  "teamname": "Cardiff City",
  "status": "a",
  "added": "2013-07-15T13:21:13 UTC+0000",
  "form": 0,
  "currentfixture": "",
  "pointspergame": 0,
  "transfersin": 0,
  "news": "",
  "originalcost": 5,
  "eventpoints": 0,
  "fixturehistory": {
    "all": [],
    "summary": []
  },
  "nextfixture": "West Ham (A)",
  "transfersinevent": 0,
  "selectedby": "0.6",
  "teamid": 3,
  "secondname": "Kim",
  "name": "Kim",
  "cost": 5,
  

"seasonhistory": []
}