{
  "transfersout": 0,
  "code": 49845,
  "eventtotal": 0,
  "lastseasonpoints": 0,
  "squadnumber": null,
  "transfersbalance": 0,
  "eventcost": 5,
  "indreamteam": false,
  "id": 68,
  "firstname": "Aron",
  "transfersoutevent": 0,
  "maxcost": 5,
  "eventexplain": [],
  "selected": 1400,
  "mincost": 5,
  "totalpoints": 0,
  "typename": "Midfielder",
  "teamname": "Cardiff City",
  "status": "d",
  "added": "2013-07-15T13:21:13 UTC+0000",
  "form": 0,
  "currentfixture": "",
  "pointspergame": 0,
  "transfersin": 0,
  "news": "Shoulder Dislocation - 50% chance of playing",
  "originalcost": 5,
  "eventpoints": 0,
  "fixturehistory": {
    "all": [],
    "summary": []
  },
  "nextfixture": "West Ham (A)",
  "transfersinevent": 0,
  "selectedby": "0.2",
  "teamid": 3,
  "secondname": "Gunnarsson",
  "name": "Gunnarsson",
  "cost": 5,
  

"seasonhistory": []
}