{
  "transfersout": 0,
  "code": 80254,
  "eventtotal": 0,
  "lastseasonpoints": 0,
  "squadnumber": null,
  "transfersbalance": 0,
  "eventcost": 4.5,
  "indreamteam": false,
  "id": 7,
  "firstname": "Carl",
  "transfersoutevent": 0,
  "maxcost": 4.5,
  "eventexplain": [],
  "selected": 10102,
  "mincost": 4.5,
  "totalpoints": 51,
  "typename": "Defender",
  "teamname": "Arsenal",
  "status": "a",
  "added": "2013-07-15T13:21:12 UTC+0000",
  "form": 0,
  "currentfixture": "",
  "pointspergame": 0,
  "transfersin": 0,
  "news": "",
  "originalcost": 4.5,
  "eventpoints": 0,
  "fixturehistory": {
    "all": [],
    "summary": []
  },
  "nextfixture": "Aston Villa (H)",
  "transfersinevent": 0,
  "selectedby": "1.3",
  "teamid": 1,
  "secondname": "Jenkinson",
  "name": "Jenkinson",
  "cost": 4.5,
  

"seasonhistory": [
    [
      "2011/12",
      498,
      0,
      1,
      1,
      15,
      0,
      0,
      0,
      0,
      1,
      0,
      0,
      68,
      0,
      54,
      12
    ],
    [
      "2012/13",
      1185,
      0,
      0,
      6,
      11,
      0,
      0,
      0,
      0,
      1,
      0,
      6,
      164,
      0,
      40,
      51
    ]
  ]
}