{
  "transfersout": 0,
  "code": 1231,
  "eventtotal": 0,
  "lastseasonpoints": 0,
  "squadnumber": null,
  "transfersbalance": 0,
  "eventcost": 5.5,
  "indreamteam": false,
  "id": 70,
  "firstname": "Craig",
  "transfersoutevent": 0,
  "maxcost": 5.5,
  "eventexplain": [],
  "selected": 61080,
  "mincost": 5.5,
  "totalpoints": 0,
  "typename": "Midfielder",
  "teamname": "Cardiff City",
  "status": "a",
  "added": "2013-07-15T13:21:13 UTC+0000",
  "form": 0,
  "currentfixture": "",
  "pointspergame": 0,
  "transfersin": 0,
  "news": "",
  "originalcost": 5.5,
  "eventpoints": 0,
  "fixturehistory": {
    "all": [],
    "summary": []
  },
  "nextfixture": "West Ham (A)",
  "transfersinevent": 0,
  "selectedby": "7.9",
  "teamid": 3,
  "secondname": "Bellamy",
  "name": "Bellamy",
  "cost": 5.5,
  

"seasonhistory": [
    [
      "2006/07",
      1909,
      7,
      4,
      0,
      15,
      0,
      0,
      0,
      2,
      0,
      0,
      4,
      0,
      0,
      91,
      90
    ],
    [
      "2007/08",
      527,
      2,
      2,
      0,
      3,
      0,
      0,
      0,
      2,
      0,
      0,
      6,
      0,
      0,
      77,
      31
    ],
    [
      "2008/09",
      1863,
      7,
      1,
      0,
      24,
      0,
      0,
      0,
      6,
      0,
      0,
      13,
      0,
      0,
      63,
      82
    ],
    [
      "2009/10",
      2356,
      10,
      10,
      0,
      37,
      0,
      0,
      0,
      3,
      1,
      0,
      15,
      0,
      0,
      78,
      136
    ],
    [
      "2010/11",
      0,
      0,
      0,
      0,
      0,
      0,
      0,
      0,
      0,
      0,
      0,
      0,
      0,
      0,
      79,
      0
    ],
    [
      "2011/12",
      1249,
      6,
      3,
      5,
      16,
      0,
      0,
      0,
      6,
      0,
      0,
      12,
      247,
      0,
      68,
      78
    ],
    [
      "2012/13",
      0,
      0,
      0,
      0,
      0,
      0,
      0,
      0,
      0,
      0,
      0,
      0,
      0,
      0,
      65,
      0
    ]
  ]
}