{
  "transfersout": 0,
  "code": 2019,
  "eventtotal": 0,
  "lastseasonpoints": 0,
  "squadnumber": null,
  "transfersbalance": 0,
  "eventcost": 4.5,
  "indreamteam": false,
  "id": 71,
  "firstname": "Tommy",
  "transfersoutevent": 0,
  "maxcost": 4.5,
  "eventexplain": [],
  "selected": 3978,
  "mincost": 4.5,
  "totalpoints": 0,
  "typename": "Forward",
  "teamname": "Cardiff City",
  "status": "a",
  "added": "2013-07-15T13:21:13 UTC+0000",
  "form": 0,
  "currentfixture": "",
  "pointspergame": 0,
  "transfersin": 0,
  "news": "",
  "originalcost": 4.5,
  "eventpoints": 0,
  "fixturehistory": {
    "all": [],
    "summary": []
  },
  "nextfixture": "West Ham (A)",
  "transfersinevent": 0,
  "selectedby": "0.5",
  "teamid": 3,
  "secondname": "Smith",
  "name": "Smith",
  "cost": 4.5,
  

"seasonhistory": [
    [
      "2006/07",
      2596,
      1,
      6,
      0,
      45,
      0,
      0,
      0,
      2,
      0,
      0,
      12,
      0,
      0,
      55,
      93
    ],
    [
      "2009/10",
      1021,
      1,
      1,
      0,
      18,
      0,
      0,
      0,
      0,
      0,
      0,
      3,
      0,
      0,
      55,
      36
    ],
    [
      "2011/12",
      552,
      2,
      0,
      1,
      11,
      0,
      0,
      0,
      0,
      0,
      0,
      3,
      78,
      0,
      47,
      32
    ],
    [
      "2012/13",
      0,
      0,
      0,
      0,
      0,
      0,
      0,
      0,
      0,
      0,
      0,
      0,
      0,
      0,
      45,
      0
    ]
  ]
}