{
  "transfersout": 0,
  "code": 20441,
  "eventtotal": 0,
  "lastseasonpoints": 0,
  "squadnumber": null,
  "transfersbalance": 0,
  "eventcost": 4.5,
  "indreamteam": false,
  "id": 74,
  "firstname": "Nicky",
  "transfersoutevent": 0,
  "maxcost": 4.5,
  "eventexplain": [],
  "selected": 8617,
  "mincost": 4.5,
  "totalpoints": 0,
  "typename": "Forward",
  "teamname": "Cardiff City",
  "status": "a",
  "added": "2013-07-15T13:21:13 UTC+0000",
  "form": 0,
  "currentfixture": "",
  "pointspergame": 0,
  "transfersin": 0,
  "news": "",
  "originalcost": 4.5,
  "eventpoints": 0,
  "fixturehistory": {
    "all": [],
    "summary": []
  },
  "nextfixture": "West Ham (A)",
  "transfersinevent": 0,
  "selectedby": "1.1",
  "teamid": 3,
  "secondname": "Maynard",
  "name": "Maynard",
  "cost": 4.5,
  

"seasonhistory": [
    [
      "2012/13",
      0,
      0,
      0,
      0,
      0,
      0,
      0,
      0,
      0,
      0,
      0,
      0,
      0,
      0,
      45,
      0
    ]
  ]
}