{
  "transfersout": 0,
  "code": 28541,
  "eventtotal": 0,
  "lastseasonpoints": 0,
  "squadnumber": null,
  "transfersbalance": 0,
  "eventcost": 5.5,
  "indreamteam": false,
  "id": 75,
  "firstname": "Fraizer",
  "transfersoutevent": 0,
  "maxcost": 5.5,
  "eventexplain": [],
  "selected": 9529,
  "mincost": 5.5,
  "totalpoints": 17,
  "typename": "Forward",
  "teamname": "Cardiff City",
  "status": "a",
  "added": "2013-07-15T13:21:13 UTC+0000",
  "form": 0,
  "currentfixture": "",
  "pointspergame": 0,
  "transfersin": 0,
  "news": "",
  "originalcost": 5.5,
  "eventpoints": 0,
  "fixturehistory": {
    "all": [],
    "summary": []
  },
  "nextfixture": "West Ham (A)",
  "transfersinevent": 0,
  "selectedby": "1.2",
  "teamid": 3,
  "secondname": "Campbell",
  "name": "Campbell",
  "cost": 5.5,
  

"seasonhistory": [
    [
      "2007/08",
      18,
      0,
      0,
      0,
      0,
      0,
      0,
      0,
      0,
      0,
      0,
      0,
      0,
      0,
      55,
      1
    ],
    [
      "2008/09",
      361,
      1,
      1,
      0,
      4,
      0,
      0,
      0,
      2,
      0,
      0,
      0,
      0,
      0,
      47,
      18
    ],
    [
      "2009/10",
      1918,
      4,
      6,
      0,
      28,
      0,
      0,
      0,
      3,
      0,
      0,
      4,
      0,
      0,
      54,
      84
    ],
    [
      "2010/11",
      225,
      0,
      1,
      0,
      3,
      0,
      0,
      0,
      0,
      0,
      0,
      0,
      0,
      0,
      56,
      8
    ],
    [
      "2011/12",
      638,
      1,
      2,
      2,
      9,
      0,
      0,
      0,
      3,
      0,
      0,
      3,
      73,
      0,
      56,
      29
    ],
    [
      "2012/13",
      264,
      1,
      0,
      1,
      2,
      0,
      0,
      0,
      0,
      0,
      0,
      0,
      33,
      0,
      49,
      17
    ]
  ]
}