{
  "transfersout": 0,
  "code": 114517,
  "eventtotal": 0,
  "lastseasonpoints": 0,
  "squadnumber": null,
  "transfersbalance": 0,
  "eventcost": 5.5,
  "indreamteam": false,
  "id": 76,
  "firstname": "Andreas",
  "transfersoutevent": 0,
  "maxcost": 5.5,
  "eventexplain": [],
  "selected": 13424,
  "mincost": 5.5,
  "totalpoints": 0,
  "typename": "Forward",
  "teamname": "Cardiff City",
  "status": "a",
  "added": "2013-07-15T13:21:13 UTC+0000",
  "form": 0,
  "currentfixture": "",
  "pointspergame": 0,
  "transfersin": 0,
  "news": "",
  "originalcost": 5.5,
  "eventpoints": 0,
  "fixturehistory": {
    "all": [],
    "summary": []
  },
  "nextfixture": "West Ham (A)",
  "transfersinevent": 0,
  "selectedby": "1.7",
  "teamid": 3,
  "secondname": "Cornelius",
  "name": "Cornelius",
  "cost": 5.5,
  

"seasonhistory": []
}