{
  "transfersout": 0,
  "code": 11334,
  "eventtotal": 0,
  "lastseasonpoints": 0,
  "squadnumber": null,
  "transfersbalance": 0,
  "eventcost": 6.5,
  "indreamteam": false,
  "id": 77,
  "firstname": "Petr",
  "transfersoutevent": 0,
  "maxcost": 6.5,
  "eventexplain": [],
  "selected": 88298,
  "mincost": 6.5,
  "totalpoints": 144,
  "typename": "Goalkeeper",
  "teamname": "Chelsea",
  "status": "a",
  "added": "2013-07-15T13:21:13 UTC+0000",
  "form": 0,
  "currentfixture": "",
  "pointspergame": 0,
  "transfersin": 0,
  "news": "",
  "originalcost": 6.5,
  "eventpoints": 0,
  "fixturehistory": {
    "all": [],
    "summary": []
  },
  "nextfixture": "Hull City (H), Aston Villa (H)",
  "transfersinevent": 0,
  "selectedby": "11.4",
  "teamid": 4,
  "secondname": "Cech",
  "name": "Cech",
  "cost": 6.5,
  

"seasonhistory": [
    [
      "2006/07",
      1714,
      0,
      0,
      0,
      9,
      0,
      0,
      0,
      1,
      0,
      58,
      1,
      0,
      0,
      64,
      98
    ],
    [
      "2007/08",
      2313,
      0,
      0,
      0,
      17,
      0,
      0,
      0,
      0,
      0,
      60,
      2,
      0,
      0,
      65,
      120
    ],
    [
      "2008/09",
      3150,
      0,
      0,
      0,
      24,
      0,
      1,
      0,
      0,
      0,
      87,
      7,
      0,
      0,
      60,
      171
    ],
    [
      "2009/10",
      3020,
      0,
      1,
      0,
      26,
      1,
      1,
      0,
      0,
      1,
      66,
      0,
      0,
      0,
      62,
      144
    ],
    [
      "2010/11",
      3420,
      0,
      1,
      15,
      33,
      0,
      1,
      0,
      0,
      0,
      98,
      2,
      0,
      0,
      67,
      158
    ],
    [
      "2011/12",
      3060,
      0,
      0,
      10,
      39,
      0,
      0,
      0,
      0,
      0,
      94,
      7,
      399,
      0,
      68,
      127
    ],
    [
      "2012/13",
      3195,
      0,
      0,
      14,
      36,
      0,
      0,
      0,
      2,
      0,
      126,
      2,
      502,
      0,
      64,
      144
    ]
  ]
}