{
  "transfersout": 0,
  "code": 1827,
  "eventtotal": 0,
  "lastseasonpoints": 0,
  "squadnumber": null,
  "transfersbalance": 0,
  "eventcost": 5,
  "indreamteam": false,
  "id": 78,
  "firstname": "Mark",
  "transfersoutevent": 0,
  "maxcost": 5,
  "eventexplain": [],
  "selected": 10756,
  "mincost": 5,
  "totalpoints": 135,
  "typename": "Goalkeeper",
  "teamname": "Chelsea",
  "status": "a",
  "added": "2013-07-15T13:21:13 UTC+0000",
  "form": 0,
  "currentfixture": "",
  "pointspergame": 0,
  "transfersin": 0,
  "news": "",
  "originalcost": 5,
  "eventpoints": 0,
  "fixturehistory": {
    "all": [],
    "summary": []
  },
  "nextfixture": "Hull City (H), Aston Villa (H)",
  "transfersinevent": 0,
  "selectedby": "1.4",
  "teamid": 4,
  "secondname": "Schwarzer",
  "name": "Schwarzer",
  "cost": 5,
  

"seasonhistory": [
    [
      "2006/07",
      3240,
      0,
      0,
      0,
      48,
      0,
      0,
      0,
      1,
      0,
      114,
      0,
      0,
      0,
      48,
      115
    ],
    [
      "2007/08",
      3060,
      0,
      0,
      0,
      47,
      0,
      0,
      0,
      2,
      0,
      97,
      3,
      0,
      0,
      43,
      106
    ],
    [
      "2008/09",
      3420,
      0,
      0,
      0,
      34,
      0,
      1,
      0,
      0,
      0,
      143,
      8,
      0,
      0,
      48,
      175
    ],
    [
      "2009/10",
      3330,
      0,
      0,
      0,
      45,
      0,
      0,
      0,
      0,
      0,
      121,
      3,
      0,
      0,
      53,
      139
    ],
    [
      "2010/11",
      2790,
      0,
      0,
      11,
      37,
      0,
      0,
      0,
      0,
      0,
      93,
      0,
      0,
      0,
      47,
      113
    ],
    [
      "2011/12",
      2700,
      0,
      0,
      10,
      37,
      0,
      0,
      0,
      1,
      0,
      106,
      3,
      340,
      0,
      48,
      116
    ],
    [
      "2012/13",
      3240,
      0,
      0,
      8,
      57,
      0,
      3,
      0,
      0,
      0,
      138,
      2,
      374,
      0,
      51,
      135
    ]
  ]
}