{
  "transfersout": 0,
  "code": 19419,
  "eventtotal": 0,
  "lastseasonpoints": 0,
  "squadnumber": null,
  "transfersbalance": 0,
  "eventcost": 6,
  "indreamteam": false,
  "id": 79,
  "firstname": "Gary",
  "transfersoutevent": 0,
  "maxcost": 6,
  "eventexplain": [],
  "selected": 43740,
  "mincost": 6,
  "totalpoints": 94,
  "typename": "Defender",
  "teamname": "Chelsea",
  "status": "a",
  "added": "2013-07-15T13:21:13 UTC+0000",
  "form": 0,
  "currentfixture": "",
  "pointspergame": 0,
  "transfersin": 0,
  "news": "",
  "originalcost": 6,
  "eventpoints": 0,
  "fixturehistory": {
    "all": [],
    "summary": []
  },
  "nextfixture": "Hull City (H), Aston Villa (H)",
  "transfersinevent": 0,
  "selectedby": "5.6",
  "teamid": 4,
  "secondname": "Cahill",
  "name": "Cahill",
  "cost": 6,
  

"seasonhistory": [
    [
      "2006/07",
      1745,
      0,
      0,
      0,
      26,
      0,
      0,
      0,
      3,
      0,
      0,
      0,
      0,
      0,
      37,
      51
    ],
    [
      "2007/08",
      1193,
      0,
      1,
      0,
      19,
      0,
      0,
      0,
      0,
      0,
      0,
      6,
      0,
      0,
      41,
      50
    ],
    [
      "2008/09",
      2970,
      3,
      4,
      0,
      46,
      0,
      0,
      0,
      1,
      0,
      0,
      19,
      0,
      0,
      47,
      124
    ],
    [
      "2009/10",
      2610,
      5,
      1,
      0,
      55,
      0,
      0,
      0,
      3,
      0,
      0,
      16,
      0,
      0,
      47,
      88
    ],
    [
      "2010/11",
      3213,
      3,
      0,
      5,
      53,
      0,
      0,
      0,
      7,
      1,
      0,
      23,
      0,
      0,
      56,
      105
    ],
    [
      "2011/12",
      2492,
      3,
      0,
      6,
      50,
      0,
      0,
      0,
      4,
      1,
      0,
      11,
      372,
      0,
      54,
      84
    ],
    [
      "2012/13",
      2219,
      2,
      3,
      6,
      32,
      0,
      0,
      0,
      1,
      0,
      0,
      10,
      430,
      0,
      60,
      94
    ]
  ]
}