{
  "transfersout": 0,
  "code": 17127,
  "eventtotal": 0,
  "lastseasonpoints": 0,
  "squadnumber": null,
  "transfersbalance": 0,
  "eventcost": 5.5,
  "indreamteam": false,
  "id": 8,
  "firstname": "Per",
  "transfersoutevent": 0,
  "maxcost": 5.5,
  "eventexplain": [],
  "selected": 200834,
  "mincost": 5.5,
  "totalpoints": 135,
  "typename": "Defender",
  "teamname": "Arsenal",
  "status": "a",
  "added": "2013-07-15T13:21:12 UTC+0000",
  "form": 0,
  "currentfixture": "",
  "pointspergame": 0,
  "transfersin": 0,
  "news": "",
  "originalcost": 5.5,
  "eventpoints": 0,
  "fixturehistory": {
    "all": [],
    "summary": []
  },
  "nextfixture": "Aston Villa (H)",
  "transfersinevent": 0,
  "selectedby": "25.8",
  "teamid": 1,
  "secondname": "Mertesacker",
  "name": "Mertesacker",
  "cost": 5.5,
  

"seasonhistory": [
    [
      "2011/12",
      1826,
      0,
      0,
      6,
      25,
      0,
      0,
      0,
      2,
      0,
      0,
      2,
      227,
      0,
      55,
      59
    ],
    [
      "2012/13",
      3028,
      3,
      0,
      14,
      30,
      0,
      0,
      0,
      3,
      1,
      0,
      8,
      462,
      0,
      55,
      135
    ]
  ]
}