{
  "transfersout": 0,
  "code": 41270,
  "eventtotal": 0,
  "lastseasonpoints": 0,
  "squadnumber": null,
  "transfersbalance": 0,
  "eventcost": 6.5,
  "indreamteam": false,
  "id": 80,
  "firstname": "David",
  "transfersoutevent": 0,
  "maxcost": 6.5,
  "eventexplain": [],
  "selected": 145480,
  "mincost": 6.5,
  "totalpoints": 122,
  "typename": "Defender",
  "teamname": "Chelsea",
  "status": "a",
  "added": "2013-07-15T13:21:13 UTC+0000",
  "form": 0,
  "currentfixture": "",
  "pointspergame": 0,
  "transfersin": 0,
  "news": "",
  "originalcost": 6.5,
  "eventpoints": 0,
  "fixturehistory": {
    "all": [],
    "summary": []
  },
  "nextfixture": "Hull City (H), Aston Villa (H)",
  "transfersinevent": 0,
  "selectedby": "18.7",
  "teamid": 4,
  "secondname": "Luiz",
  "name": "Luiz",
  "cost": 6.5,
  

"seasonhistory": [
    [
      "2010/11",
      953,
      2,
      0,
      4,
      8,
      0,
      0,
      0,
      3,
      0,
      0,
      10,
      0,
      0,
      65,
      56
    ],
    [
      "2011/12",
      1651,
      2,
      2,
      5,
      19,
      0,
      0,
      0,
      5,
      0,
      0,
      3,
      256,
      0,
      62,
      68
    ],
    [
      "2012/13",
      2632,
      2,
      2,
      14,
      23,
      1,
      0,
      0,
      8,
      0,
      0,
      6,
      381,
      0,
      67,
      122
    ]
  ]
}