{
  "transfersout": 0,
  "code": 40146,
  "eventtotal": 0,
  "lastseasonpoints": 0,
  "squadnumber": null,
  "transfersbalance": 0,
  "eventcost": 5,
  "indreamteam": false,
  "id": 81,
  "firstname": "Ryan",
  "transfersoutevent": 0,
  "maxcost": 5,
  "eventexplain": [],
  "selected": 3185,
  "mincost": 5,
  "totalpoints": 47,
  "typename": "Defender",
  "teamname": "Chelsea",
  "status": "a",
  "added": "2013-07-15T13:21:13 UTC+0000",
  "form": 0,
  "currentfixture": "",
  "pointspergame": 0,
  "transfersin": 0,
  "news": "",
  "originalcost": 5,
  "eventpoints": 0,
  "fixturehistory": {
    "all": [],
    "summary": []
  },
  "nextfixture": "Hull City (H), Aston Villa (H)",
  "transfersinevent": 0,
  "selectedby": "0.4",
  "teamid": 4,
  "secondname": "Bertrand",
  "name": "Bertrand",
  "cost": 5,
  

"seasonhistory": [
    [
      "2010/11",
      35,
      0,
      1,
      0,
      1,
      0,
      0,
      0,
      0,
      0,
      0,
      0,
      0,
      0,
      40,
      4
    ],
    [
      "2011/12",
      540,
      0,
      0,
      1,
      9,
      0,
      0,
      0,
      1,
      0,
      0,
      0,
      73,
      0,
      44,
      13
    ],
    [
      "2012/13",
      1286,
      0,
      0,
      5,
      17,
      0,
      0,
      0,
      1,
      0,
      0,
      1,
      166,
      0,
      39,
      47
    ]
  ]
}