{
  "transfersout": 0,
  "code": 1718,
  "eventtotal": 0,
  "lastseasonpoints": 0,
  "squadnumber": null,
  "transfersbalance": 0,
  "eventcost": 6,
  "indreamteam": false,
  "id": 82,
  "firstname": "John",
  "transfersoutevent": 0,
  "maxcost": 6,
  "eventexplain": [],
  "selected": 38345,
  "mincost": 6,
  "totalpoints": 66,
  "typename": "Defender",
  "teamname": "Chelsea",
  "status": "a",
  "added": "2013-07-15T13:21:13 UTC+0000",
  "form": 0,
  "currentfixture": "",
  "pointspergame": 0,
  "transfersin": 0,
  "news": "",
  "originalcost": 6,
  "eventpoints": 0,
  "fixturehistory": {
    "all": [],
    "summary": []
  },
  "nextfixture": "Hull City (H), Aston Villa (H)",
  "transfersinevent": 0,
  "selectedby": "4.9",
  "teamid": 4,
  "secondname": "Terry",
  "name": "Terry",
  "cost": 6,
  

"seasonhistory": [
    [
      "2006/07",
      2414,
      1,
      3,
      0,
      14,
      0,
      0,
      0,
      1,
      1,
      0,
      12,
      0,
      0,
      81,
      139
    ],
    [
      "2007/08",
      1895,
      1,
      1,
      0,
      13,
      0,
      0,
      0,
      6,
      0,
      0,
      7,
      0,
      0,
      75,
      97
    ],
    [
      "2008/09",
      3074,
      1,
      0,
      0,
      21,
      0,
      0,
      0,
      7,
      2,
      0,
      4,
      0,
      0,
      76,
      141
    ],
    [
      "2009/10",
      3258,
      2,
      2,
      0,
      30,
      0,
      0,
      0,
      6,
      1,
      0,
      8,
      0,
      0,
      77,
      150
    ],
    [
      "2010/11",
      2961,
      3,
      2,
      14,
      27,
      0,
      0,
      0,
      6,
      0,
      0,
      0,
      0,
      0,
      74,
      134
    ],
    [
      "2011/12",
      2790,
      6,
      1,
      9,
      36,
      0,
      0,
      0,
      8,
      0,
      0,
      18,
      499,
      0,
      75,
      138
    ],
    [
      "2012/13",
      950,
      4,
      0,
      4,
      10,
      0,
      0,
      0,
      1,
      0,
      0,
      6,
      207,
      0,
      65,
      66
    ]
  ]
}