{
  "transfersout": 0,
  "code": 41135,
  "eventtotal": 0,
  "lastseasonpoints": 0,
  "squadnumber": null,
  "transfersbalance": 0,
  "eventcost": 6.5,
  "indreamteam": false,
  "id": 83,
  "firstname": "Branislav",
  "transfersoutevent": 0,
  "maxcost": 6.5,
  "eventexplain": [],
  "selected": 167082,
  "mincost": 6.5,
  "totalpoints": 143,
  "typename": "Defender",
  "teamname": "Chelsea",
  "status": "a",
  "added": "2013-07-15T13:21:13 UTC+0000",
  "form": 0,
  "currentfixture": "",
  "pointspergame": 0,
  "transfersin": 0,
  "news": "",
  "originalcost": 6.5,
  "eventpoints": 0,
  "fixturehistory": {
    "all": [],
    "summary": []
  },
  "nextfixture": "Hull City (H), Aston Villa (H)",
  "transfersinevent": 0,
  "selectedby": "21.5",
  "teamid": 4,
  "secondname": "Ivanovic",
  "name": "Ivanovic",
  "cost": 6.5,
  

"seasonhistory": [
    [
      "2007/08",
      0,
      0,
      0,
      0,
      0,
      0,
      0,
      0,
      0,
      0,
      0,
      0,
      0,
      0,
      53,
      0
    ],
    [
      "2008/09",
      1101,
      0,
      1,
      0,
      9,
      0,
      0,
      0,
      2,
      0,
      0,
      3,
      0,
      0,
      47,
      55
    ],
    [
      "2009/10",
      2254,
      0,
      6,
      0,
      20,
      0,
      0,
      0,
      6,
      0,
      0,
      2,
      0,
      0,
      58,
      103
    ],
    [
      "2010/11",
      2827,
      4,
      5,
      13,
      27,
      0,
      0,
      0,
      12,
      0,
      0,
      5,
      0,
      0,
      71,
      144
    ],
    [
      "2011/12",
      2265,
      3,
      1,
      4,
      35,
      0,
      0,
      0,
      6,
      0,
      1,
      7,
      334,
      0,
      66,
      80
    ],
    [
      "2012/13",
      2945,
      5,
      1,
      12,
      34,
      0,
      0,
      0,
      4,
      1,
      0,
      12,
      475,
      0,
      69,
      143
    ]
  ]
}