{
  "transfersout": 0,
  "code": 3785,
  "eventtotal": 0,
  "lastseasonpoints": 0,
  "squadnumber": null,
  "transfersbalance": 0,
  "eventcost": 6.5,
  "indreamteam": false,
  "id": 84,
  "firstname": "Ashley",
  "transfersoutevent": 0,
  "maxcost": 6.5,
  "eventexplain": [],
  "selected": 39703,
  "mincost": 6.5,
  "totalpoints": 121,
  "typename": "Defender",
  "teamname": "Chelsea",
  "status": "a",
  "added": "2013-07-15T13:21:13 UTC+0000",
  "form": 0,
  "currentfixture": "",
  "pointspergame": 0,
  "transfersin": 0,
  "news": "",
  "originalcost": 6.5,
  "eventpoints": 0,
  "fixturehistory": {
    "all": [],
    "summary": []
  },
  "nextfixture": "Hull City (H), Aston Villa (H)",
  "transfersinevent": 0,
  "selectedby": "5.1",
  "teamid": 4,
  "secondname": "Cole",
  "name": "Cole",
  "cost": 6.5,
  

"seasonhistory": [
    [
      "2006/07",
      1845,
      0,
      2,
      0,
      15,
      0,
      0,
      0,
      4,
      0,
      0,
      0,
      0,
      0,
      67,
      79
    ],
    [
      "2007/08",
      2413,
      1,
      1,
      0,
      22,
      0,
      0,
      0,
      4,
      1,
      0,
      4,
      0,
      0,
      64,
      109
    ],
    [
      "2008/09",
      2940,
      1,
      2,
      0,
      24,
      0,
      0,
      0,
      5,
      0,
      0,
      10,
      0,
      0,
      67,
      141
    ],
    [
      "2009/10",
      2153,
      4,
      4,
      0,
      17,
      0,
      0,
      0,
      4,
      0,
      0,
      5,
      0,
      0,
      72,
      135
    ],
    [
      "2010/11",
      3385,
      0,
      5,
      15,
      32,
      0,
      0,
      0,
      4,
      0,
      0,
      11,
      0,
      0,
      81,
      150
    ],
    [
      "2011/12",
      2785,
      0,
      6,
      9,
      34,
      0,
      0,
      0,
      7,
      1,
      0,
      12,
      445,
      0,
      71,
      111
    ],
    [
      "2012/13",
      2790,
      1,
      2,
      13,
      30,
      0,
      0,
      0,
      3,
      0,
      0,
      7,
      421,
      0,
      63,
      121
    ]
  ]
}