{
  "transfersout": 0,
  "code": 41328,
  "eventtotal": 0,
  "lastseasonpoints": 0,
  "squadnumber": null,
  "transfersbalance": 0,
  "eventcost": 6,
  "indreamteam": false,
  "id": 85,
  "firstname": "Cesar",
  "transfersoutevent": 0,
  "maxcost": 6,
  "eventexplain": [],
  "selected": 61042,
  "mincost": 6,
  "totalpoints": 100,
  "typename": "Defender",
  "teamname": "Chelsea",
  "status": "a",
  "added": "2013-07-15T13:21:13 UTC+0000",
  "form": 0,
  "currentfixture": "",
  "pointspergame": 0,
  "transfersin": 0,
  "news": "",
  "originalcost": 6,
  "eventpoints": 0,
  "fixturehistory": {
    "all": [],
    "summary": []
  },
  "nextfixture": "Hull City (H), Aston Villa (H)",
  "transfersinevent": 0,
  "selectedby": "7.9",
  "teamid": 4,
  "secondname": "Azpilicueta",
  "name": "Azpilicueta",
  "cost": 6,
  

"seasonhistory": [
    [
      "2012/13",
      2199,
      0,
      6,
      9,
      24,
      1,
      0,
      0,
      4,
      0,
      0,
      8,
      385,
      0,
      56,
      100
    ]
  ]
}